{
  "type": "FeatureCollection",
  "name": "population",
  "features": [
    {
      "type": "Feature",
      "id": "cell-0-0",
      "properties": {
        "population": 6638.554,
        "density": 7758.719,
        "cell_area_sqkm": 0.855625,
        "row": 0,
        "col": 0,
        "source": "WorldPop"
      },
      "geometry": {
        "type": "Polygon",
        "coordinates": [
          [
            [
              73.74166565170003,
              18.6500002614
            ],
            [
              73.74166565170003,
              18.6583335947
            ],
            [
              73.73333231840003,
              18.6583335947
            ],
            [
              73.73333231840003,
              18.6500002614
            ],
            [
              73.74166565170003,
              18.6500002614
            ]
          ]
        ]
      }
    },
    {
      "type": "Feature",
      "id": "cell-0-1",
      "properties": {
        "population": 4872.739,
        "density": 5694.947,
        "cell_area_sqkm": 0.855625,
        "row": 0,
        "col": 1,
        "source": "WorldPop"
      },
      "geometry": {
        "type": "Polygon",
        "coordinates": [
          [
            [
              73.74999898500003,
              18.6500002614
            ],
            [
              73.74999898500003,
              18.6583335947
            ],
            [
              73.74166565170003,
              18.6583335947
            ],
            [
              73.74166565170003,
              18.6500002614
            ],
            [
              73.74999898500003,
              18.6500002614
            ]
          ]
        ]
      }
    },
    {
      "type": "Feature",
      "id": "cell-0-2",
      "properties": {
        "population": 6545.308,
        "density": 7649.739,
        "cell_area_sqkm": 0.855625,
        "row": 0,
        "col": 2,
        "source": "WorldPop"
      },
      "geometry": {
        "type": "Polygon",
        "coordinates": [
          [
            [
              73.75833231830003,
              18.6500002614
            ],
            [
              73.75833231830003,
              18.6583335947
            ],
            [
              73.74999898500003,
              18.6583335947
            ],
            [
              73.74999898500003,
              18.6500002614
            ],
            [
              73.75833231830003,
              18.6500002614
            ]
          ]
        ]
      }
    },
    {
      "type": "Feature",
      "id": "cell-0-3",
      "properties": {
        "population": 10218.849,
        "density": 11943.139,
        "cell_area_sqkm": 0.855625,
        "row": 0,
        "col": 3,
        "source": "WorldPop"
      },
      "geometry": {
        "type": "Polygon",
        "coordinates": [
          [
            [
              73.76666565160004,
              18.6500002614
            ],
            [
              73.76666565160004,
              18.6583335947
            ],
            [
              73.75833231830003,
              18.6583335947
            ],
            [
              73.75833231830003,
              18.6500002614
            ],
            [
              73.76666565160004,
              18.6500002614
            ]
          ]
        ]
      }
    },
    {
      "type": "Feature",
      "id": "cell-0-4",
      "properties": {
        "population": 12802.529,
        "density": 14962.781,
        "cell_area_sqkm": 0.855625,
        "row": 0,
        "col": 4,
        "source": "WorldPop"
      },
      "geometry": {
        "type": "Polygon",
        "coordinates": [
          [
            [
              73.77499898490004,
              18.6500002614
            ],
            [
              73.77499898490004,
              18.6583335947
            ],
            [
              73.76666565160004,
              18.6583335947
            ],
            [
              73.76666565160004,
              18.6500002614
            ],
            [
              73.77499898490004,
              18.6500002614
            ]
          ]
        ]
      }
    },
    {
      "type": "Feature",
      "id": "cell-0-5",
      "properties": {
        "population": 11636.413,
        "density": 13599.899,
        "cell_area_sqkm": 0.855625,
        "row": 0,
        "col": 5,
        "source": "WorldPop"
      },
      "geometry": {
        "type": "Polygon",
        "coordinates": [
          [
            [
              73.78333231820002,
              18.6500002614
            ],
            [
              73.78333231820002,
              18.6583335947
            ],
            [
              73.77499898490004,
              18.6583335947
            ],
            [
              73.77499898490004,
              18.6500002614
            ],
            [
              73.78333231820002,
              18.6500002614
            ]
          ]
        ]
      }
    },
    {
      "type": "Feature",
      "id": "cell-0-6",
      "properties": {
        "population": 7766.961,
        "density": 9077.529,
        "cell_area_sqkm": 0.855625,
        "row": 0,
        "col": 6,
        "source": "WorldPop"
      },
      "geometry": {
        "type": "Polygon",
        "coordinates": [
          [
            [
              73.79166565150003,
              18.6500002614
            ],
            [
              73.79166565150003,
              18.6583335947
            ],
            [
              73.78333231820002,
              18.6583335947
            ],
            [
              73.78333231820002,
              18.6500002614
            ],
            [
              73.79166565150003,
              18.6500002614
            ]
          ]
        ]
      }
    },
    {
      "type": "Feature",
      "id": "cell-0-7",
      "properties": {
        "population": 8977.143,
        "density": 10491.913,
        "cell_area_sqkm": 0.855625,
        "row": 0,
        "col": 7,
        "source": "WorldPop"
      },
      "geometry": {
        "type": "Polygon",
        "coordinates": [
          [
            [
              73.79999898480003,
              18.6500002614
            ],
            [
              73.79999898480003,
              18.6583335947
            ],
            [
              73.79166565150003,
              18.6583335947
            ],
            [
              73.79166565150003,
              18.6500002614
            ],
            [
              73.79999898480003,
              18.6500002614
            ]
          ]
        ]
      }
    },
    {
      "type": "Feature",
      "id": "cell-0-8",
      "properties": {
        "population": 9862.347,
        "density": 11526.483,
        "cell_area_sqkm": 0.855625,
        "row": 0,
        "col": 8,
        "source": "WorldPop"
      },
      "geometry": {
        "type": "Polygon",
        "coordinates": [
          [
            [
              73.80833231810003,
              18.6500002614
            ],
            [
              73.80833231810003,
              18.6583335947
            ],
            [
              73.79999898480003,
              18.6583335947
            ],
            [
              73.79999898480003,
              18.6500002614
            ],
            [
              73.80833231810003,
              18.6500002614
            ]
          ]
        ]
      }
    },
    {
      "type": "Feature",
      "id": "cell-0-9",
      "properties": {
        "population": 7073.193,
        "density": 8266.698,
        "cell_area_sqkm": 0.855625,
        "row": 0,
        "col": 9,
        "source": "WorldPop"
      },
      "geometry": {
        "type": "Polygon",
        "coordinates": [
          [
            [
              73.81666565140003,
              18.6500002614
            ],
            [
              73.81666565140003,
              18.6583335947
            ],
            [
              73.80833231810003,
              18.6583335947
            ],
            [
              73.80833231810003,
              18.6500002614
            ],
            [
              73.81666565140003,
              18.6500002614
            ]
          ]
        ]
      }
    },
    {
      "type": "Feature",
      "id": "cell-0-10",
      "properties": {
        "population": 5060.299,
        "density": 5914.155,
        "cell_area_sqkm": 0.855625,
        "row": 0,
        "col": 10,
        "source": "WorldPop"
      },
      "geometry": {
        "type": "Polygon",
        "coordinates": [
          [
            [
              73.82499898470003,
              18.6500002614
            ],
            [
              73.82499898470003,
              18.6583335947
            ],
            [
              73.81666565140003,
              18.6583335947
            ],
            [
              73.81666565140003,
              18.6500002614
            ],
            [
              73.82499898470003,
              18.6500002614
            ]
          ]
        ]
      }
    },
    {
      "type": "Feature",
      "id": "cell-0-11",
      "properties": {
        "population": 3329.427,
        "density": 3891.222,
        "cell_area_sqkm": 0.855625,
        "row": 0,
        "col": 11,
        "source": "WorldPop"
      },
      "geometry": {
        "type": "Polygon",
        "coordinates": [
          [
            [
              73.83333231800003,
              18.6500002614
            ],
            [
              73.83333231800003,
              18.6583335947
            ],
            [
              73.82499898470003,
              18.6583335947
            ],
            [
              73.82499898470003,
              18.6500002614
            ],
            [
              73.83333231800003,
              18.6500002614
            ]
          ]
        ]
      }
    },
    {
      "type": "Feature",
      "id": "cell-0-12",
      "properties": {
        "population": 4260.393,
        "density": 4979.276,
        "cell_area_sqkm": 0.855625,
        "row": 0,
        "col": 12,
        "source": "WorldPop"
      },
      "geometry": {
        "type": "Polygon",
        "coordinates": [
          [
            [
              73.84166565130003,
              18.6500002614
            ],
            [
              73.84166565130003,
              18.6583335947
            ],
            [
              73.83333231800003,
              18.6583335947
            ],
            [
              73.83333231800003,
              18.6500002614
            ],
            [
              73.84166565130003,
              18.6500002614
            ]
          ]
        ]
      }
    },
    {
      "type": "Feature",
      "id": "cell-0-13",
      "properties": {
        "population": 6600.963,
        "density": 7714.786,
        "cell_area_sqkm": 0.855625,
        "row": 0,
        "col": 13,
        "source": "WorldPop"
      },
      "geometry": {
        "type": "Polygon",
        "coordinates": [
          [
            [
              73.84999898460003,
              18.6500002614
            ],
            [
              73.84999898460003,
              18.6583335947
            ],
            [
              73.84166565130003,
              18.6583335947
            ],
            [
              73.84166565130003,
              18.6500002614
            ],
            [
              73.84999898460003,
              18.6500002614
            ]
          ]
        ]
      }
    },
    {
      "type": "Feature",
      "id": "cell-0-14",
      "properties": {
        "population": 6287.135,
        "density": 7348.003,
        "cell_area_sqkm": 0.855625,
        "row": 0,
        "col": 14,
        "source": "WorldPop"
      },
      "geometry": {
        "type": "Polygon",
        "coordinates": [
          [
            [
              73.85833231790004,
              18.6500002614
            ],
            [
              73.85833231790004,
              18.6583335947
            ],
            [
              73.84999898460003,
              18.6583335947
            ],
            [
              73.84999898460003,
              18.6500002614
            ],
            [
              73.85833231790004,
              18.6500002614
            ]
          ]
        ]
      }
    },
    {
      "type": "Feature",
      "id": "cell-0-15",
      "properties": {
        "population": 2055.407,
        "density": 2402.228,
        "cell_area_sqkm": 0.855625,
        "row": 0,
        "col": 15,
        "source": "WorldPop"
      },
      "geometry": {
        "type": "Polygon",
        "coordinates": [
          [
            [
              73.86666565120004,
              18.6500002614
            ],
            [
              73.86666565120004,
              18.6583335947
            ],
            [
              73.85833231790004,
              18.6583335947
            ],
            [
              73.85833231790004,
              18.6500002614
            ],
            [
              73.86666565120004,
              18.6500002614
            ]
          ]
        ]
      }
    },
    {
      "type": "Feature",
      "id": "cell-0-16",
      "properties": {
        "population": 1923.54,
        "density": 2248.111,
        "cell_area_sqkm": 0.855625,
        "row": 0,
        "col": 16,
        "source": "WorldPop"
      },
      "geometry": {
        "type": "Polygon",
        "coordinates": [
          [
            [
              73.87499898450002,
              18.6500002614
            ],
            [
              73.87499898450002,
              18.6583335947
            ],
            [
              73.86666565120004,
              18.6583335947
            ],
            [
              73.86666565120004,
              18.6500002614
            ],
            [
              73.87499898450002,
              18.6500002614
            ]
          ]
        ]
      }
    },
    {
      "type": "Feature",
      "id": "cell-0-17",
      "properties": {
        "population": 2438.435,
        "density": 2849.887,
        "cell_area_sqkm": 0.855625,
        "row": 0,
        "col": 17,
        "source": "WorldPop"
      },
      "geometry": {
        "type": "Polygon",
        "coordinates": [
          [
            [
              73.88333231780003,
              18.6500002614
            ],
            [
              73.88333231780003,
              18.6583335947
            ],
            [
              73.87499898450002,
              18.6583335947
            ],
            [
              73.87499898450002,
              18.6500002614
            ],
            [
              73.88333231780003,
              18.6500002614
            ]
          ]
        ]
      }
    },
    {
      "type": "Feature",
      "id": "cell-0-18",
      "properties": {
        "population": 2585.755,
        "density": 3022.066,
        "cell_area_sqkm": 0.855625,
        "row": 0,
        "col": 18,
        "source": "WorldPop"
      },
      "geometry": {
        "type": "Polygon",
        "coordinates": [
          [
            [
              73.89166565110003,
              18.6500002614
            ],
            [
              73.89166565110003,
              18.6583335947
            ],
            [
              73.88333231780003,
              18.6583335947
            ],
            [
              73.88333231780003,
              18.6500002614
            ],
            [
              73.89166565110003,
              18.6500002614
            ]
          ]
        ]
      }
    },
    {
      "type": "Feature",
      "id": "cell-0-19",
      "properties": {
        "population": 994.906,
        "density": 1162.782,
        "cell_area_sqkm": 0.855625,
        "row": 0,
        "col": 19,
        "source": "WorldPop"
      },
      "geometry": {
        "type": "Polygon",
        "coordinates": [
          [
            [
              73.89999898440003,
              18.6500002614
            ],
            [
              73.89999898440003,
              18.6583335947
            ],
            [
              73.89166565110003,
              18.6583335947
            ],
            [
              73.89166565110003,
              18.6500002614
            ],
            [
              73.89999898440003,
              18.6500002614
            ]
          ]
        ]
      }
    },
    {
      "type": "Feature",
      "id": "cell-0-20",
      "properties": {
        "population": 2207.652,
        "density": 2580.163,
        "cell_area_sqkm": 0.855625,
        "row": 0,
        "col": 20,
        "source": "WorldPop"
      },
      "geometry": {
        "type": "Polygon",
        "coordinates": [
          [
            [
              73.90833231770003,
              18.6500002614
            ],
            [
              73.90833231770003,
              18.6583335947
            ],
            [
              73.89999898440003,
              18.6583335947
            ],
            [
              73.89999898440003,
              18.6500002614
            ],
            [
              73.90833231770003,
              18.6500002614
            ]
          ]
        ]
      }
    },
    {
      "type": "Feature",
      "id": "cell-0-21",
      "properties": {
        "population": 2168.185,
        "density": 2534.037,
        "cell_area_sqkm": 0.855625,
        "row": 0,
        "col": 21,
        "source": "WorldPop"
      },
      "geometry": {
        "type": "Polygon",
        "coordinates": [
          [
            [
              73.91666565100003,
              18.6500002614
            ],
            [
              73.91666565100003,
              18.6583335947
            ],
            [
              73.90833231770003,
              18.6583335947
            ],
            [
              73.90833231770003,
              18.6500002614
            ],
            [
              73.91666565100003,
              18.6500002614
            ]
          ]
        ]
      }
    },
    {
      "type": "Feature",
      "id": "cell-0-22",
      "properties": {
        "population": 305.888,
        "density": 357.502,
        "cell_area_sqkm": 0.855625,
        "row": 0,
        "col": 22,
        "source": "WorldPop"
      },
      "geometry": {
        "type": "Polygon",
        "coordinates": [
          [
            [
              73.92499898430003,
              18.6500002614
            ],
            [
              73.92499898430003,
              18.6583335947
            ],
            [
              73.91666565100003,
              18.6583335947
            ],
            [
              73.91666565100003,
              18.6500002614
            ],
            [
              73.92499898430003,
              18.6500002614
            ]
          ]
        ]
      }
    },
    {
      "type": "Feature",
      "id": "cell-0-23",
      "properties": {
        "population": 1000.286,
        "density": 1169.071,
        "cell_area_sqkm": 0.855625,
        "row": 0,
        "col": 23,
        "source": "WorldPop"
      },
      "geometry": {
        "type": "Polygon",
        "coordinates": [
          [
            [
              73.93333231760003,
              18.6500002614
            ],
            [
              73.93333231760003,
              18.6583335947
            ],
            [
              73.92499898430003,
              18.6583335947
            ],
            [
              73.92499898430003,
              18.6500002614
            ],
            [
              73.93333231760003,
              18.6500002614
            ]
          ]
        ]
      }
    },
    {
      "type": "Feature",
      "id": "cell-0-24",
      "properties": {
        "population": 324.79,
        "density": 379.594,
        "cell_area_sqkm": 0.855625,
        "row": 0,
        "col": 24,
        "source": "WorldPop"
      },
      "geometry": {
        "type": "Polygon",
        "coordinates": [
          [
            [
              73.94166565090003,
              18.6500002614
            ],
            [
              73.94166565090003,
              18.6583335947
            ],
            [
              73.93333231760003,
              18.6583335947
            ],
            [
              73.93333231760003,
              18.6500002614
            ],
            [
              73.94166565090003,
              18.6500002614
            ]
          ]
        ]
      }
    },
    {
      "type": "Feature",
      "id": "cell-0-25",
      "properties": {
        "population": 401.635,
        "density": 469.405,
        "cell_area_sqkm": 0.855625,
        "row": 0,
        "col": 25,
        "source": "WorldPop"
      },
      "geometry": {
        "type": "Polygon",
        "coordinates": [
          [
            [
              73.94999898420004,
              18.6500002614
            ],
            [
              73.94999898420004,
              18.6583335947
            ],
            [
              73.94166565090003,
              18.6583335947
            ],
            [
              73.94166565090003,
              18.6500002614
            ],
            [
              73.94999898420004,
              18.6500002614
            ]
          ]
        ]
      }
    },
    {
      "type": "Feature",
      "id": "cell-0-26",
      "properties": {
        "population": 689.922,
        "density": 806.337,
        "cell_area_sqkm": 0.855625,
        "row": 0,
        "col": 26,
        "source": "WorldPop"
      },
      "geometry": {
        "type": "Polygon",
        "coordinates": [
          [
            [
              73.95833231750004,
              18.6500002614
            ],
            [
              73.95833231750004,
              18.6583335947
            ],
            [
              73.94999898420004,
              18.6583335947
            ],
            [
              73.94999898420004,
              18.6500002614
            ],
            [
              73.95833231750004,
              18.6500002614
            ]
          ]
        ]
      }
    },
    {
      "type": "Feature",
      "id": "cell-0-27",
      "properties": {
        "population": 789.883,
        "density": 923.165,
        "cell_area_sqkm": 0.855625,
        "row": 0,
        "col": 27,
        "source": "WorldPop"
      },
      "geometry": {
        "type": "Polygon",
        "coordinates": [
          [
            [
              73.96666565080002,
              18.6500002614
            ],
            [
              73.96666565080002,
              18.6583335947
            ],
            [
              73.95833231750004,
              18.6583335947
            ],
            [
              73.95833231750004,
              18.6500002614
            ],
            [
              73.96666565080002,
              18.6500002614
            ]
          ]
        ]
      }
    },
    {
      "type": "Feature",
      "id": "cell-0-28",
      "properties": {
        "population": 67.26,
        "density": 78.609,
        "cell_area_sqkm": 0.855625,
        "row": 0,
        "col": 28,
        "source": "WorldPop"
      },
      "geometry": {
        "type": "Polygon",
        "coordinates": [
          [
            [
              73.97499898410003,
              18.6500002614
            ],
            [
              73.97499898410003,
              18.6583335947
            ],
            [
              73.96666565080002,
              18.6583335947
            ],
            [
              73.96666565080002,
              18.6500002614
            ],
            [
              73.97499898410003,
              18.6500002614
            ]
          ]
        ]
      }
    },
    {
      "type": "Feature",
      "id": "cell-0-29",
      "properties": {
        "population": 16.087,
        "density": 18.801,
        "cell_area_sqkm": 0.855625,
        "row": 0,
        "col": 29,
        "source": "WorldPop"
      },
      "geometry": {
        "type": "Polygon",
        "coordinates": [
          [
            [
              73.98333231740003,
              18.6500002614
            ],
            [
              73.98333231740003,
              18.6583335947
            ],
            [
              73.97499898410003,
              18.6583335947
            ],
            [
              73.97499898410003,
              18.6500002614
            ],
            [
              73.98333231740003,
              18.6500002614
            ]
          ]
        ]
      }
    },
    {
      "type": "Feature",
      "id": "cell-0-30",
      "properties": {
        "population": 679.831,
        "density": 794.543,
        "cell_area_sqkm": 0.855625,
        "row": 0,
        "col": 30,
        "source": "WorldPop"
      },
      "geometry": {
        "type": "Polygon",
        "coordinates": [
          [
            [
              73.99166565070003,
              18.6500002614
            ],
            [
              73.99166565070003,
              18.6583335947
            ],
            [
              73.98333231740003,
              18.6583335947
            ],
            [
              73.98333231740003,
              18.6500002614
            ],
            [
              73.99166565070003,
              18.6500002614
            ]
          ]
        ]
      }
    },
    {
      "type": "Feature",
      "id": "cell-1-0",
      "properties": {
        "population": 2892.593,
        "density": 3380.678,
        "cell_area_sqkm": 0.855625,
        "row": 1,
        "col": 0,
        "source": "WorldPop"
      },
      "geometry": {
        "type": "Polygon",
        "coordinates": [
          [
            [
              73.74166565170003,
              18.6416669281
            ],
            [
              73.74166565170003,
              18.6500002614
            ],
            [
              73.73333231840003,
              18.6500002614
            ],
            [
              73.73333231840003,
              18.6416669281
            ],
            [
              73.74166565170003,
              18.6416669281
            ]
          ]
        ]
      }
    },
    {
      "type": "Feature",
      "id": "cell-1-1",
      "properties": {
        "population": 5628.297,
        "density": 6577.995,
        "cell_area_sqkm": 0.855625,
        "row": 1,
        "col": 1,
        "source": "WorldPop"
      },
      "geometry": {
        "type": "Polygon",
        "coordinates": [
          [
            [
              73.74999898500003,
              18.6416669281
            ],
            [
              73.74999898500003,
              18.6500002614
            ],
            [
              73.74166565170003,
              18.6500002614
            ],
            [
              73.74166565170003,
              18.6416669281
            ],
            [
              73.74999898500003,
              18.6416669281
            ]
          ]
        ]
      }
    },
    {
      "type": "Feature",
      "id": "cell-1-2",
      "properties": {
        "population": 9967.363,
        "density": 11649.219,
        "cell_area_sqkm": 0.855625,
        "row": 1,
        "col": 2,
        "source": "WorldPop"
      },
      "geometry": {
        "type": "Polygon",
        "coordinates": [
          [
            [
              73.75833231830003,
              18.6416669281
            ],
            [
              73.75833231830003,
              18.6500002614
            ],
            [
              73.74999898500003,
              18.6500002614
            ],
            [
              73.74999898500003,
              18.6416669281
            ],
            [
              73.75833231830003,
              18.6416669281
            ]
          ]
        ]
      }
    },
    {
      "type": "Feature",
      "id": "cell-1-3",
      "properties": {
        "population": 11056.373,
        "density": 12921.985,
        "cell_area_sqkm": 0.855625,
        "row": 1,
        "col": 3,
        "source": "WorldPop"
      },
      "geometry": {
        "type": "Polygon",
        "coordinates": [
          [
            [
              73.76666565160004,
              18.6416669281
            ],
            [
              73.76666565160004,
              18.6500002614
            ],
            [
              73.75833231830003,
              18.6500002614
            ],
            [
              73.75833231830003,
              18.6416669281
            ],
            [
              73.76666565160004,
              18.6416669281
            ]
          ]
        ]
      }
    },
    {
      "type": "Feature",
      "id": "cell-1-4",
      "properties": {
        "population": 11380.301,
        "density": 13300.571,
        "cell_area_sqkm": 0.855625,
        "row": 1,
        "col": 4,
        "source": "WorldPop"
      },
      "geometry": {
        "type": "Polygon",
        "coordinates": [
          [
            [
              73.77499898490004,
              18.6416669281
            ],
            [
              73.77499898490004,
              18.6500002614
            ],
            [
              73.76666565160004,
              18.6500002614
            ],
            [
              73.76666565160004,
              18.6416669281
            ],
            [
              73.77499898490004,
              18.6416669281
            ]
          ]
        ]
      }
    },
    {
      "type": "Feature",
      "id": "cell-1-5",
      "properties": {
        "population": 9991.692,
        "density": 11677.654,
        "cell_area_sqkm": 0.855625,
        "row": 1,
        "col": 5,
        "source": "WorldPop"
      },
      "geometry": {
        "type": "Polygon",
        "coordinates": [
          [
            [
              73.78333231820002,
              18.6416669281
            ],
            [
              73.78333231820002,
              18.6500002614
            ],
            [
              73.77499898490004,
              18.6500002614
            ],
            [
              73.77499898490004,
              18.6416669281
            ],
            [
              73.78333231820002,
              18.6416669281
            ]
          ]
        ]
      }
    },
    {
      "type": "Feature",
      "id": "cell-1-6",
      "properties": {
        "population": 9545.909,
        "density": 11156.651,
        "cell_area_sqkm": 0.855625,
        "row": 1,
        "col": 6,
        "source": "WorldPop"
      },
      "geometry": {
        "type": "Polygon",
        "coordinates": [
          [
            [
              73.79166565150003,
              18.6416669281
            ],
            [
              73.79166565150003,
              18.6500002614
            ],
            [
              73.78333231820002,
              18.6500002614
            ],
            [
              73.78333231820002,
              18.6416669281
            ],
            [
              73.79166565150003,
              18.6416669281
            ]
          ]
        ]
      }
    },
    {
      "type": "Feature",
      "id": "cell-1-7",
      "properties": {
        "population": 10817.985,
        "density": 12643.372,
        "cell_area_sqkm": 0.855625,
        "row": 1,
        "col": 7,
        "source": "WorldPop"
      },
      "geometry": {
        "type": "Polygon",
        "coordinates": [
          [
            [
              73.79999898480003,
              18.6416669281
            ],
            [
              73.79999898480003,
              18.6500002614
            ],
            [
              73.79166565150003,
              18.6500002614
            ],
            [
              73.79166565150003,
              18.6416669281
            ],
            [
              73.79999898480003,
              18.6416669281
            ]
          ]
        ]
      }
    },
    {
      "type": "Feature",
      "id": "cell-1-8",
      "properties": {
        "population": 9293.875,
        "density": 10862.089,
        "cell_area_sqkm": 0.855625,
        "row": 1,
        "col": 8,
        "source": "WorldPop"
      },
      "geometry": {
        "type": "Polygon",
        "coordinates": [
          [
            [
              73.80833231810003,
              18.6416669281
            ],
            [
              73.80833231810003,
              18.6500002614
            ],
            [
              73.79999898480003,
              18.6500002614
            ],
            [
              73.79999898480003,
              18.6416669281
            ],
            [
              73.80833231810003,
              18.6416669281
            ]
          ]
        ]
      }
    },
    {
      "type": "Feature",
      "id": "cell-1-9",
      "properties": {
        "population": 2203.856,
        "density": 2575.727,
        "cell_area_sqkm": 0.855625,
        "row": 1,
        "col": 9,
        "source": "WorldPop"
      },
      "geometry": {
        "type": "Polygon",
        "coordinates": [
          [
            [
              73.81666565140003,
              18.6416669281
            ],
            [
              73.81666565140003,
              18.6500002614
            ],
            [
              73.80833231810003,
              18.6500002614
            ],
            [
              73.80833231810003,
              18.6416669281
            ],
            [
              73.81666565140003,
              18.6416669281
            ]
          ]
        ]
      }
    },
    {
      "type": "Feature",
      "id": "cell-1-10",
      "properties": {
        "population": 4894.02,
        "density": 5719.818,
        "cell_area_sqkm": 0.855625,
        "row": 1,
        "col": 10,
        "source": "WorldPop"
      },
      "geometry": {
        "type": "Polygon",
        "coordinates": [
          [
            [
              73.82499898470003,
              18.6416669281
            ],
            [
              73.82499898470003,
              18.6500002614
            ],
            [
              73.81666565140003,
              18.6500002614
            ],
            [
              73.81666565140003,
              18.6416669281
            ],
            [
              73.82499898470003,
              18.6416669281
            ]
          ]
        ]
      }
    },
    {
      "type": "Feature",
      "id": "cell-1-11",
      "properties": {
        "population": 6058.745,
        "density": 7081.075,
        "cell_area_sqkm": 0.855625,
        "row": 1,
        "col": 11,
        "source": "WorldPop"
      },
      "geometry": {
        "type": "Polygon",
        "coordinates": [
          [
            [
              73.83333231800003,
              18.6416669281
            ],
            [
              73.83333231800003,
              18.6500002614
            ],
            [
              73.82499898470003,
              18.6500002614
            ],
            [
              73.82499898470003,
              18.6416669281
            ],
            [
              73.83333231800003,
              18.6416669281
            ]
          ]
        ]
      }
    },
    {
      "type": "Feature",
      "id": "cell-1-12",
      "properties": {
        "population": 6417.85,
        "density": 7500.774,
        "cell_area_sqkm": 0.855625,
        "row": 1,
        "col": 12,
        "source": "WorldPop"
      },
      "geometry": {
        "type": "Polygon",
        "coordinates": [
          [
            [
              73.84166565130003,
              18.6416669281
            ],
            [
              73.84166565130003,
              18.6500002614
            ],
            [
              73.83333231800003,
              18.6500002614
            ],
            [
              73.83333231800003,
              18.6416669281
            ],
            [
              73.84166565130003,
              18.6416669281
            ]
          ]
        ]
      }
    },
    {
      "type": "Feature",
      "id": "cell-1-13",
      "properties": {
        "population": 8189.357,
        "density": 9571.199,
        "cell_area_sqkm": 0.855625,
        "row": 1,
        "col": 13,
        "source": "WorldPop"
      },
      "geometry": {
        "type": "Polygon",
        "coordinates": [
          [
            [
              73.84999898460003,
              18.6416669281
            ],
            [
              73.84999898460003,
              18.6500002614
            ],
            [
              73.84166565130003,
              18.6500002614
            ],
            [
              73.84166565130003,
              18.6416669281
            ],
            [
              73.84999898460003,
              18.6416669281
            ]
          ]
        ]
      }
    },
    {
      "type": "Feature",
      "id": "cell-1-14",
      "properties": {
        "population": 4522.322,
        "density": 5285.402,
        "cell_area_sqkm": 0.855625,
        "row": 1,
        "col": 14,
        "source": "WorldPop"
      },
      "geometry": {
        "type": "Polygon",
        "coordinates": [
          [
            [
              73.85833231790004,
              18.6416669281
            ],
            [
              73.85833231790004,
              18.6500002614
            ],
            [
              73.84999898460003,
              18.6500002614
            ],
            [
              73.84999898460003,
              18.6416669281
            ],
            [
              73.85833231790004,
              18.6416669281
            ]
          ]
        ]
      }
    },
    {
      "type": "Feature",
      "id": "cell-1-15",
      "properties": {
        "population": 137.581,
        "density": 160.796,
        "cell_area_sqkm": 0.855625,
        "row": 1,
        "col": 15,
        "source": "WorldPop"
      },
      "geometry": {
        "type": "Polygon",
        "coordinates": [
          [
            [
              73.86666565120004,
              18.6416669281
            ],
            [
              73.86666565120004,
              18.6500002614
            ],
            [
              73.85833231790004,
              18.6500002614
            ],
            [
              73.85833231790004,
              18.6416669281
            ],
            [
              73.86666565120004,
              18.6416669281
            ]
          ]
        ]
      }
    },
    {
      "type": "Feature",
      "id": "cell-1-16",
      "properties": {
        "population": 784.954,
        "density": 917.404,
        "cell_area_sqkm": 0.855625,
        "row": 1,
        "col": 16,
        "source": "WorldPop"
      },
      "geometry": {
        "type": "Polygon",
        "coordinates": [
          [
            [
              73.87499898450002,
              18.6416669281
            ],
            [
              73.87499898450002,
              18.6500002614
            ],
            [
              73.86666565120004,
              18.6500002614
            ],
            [
              73.86666565120004,
              18.6416669281
            ],
            [
              73.87499898450002,
              18.6416669281
            ]
          ]
        ]
      }
    },
    {
      "type": "Feature",
      "id": "cell-1-17",
      "properties": {
        "population": 2651.814,
        "density": 3099.271,
        "cell_area_sqkm": 0.855625,
        "row": 1,
        "col": 17,
        "source": "WorldPop"
      },
      "geometry": {
        "type": "Polygon",
        "coordinates": [
          [
            [
              73.88333231780003,
              18.6416669281
            ],
            [
              73.88333231780003,
              18.6500002614
            ],
            [
              73.87499898450002,
              18.6500002614
            ],
            [
              73.87499898450002,
              18.6416669281
            ],
            [
              73.88333231780003,
              18.6416669281
            ]
          ]
        ]
      }
    },
    {
      "type": "Feature",
      "id": "cell-1-18",
      "properties": {
        "population": 1069.901,
        "density": 1250.432,
        "cell_area_sqkm": 0.855625,
        "row": 1,
        "col": 18,
        "source": "WorldPop"
      },
      "geometry": {
        "type": "Polygon",
        "coordinates": [
          [
            [
              73.89166565110003,
              18.6416669281
            ],
            [
              73.89166565110003,
              18.6500002614
            ],
            [
              73.88333231780003,
              18.6500002614
            ],
            [
              73.88333231780003,
              18.6416669281
            ],
            [
              73.89166565110003,
              18.6416669281
            ]
          ]
        ]
      }
    },
    {
      "type": "Feature",
      "id": "cell-1-19",
      "properties": {
        "population": 1056.867,
        "density": 1235.199,
        "cell_area_sqkm": 0.855625,
        "row": 1,
        "col": 19,
        "source": "WorldPop"
      },
      "geometry": {
        "type": "Polygon",
        "coordinates": [
          [
            [
              73.89999898440003,
              18.6416669281
            ],
            [
              73.89999898440003,
              18.6500002614
            ],
            [
              73.89166565110003,
              18.6500002614
            ],
            [
              73.89166565110003,
              18.6416669281
            ],
            [
              73.89999898440003,
              18.6416669281
            ]
          ]
        ]
      }
    },
    {
      "type": "Feature",
      "id": "cell-1-20",
      "properties": {
        "population": 1671.955,
        "density": 1954.074,
        "cell_area_sqkm": 0.855625,
        "row": 1,
        "col": 20,
        "source": "WorldPop"
      },
      "geometry": {
        "type": "Polygon",
        "coordinates": [
          [
            [
              73.90833231770003,
              18.6416669281
            ],
            [
              73.90833231770003,
              18.6500002614
            ],
            [
              73.89999898440003,
              18.6500002614
            ],
            [
              73.89999898440003,
              18.6416669281
            ],
            [
              73.90833231770003,
              18.6416669281
            ]
          ]
        ]
      }
    },
    {
      "type": "Feature",
      "id": "cell-1-21",
      "properties": {
        "population": 628.602,
        "density": 734.67,
        "cell_area_sqkm": 0.855625,
        "row": 1,
        "col": 21,
        "source": "WorldPop"
      },
      "geometry": {
        "type": "Polygon",
        "coordinates": [
          [
            [
              73.91666565100003,
              18.6416669281
            ],
            [
              73.91666565100003,
              18.6500002614
            ],
            [
              73.90833231770003,
              18.6500002614
            ],
            [
              73.90833231770003,
              18.6416669281
            ],
            [
              73.91666565100003,
              18.6416669281
            ]
          ]
        ]
      }
    },
    {
      "type": "Feature",
      "id": "cell-1-22",
      "properties": {
        "population": 1418.544,
        "density": 1657.903,
        "cell_area_sqkm": 0.855625,
        "row": 1,
        "col": 22,
        "source": "WorldPop"
      },
      "geometry": {
        "type": "Polygon",
        "coordinates": [
          [
            [
              73.92499898430003,
              18.6416669281
            ],
            [
              73.92499898430003,
              18.6500002614
            ],
            [
              73.91666565100003,
              18.6500002614
            ],
            [
              73.91666565100003,
              18.6416669281
            ],
            [
              73.92499898430003,
              18.6416669281
            ]
          ]
        ]
      }
    },
    {
      "type": "Feature",
      "id": "cell-1-23",
      "properties": {
        "population": 974.06,
        "density": 1138.42,
        "cell_area_sqkm": 0.855625,
        "row": 1,
        "col": 23,
        "source": "WorldPop"
      },
      "geometry": {
        "type": "Polygon",
        "coordinates": [
          [
            [
              73.93333231760003,
              18.6416669281
            ],
            [
              73.93333231760003,
              18.6500002614
            ],
            [
              73.92499898430003,
              18.6500002614
            ],
            [
              73.92499898430003,
              18.6416669281
            ],
            [
              73.93333231760003,
              18.6416669281
            ]
          ]
        ]
      }
    },
    {
      "type": "Feature",
      "id": "cell-1-24",
      "properties": {
        "population": 309.471,
        "density": 361.69,
        "cell_area_sqkm": 0.855625,
        "row": 1,
        "col": 24,
        "source": "WorldPop"
      },
      "geometry": {
        "type": "Polygon",
        "coordinates": [
          [
            [
              73.94166565090003,
              18.6416669281
            ],
            [
              73.94166565090003,
              18.6500002614
            ],
            [
              73.93333231760003,
              18.6500002614
            ],
            [
              73.93333231760003,
              18.6416669281
            ],
            [
              73.94166565090003,
              18.6416669281
            ]
          ]
        ]
      }
    },
    {
      "type": "Feature",
      "id": "cell-1-25",
      "properties": {
        "population": 42.572,
        "density": 49.755,
        "cell_area_sqkm": 0.855625,
        "row": 1,
        "col": 25,
        "source": "WorldPop"
      },
      "geometry": {
        "type": "Polygon",
        "coordinates": [
          [
            [
              73.94999898420004,
              18.6416669281
            ],
            [
              73.94999898420004,
              18.6500002614
            ],
            [
              73.94166565090003,
              18.6500002614
            ],
            [
              73.94166565090003,
              18.6416669281
            ],
            [
              73.94999898420004,
              18.6416669281
            ]
          ]
        ]
      }
    },
    {
      "type": "Feature",
      "id": "cell-1-26",
      "properties": {
        "population": 228.023,
        "density": 266.498,
        "cell_area_sqkm": 0.855625,
        "row": 1,
        "col": 26,
        "source": "WorldPop"
      },
      "geometry": {
        "type": "Polygon",
        "coordinates": [
          [
            [
              73.95833231750004,
              18.6416669281
            ],
            [
              73.95833231750004,
              18.6500002614
            ],
            [
              73.94999898420004,
              18.6500002614
            ],
            [
              73.94999898420004,
              18.6416669281
            ],
            [
              73.95833231750004,
              18.6416669281
            ]
          ]
        ]
      }
    },
    {
      "type": "Feature",
      "id": "cell-1-27",
      "properties": {
        "population": 1913.588,
        "density": 2236.479,
        "cell_area_sqkm": 0.855625,
        "row": 1,
        "col": 27,
        "source": "WorldPop"
      },
      "geometry": {
        "type": "Polygon",
        "coordinates": [
          [
            [
              73.96666565080002,
              18.6416669281
            ],
            [
              73.96666565080002,
              18.6500002614
            ],
            [
              73.95833231750004,
              18.6500002614
            ],
            [
              73.95833231750004,
              18.6416669281
            ],
            [
              73.96666565080002,
              18.6416669281
            ]
          ]
        ]
      }
    },
    {
      "type": "Feature",
      "id": "cell-1-28",
      "properties": {
        "population": 304.309,
        "density": 355.658,
        "cell_area_sqkm": 0.855625,
        "row": 1,
        "col": 28,
        "source": "WorldPop"
      },
      "geometry": {
        "type": "Polygon",
        "coordinates": [
          [
            [
              73.97499898410003,
              18.6416669281
            ],
            [
              73.97499898410003,
              18.6500002614
            ],
            [
              73.96666565080002,
              18.6500002614
            ],
            [
              73.96666565080002,
              18.6416669281
            ],
            [
              73.97499898410003,
              18.6416669281
            ]
          ]
        ]
      }
    },
    {
      "type": "Feature",
      "id": "cell-1-29",
      "properties": {
        "population": 3.952,
        "density": 4.619,
        "cell_area_sqkm": 0.855625,
        "row": 1,
        "col": 29,
        "source": "WorldPop"
      },
      "geometry": {
        "type": "Polygon",
        "coordinates": [
          [
            [
              73.98333231740003,
              18.6416669281
            ],
            [
              73.98333231740003,
              18.6500002614
            ],
            [
              73.97499898410003,
              18.6500002614
            ],
            [
              73.97499898410003,
              18.6416669281
            ],
            [
              73.98333231740003,
              18.6416669281
            ]
          ]
        ]
      }
    },
    {
      "type": "Feature",
      "id": "cell-1-30",
      "properties": {
        "population": 527.984,
        "density": 617.074,
        "cell_area_sqkm": 0.855625,
        "row": 1,
        "col": 30,
        "source": "WorldPop"
      },
      "geometry": {
        "type": "Polygon",
        "coordinates": [
          [
            [
              73.99166565070003,
              18.6416669281
            ],
            [
              73.99166565070003,
              18.6500002614
            ],
            [
              73.98333231740003,
              18.6500002614
            ],
            [
              73.98333231740003,
              18.6416669281
            ],
            [
              73.99166565070003,
              18.6416669281
            ]
          ]
        ]
      }
    },
    {
      "type": "Feature",
      "id": "cell-2-0",
      "properties": {
        "population": 3560.707,
        "density": 4161.528,
        "cell_area_sqkm": 0.855625,
        "row": 2,
        "col": 0,
        "source": "WorldPop"
      },
      "geometry": {
        "type": "Polygon",
        "coordinates": [
          [
            [
              73.74166565170003,
              18.6333335948
            ],
            [
              73.74166565170003,
              18.6416669281
            ],
            [
              73.73333231840003,
              18.6416669281
            ],
            [
              73.73333231840003,
              18.6333335948
            ],
            [
              73.74166565170003,
              18.6333335948
            ]
          ]
        ]
      }
    },
    {
      "type": "Feature",
      "id": "cell-2-1",
      "properties": {
        "population": 5328.177,
        "density": 6227.234,
        "cell_area_sqkm": 0.855625,
        "row": 2,
        "col": 1,
        "source": "WorldPop"
      },
      "geometry": {
        "type": "Polygon",
        "coordinates": [
          [
            [
              73.74999898500003,
              18.6333335948
            ],
            [
              73.74999898500003,
              18.6416669281
            ],
            [
              73.74166565170003,
              18.6416669281
            ],
            [
              73.74166565170003,
              18.6333335948
            ],
            [
              73.74999898500003,
              18.6333335948
            ]
          ]
        ]
      }
    },
    {
      "type": "Feature",
      "id": "cell-2-2",
      "properties": {
        "population": 3090.795,
        "density": 3612.325,
        "cell_area_sqkm": 0.855625,
        "row": 2,
        "col": 2,
        "source": "WorldPop"
      },
      "geometry": {
        "type": "Polygon",
        "coordinates": [
          [
            [
              73.75833231830003,
              18.6333335948
            ],
            [
              73.75833231830003,
              18.6416669281
            ],
            [
              73.74999898500003,
              18.6416669281
            ],
            [
              73.74999898500003,
              18.6333335948
            ],
            [
              73.75833231830003,
              18.6333335948
            ]
          ]
        ]
      }
    },
    {
      "type": "Feature",
      "id": "cell-2-3",
      "properties": {
        "population": 10192.331,
        "density": 11912.147,
        "cell_area_sqkm": 0.855625,
        "row": 2,
        "col": 3,
        "source": "WorldPop"
      },
      "geometry": {
        "type": "Polygon",
        "coordinates": [
          [
            [
              73.76666565160004,
              18.6333335948
            ],
            [
              73.76666565160004,
              18.6416669281
            ],
            [
              73.75833231830003,
              18.6416669281
            ],
            [
              73.75833231830003,
              18.6333335948
            ],
            [
              73.76666565160004,
              18.6333335948
            ]
          ]
        ]
      }
    },
    {
      "type": "Feature",
      "id": "cell-2-4",
      "properties": {
        "population": 10475.848,
        "density": 12243.504,
        "cell_area_sqkm": 0.855625,
        "row": 2,
        "col": 4,
        "source": "WorldPop"
      },
      "geometry": {
        "type": "Polygon",
        "coordinates": [
          [
            [
              73.77499898490004,
              18.6333335948
            ],
            [
              73.77499898490004,
              18.6416669281
            ],
            [
              73.76666565160004,
              18.6416669281
            ],
            [
              73.76666565160004,
              18.6333335948
            ],
            [
              73.77499898490004,
              18.6333335948
            ]
          ]
        ]
      }
    },
    {
      "type": "Feature",
      "id": "cell-2-5",
      "properties": {
        "population": 8215.789,
        "density": 9602.091,
        "cell_area_sqkm": 0.855625,
        "row": 2,
        "col": 5,
        "source": "WorldPop"
      },
      "geometry": {
        "type": "Polygon",
        "coordinates": [
          [
            [
              73.78333231820002,
              18.6333335948
            ],
            [
              73.78333231820002,
              18.6416669281
            ],
            [
              73.77499898490004,
              18.6416669281
            ],
            [
              73.77499898490004,
              18.6333335948
            ],
            [
              73.78333231820002,
              18.6333335948
            ]
          ]
        ]
      }
    },
    {
      "type": "Feature",
      "id": "cell-2-6",
      "properties": {
        "population": 9989.946,
        "density": 11675.613,
        "cell_area_sqkm": 0.855625,
        "row": 2,
        "col": 6,
        "source": "WorldPop"
      },
      "geometry": {
        "type": "Polygon",
        "coordinates": [
          [
            [
              73.79166565150003,
              18.6333335948
            ],
            [
              73.79166565150003,
              18.6416669281
            ],
            [
              73.78333231820002,
              18.6416669281
            ],
            [
              73.78333231820002,
              18.6333335948
            ],
            [
              73.79166565150003,
              18.6333335948
            ]
          ]
        ]
      }
    },
    {
      "type": "Feature",
      "id": "cell-2-7",
      "properties": {
        "population": 10623.858,
        "density": 12416.489,
        "cell_area_sqkm": 0.855625,
        "row": 2,
        "col": 7,
        "source": "WorldPop"
      },
      "geometry": {
        "type": "Polygon",
        "coordinates": [
          [
            [
              73.79999898480003,
              18.6333335948
            ],
            [
              73.79999898480003,
              18.6416669281
            ],
            [
              73.79166565150003,
              18.6416669281
            ],
            [
              73.79166565150003,
              18.6333335948
            ],
            [
              73.79999898480003,
              18.6333335948
            ]
          ]
        ]
      }
    },
    {
      "type": "Feature",
      "id": "cell-2-8",
      "properties": {
        "population": 9538.111,
        "density": 11147.537,
        "cell_area_sqkm": 0.855625,
        "row": 2,
        "col": 8,
        "source": "WorldPop"
      },
      "geometry": {
        "type": "Polygon",
        "coordinates": [
          [
            [
              73.80833231810003,
              18.6333335948
            ],
            [
              73.80833231810003,
              18.6416669281
            ],
            [
              73.79999898480003,
              18.6416669281
            ],
            [
              73.79999898480003,
              18.6333335948
            ],
            [
              73.80833231810003,
              18.6333335948
            ]
          ]
        ]
      }
    },
    {
      "type": "Feature",
      "id": "cell-2-9",
      "properties": {
        "population": 4610.022,
        "density": 5387.9,
        "cell_area_sqkm": 0.855625,
        "row": 2,
        "col": 9,
        "source": "WorldPop"
      },
      "geometry": {
        "type": "Polygon",
        "coordinates": [
          [
            [
              73.81666565140003,
              18.6333335948
            ],
            [
              73.81666565140003,
              18.6416669281
            ],
            [
              73.80833231810003,
              18.6416669281
            ],
            [
              73.80833231810003,
              18.6333335948
            ],
            [
              73.81666565140003,
              18.6333335948
            ]
          ]
        ]
      }
    },
    {
      "type": "Feature",
      "id": "cell-2-10",
      "properties": {
        "population": 7376.236,
        "density": 8620.875,
        "cell_area_sqkm": 0.855625,
        "row": 2,
        "col": 10,
        "source": "WorldPop"
      },
      "geometry": {
        "type": "Polygon",
        "coordinates": [
          [
            [
              73.82499898470003,
              18.6333335948
            ],
            [
              73.82499898470003,
              18.6416669281
            ],
            [
              73.81666565140003,
              18.6416669281
            ],
            [
              73.81666565140003,
              18.6333335948
            ],
            [
              73.82499898470003,
              18.6333335948
            ]
          ]
        ]
      }
    },
    {
      "type": "Feature",
      "id": "cell-2-11",
      "properties": {
        "population": 6502.139,
        "density": 7599.286,
        "cell_area_sqkm": 0.855625,
        "row": 2,
        "col": 11,
        "source": "WorldPop"
      },
      "geometry": {
        "type": "Polygon",
        "coordinates": [
          [
            [
              73.83333231800003,
              18.6333335948
            ],
            [
              73.83333231800003,
              18.6416669281
            ],
            [
              73.82499898470003,
              18.6416669281
            ],
            [
              73.82499898470003,
              18.6333335948
            ],
            [
              73.83333231800003,
              18.6333335948
            ]
          ]
        ]
      }
    },
    {
      "type": "Feature",
      "id": "cell-2-12",
      "properties": {
        "population": 5030.207,
        "density": 5878.985,
        "cell_area_sqkm": 0.855625,
        "row": 2,
        "col": 12,
        "source": "WorldPop"
      },
      "geometry": {
        "type": "Polygon",
        "coordinates": [
          [
            [
              73.84166565130003,
              18.6333335948
            ],
            [
              73.84166565130003,
              18.6416669281
            ],
            [
              73.83333231800003,
              18.6416669281
            ],
            [
              73.83333231800003,
              18.6333335948
            ],
            [
              73.84166565130003,
              18.6333335948
            ]
          ]
        ]
      }
    },
    {
      "type": "Feature",
      "id": "cell-2-13",
      "properties": {
        "population": 8231.335,
        "density": 9620.26,
        "cell_area_sqkm": 0.855625,
        "row": 2,
        "col": 13,
        "source": "WorldPop"
      },
      "geometry": {
        "type": "Polygon",
        "coordinates": [
          [
            [
              73.84999898460003,
              18.6333335948
            ],
            [
              73.84999898460003,
              18.6416669281
            ],
            [
              73.84166565130003,
              18.6416669281
            ],
            [
              73.84166565130003,
              18.6333335948
            ],
            [
              73.84999898460003,
              18.6333335948
            ]
          ]
        ]
      }
    },
    {
      "type": "Feature",
      "id": "cell-2-14",
      "properties": {
        "population": 3364.795,
        "density": 3932.559,
        "cell_area_sqkm": 0.855625,
        "row": 2,
        "col": 14,
        "source": "WorldPop"
      },
      "geometry": {
        "type": "Polygon",
        "coordinates": [
          [
            [
              73.85833231790004,
              18.6333335948
            ],
            [
              73.85833231790004,
              18.6416669281
            ],
            [
              73.84999898460003,
              18.6416669281
            ],
            [
              73.84999898460003,
              18.6333335948
            ],
            [
              73.85833231790004,
              18.6333335948
            ]
          ]
        ]
      }
    },
    {
      "type": "Feature",
      "id": "cell-2-15",
      "properties": {
        "population": 283.761,
        "density": 331.642,
        "cell_area_sqkm": 0.855625,
        "row": 2,
        "col": 15,
        "source": "WorldPop"
      },
      "geometry": {
        "type": "Polygon",
        "coordinates": [
          [
            [
              73.86666565120004,
              18.6333335948
            ],
            [
              73.86666565120004,
              18.6416669281
            ],
            [
              73.85833231790004,
              18.6416669281
            ],
            [
              73.85833231790004,
              18.6333335948
            ],
            [
              73.86666565120004,
              18.6333335948
            ]
          ]
        ]
      }
    },
    {
      "type": "Feature",
      "id": "cell-2-16",
      "properties": {
        "population": 1292.913,
        "density": 1511.075,
        "cell_area_sqkm": 0.855625,
        "row": 2,
        "col": 16,
        "source": "WorldPop"
      },
      "geometry": {
        "type": "Polygon",
        "coordinates": [
          [
            [
              73.87499898450002,
              18.6333335948
            ],
            [
              73.87499898450002,
              18.6416669281
            ],
            [
              73.86666565120004,
              18.6416669281
            ],
            [
              73.86666565120004,
              18.6333335948
            ],
            [
              73.87499898450002,
              18.6333335948
            ]
          ]
        ]
      }
    },
    {
      "type": "Feature",
      "id": "cell-2-17",
      "properties": {
        "population": 660.777,
        "density": 772.274,
        "cell_area_sqkm": 0.855625,
        "row": 2,
        "col": 17,
        "source": "WorldPop"
      },
      "geometry": {
        "type": "Polygon",
        "coordinates": [
          [
            [
              73.88333231780003,
              18.6333335948
            ],
            [
              73.88333231780003,
              18.6416669281
            ],
            [
              73.87499898450002,
              18.6416669281
            ],
            [
              73.87499898450002,
              18.6333335948
            ],
            [
              73.88333231780003,
              18.6333335948
            ]
          ]
        ]
      }
    },
    {
      "type": "Feature",
      "id": "cell-2-18",
      "properties": {
        "population": 120.753,
        "density": 141.128,
        "cell_area_sqkm": 0.855625,
        "row": 2,
        "col": 18,
        "source": "WorldPop"
      },
      "geometry": {
        "type": "Polygon",
        "coordinates": [
          [
            [
              73.89166565110003,
              18.6333335948
            ],
            [
              73.89166565110003,
              18.6416669281
            ],
            [
              73.88333231780003,
              18.6416669281
            ],
            [
              73.88333231780003,
              18.6333335948
            ],
            [
              73.89166565110003,
              18.6333335948
            ]
          ]
        ]
      }
    },
    {
      "type": "Feature",
      "id": "cell-2-19",
      "properties": {
        "population": 443.571,
        "density": 518.418,
        "cell_area_sqkm": 0.855625,
        "row": 2,
        "col": 19,
        "source": "WorldPop"
      },
      "geometry": {
        "type": "Polygon",
        "coordinates": [
          [
            [
              73.89999898440003,
              18.6333335948
            ],
            [
              73.89999898440003,
              18.6416669281
            ],
            [
              73.89166565110003,
              18.6416669281
            ],
            [
              73.89166565110003,
              18.6333335948
            ],
            [
              73.89999898440003,
              18.6333335948
            ]
          ]
        ]
      }
    },
    {
      "type": "Feature",
      "id": "cell-2-20",
      "properties": {
        "population": 1317.205,
        "density": 1539.465,
        "cell_area_sqkm": 0.855625,
        "row": 2,
        "col": 20,
        "source": "WorldPop"
      },
      "geometry": {
        "type": "Polygon",
        "coordinates": [
          [
            [
              73.90833231770003,
              18.6333335948
            ],
            [
              73.90833231770003,
              18.6416669281
            ],
            [
              73.89999898440003,
              18.6416669281
            ],
            [
              73.89999898440003,
              18.6333335948
            ],
            [
              73.90833231770003,
              18.6333335948
            ]
          ]
        ]
      }
    },
    {
      "type": "Feature",
      "id": "cell-2-21",
      "properties": {
        "population": 289.037,
        "density": 337.808,
        "cell_area_sqkm": 0.855625,
        "row": 2,
        "col": 21,
        "source": "WorldPop"
      },
      "geometry": {
        "type": "Polygon",
        "coordinates": [
          [
            [
              73.91666565100003,
              18.6333335948
            ],
            [
              73.91666565100003,
              18.6416669281
            ],
            [
              73.90833231770003,
              18.6416669281
            ],
            [
              73.90833231770003,
              18.6333335948
            ],
            [
              73.91666565100003,
              18.6333335948
            ]
          ]
        ]
      }
    },
    {
      "type": "Feature",
      "id": "cell-2-22",
      "properties": {
        "population": 515.852,
        "density": 602.895,
        "cell_area_sqkm": 0.855625,
        "row": 2,
        "col": 22,
        "source": "WorldPop"
      },
      "geometry": {
        "type": "Polygon",
        "coordinates": [
          [
            [
              73.92499898430003,
              18.6333335948
            ],
            [
              73.92499898430003,
              18.6416669281
            ],
            [
              73.91666565100003,
              18.6416669281
            ],
            [
              73.91666565100003,
              18.6333335948
            ],
            [
              73.92499898430003,
              18.6333335948
            ]
          ]
        ]
      }
    },
    {
      "type": "Feature",
      "id": "cell-2-23",
      "properties": {
        "population": 1064.093,
        "density": 1243.644,
        "cell_area_sqkm": 0.855625,
        "row": 2,
        "col": 23,
        "source": "WorldPop"
      },
      "geometry": {
        "type": "Polygon",
        "coordinates": [
          [
            [
              73.93333231760003,
              18.6333335948
            ],
            [
              73.93333231760003,
              18.6416669281
            ],
            [
              73.92499898430003,
              18.6416669281
            ],
            [
              73.92499898430003,
              18.6333335948
            ],
            [
              73.93333231760003,
              18.6333335948
            ]
          ]
        ]
      }
    },
    {
      "type": "Feature",
      "id": "cell-2-24",
      "properties": {
        "population": 55.407,
        "density": 64.756,
        "cell_area_sqkm": 0.855625,
        "row": 2,
        "col": 24,
        "source": "WorldPop"
      },
      "geometry": {
        "type": "Polygon",
        "coordinates": [
          [
            [
              73.94166565090003,
              18.6333335948
            ],
            [
              73.94166565090003,
              18.6416669281
            ],
            [
              73.93333231760003,
              18.6416669281
            ],
            [
              73.93333231760003,
              18.6333335948
            ],
            [
              73.94166565090003,
              18.6333335948
            ]
          ]
        ]
      }
    },
    {
      "type": "Feature",
      "id": "cell-2-25",
      "properties": {
        "population": 398.136,
        "density": 465.316,
        "cell_area_sqkm": 0.855625,
        "row": 2,
        "col": 25,
        "source": "WorldPop"
      },
      "geometry": {
        "type": "Polygon",
        "coordinates": [
          [
            [
              73.94999898420004,
              18.6333335948
            ],
            [
              73.94999898420004,
              18.6416669281
            ],
            [
              73.94166565090003,
              18.6416669281
            ],
            [
              73.94166565090003,
              18.6333335948
            ],
            [
              73.94999898420004,
              18.6333335948
            ]
          ]
        ]
      }
    },
    {
      "type": "Feature",
      "id": "cell-2-26",
      "properties": {
        "population": 521.241,
        "density": 609.193,
        "cell_area_sqkm": 0.855625,
        "row": 2,
        "col": 26,
        "source": "WorldPop"
      },
      "geometry": {
        "type": "Polygon",
        "coordinates": [
          [
            [
              73.95833231750004,
              18.6333335948
            ],
            [
              73.95833231750004,
              18.6416669281
            ],
            [
              73.94999898420004,
              18.6416669281
            ],
            [
              73.94999898420004,
              18.6333335948
            ],
            [
              73.95833231750004,
              18.6333335948
            ]
          ]
        ]
      }
    },
    {
      "type": "Feature",
      "id": "cell-2-27",
      "properties": {
        "population": 507.427,
        "density": 593.048,
        "cell_area_sqkm": 0.855625,
        "row": 2,
        "col": 27,
        "source": "WorldPop"
      },
      "geometry": {
        "type": "Polygon",
        "coordinates": [
          [
            [
              73.96666565080002,
              18.6333335948
            ],
            [
              73.96666565080002,
              18.6416669281
            ],
            [
              73.95833231750004,
              18.6416669281
            ],
            [
              73.95833231750004,
              18.6333335948
            ],
            [
              73.96666565080002,
              18.6333335948
            ]
          ]
        ]
      }
    },
    {
      "type": "Feature",
      "id": "cell-2-28",
      "properties": {
        "population": 1296.176,
        "density": 1514.888,
        "cell_area_sqkm": 0.855625,
        "row": 2,
        "col": 28,
        "source": "WorldPop"
      },
      "geometry": {
        "type": "Polygon",
        "coordinates": [
          [
            [
              73.97499898410003,
              18.6333335948
            ],
            [
              73.97499898410003,
              18.6416669281
            ],
            [
              73.96666565080002,
              18.6416669281
            ],
            [
              73.96666565080002,
              18.6333335948
            ],
            [
              73.97499898410003,
              18.6333335948
            ]
          ]
        ]
      }
    },
    {
      "type": "Feature",
      "id": "cell-2-29",
      "properties": {
        "population": 124.082,
        "density": 145.019,
        "cell_area_sqkm": 0.855625,
        "row": 2,
        "col": 29,
        "source": "WorldPop"
      },
      "geometry": {
        "type": "Polygon",
        "coordinates": [
          [
            [
              73.98333231740003,
              18.6333335948
            ],
            [
              73.98333231740003,
              18.6416669281
            ],
            [
              73.97499898410003,
              18.6416669281
            ],
            [
              73.97499898410003,
              18.6333335948
            ],
            [
              73.98333231740003,
              18.6333335948
            ]
          ]
        ]
      }
    },
    {
      "type": "Feature",
      "id": "cell-2-30",
      "properties": {
        "population": 446.977,
        "density": 522.398,
        "cell_area_sqkm": 0.855625,
        "row": 2,
        "col": 30,
        "source": "WorldPop"
      },
      "geometry": {
        "type": "Polygon",
        "coordinates": [
          [
            [
              73.99166565070003,
              18.6333335948
            ],
            [
              73.99166565070003,
              18.6416669281
            ],
            [
              73.98333231740003,
              18.6416669281
            ],
            [
              73.98333231740003,
              18.6333335948
            ],
            [
              73.99166565070003,
              18.6333335948
            ]
          ]
        ]
      }
    },
    {
      "type": "Feature",
      "id": "cell-3-0",
      "properties": {
        "population": 4554.339,
        "density": 5322.821,
        "cell_area_sqkm": 0.855625,
        "row": 3,
        "col": 0,
        "source": "WorldPop"
      },
      "geometry": {
        "type": "Polygon",
        "coordinates": [
          [
            [
              73.74166565170003,
              18.6250002615
            ],
            [
              73.74166565170003,
              18.6333335948
            ],
            [
              73.73333231840003,
              18.6333335948
            ],
            [
              73.73333231840003,
              18.6250002615
            ],
            [
              73.74166565170003,
              18.6250002615
            ]
          ]
        ]
      }
    },
    {
      "type": "Feature",
      "id": "cell-3-1",
      "properties": {
        "population": 4960.771,
        "density": 5797.833,
        "cell_area_sqkm": 0.855625,
        "row": 3,
        "col": 1,
        "source": "WorldPop"
      },
      "geometry": {
        "type": "Polygon",
        "coordinates": [
          [
            [
              73.74999898500003,
              18.6250002615
            ],
            [
              73.74999898500003,
              18.6333335948
            ],
            [
              73.74166565170003,
              18.6333335948
            ],
            [
              73.74166565170003,
              18.6250002615
            ],
            [
              73.74999898500003,
              18.6250002615
            ]
          ]
        ]
      }
    },
    {
      "type": "Feature",
      "id": "cell-3-2",
      "properties": {
        "population": 6402.841,
        "density": 7483.233,
        "cell_area_sqkm": 0.855625,
        "row": 3,
        "col": 2,
        "source": "WorldPop"
      },
      "geometry": {
        "type": "Polygon",
        "coordinates": [
          [
            [
              73.75833231830003,
              18.6250002615
            ],
            [
              73.75833231830003,
              18.6333335948
            ],
            [
              73.74999898500003,
              18.6333335948
            ],
            [
              73.74999898500003,
              18.6250002615
            ],
            [
              73.75833231830003,
              18.6250002615
            ]
          ]
        ]
      }
    },
    {
      "type": "Feature",
      "id": "cell-3-3",
      "properties": {
        "population": 2606.433,
        "density": 3046.232,
        "cell_area_sqkm": 0.855625,
        "row": 3,
        "col": 3,
        "source": "WorldPop"
      },
      "geometry": {
        "type": "Polygon",
        "coordinates": [
          [
            [
              73.76666565160004,
              18.6250002615
            ],
            [
              73.76666565160004,
              18.6333335948
            ],
            [
              73.75833231830003,
              18.6333335948
            ],
            [
              73.75833231830003,
              18.6250002615
            ],
            [
              73.76666565160004,
              18.6250002615
            ]
          ]
        ]
      }
    },
    {
      "type": "Feature",
      "id": "cell-3-4",
      "properties": {
        "population": 5107.181,
        "density": 5968.948,
        "cell_area_sqkm": 0.855625,
        "row": 3,
        "col": 4,
        "source": "WorldPop"
      },
      "geometry": {
        "type": "Polygon",
        "coordinates": [
          [
            [
              73.77499898490004,
              18.6250002615
            ],
            [
              73.77499898490004,
              18.6333335948
            ],
            [
              73.76666565160004,
              18.6333335948
            ],
            [
              73.76666565160004,
              18.6250002615
            ],
            [
              73.77499898490004,
              18.6250002615
            ]
          ]
        ]
      }
    },
    {
      "type": "Feature",
      "id": "cell-3-5",
      "properties": {
        "population": 10770.171,
        "density": 12587.49,
        "cell_area_sqkm": 0.855625,
        "row": 3,
        "col": 5,
        "source": "WorldPop"
      },
      "geometry": {
        "type": "Polygon",
        "coordinates": [
          [
            [
              73.78333231820002,
              18.6250002615
            ],
            [
              73.78333231820002,
              18.6333335948
            ],
            [
              73.77499898490004,
              18.6333335948
            ],
            [
              73.77499898490004,
              18.6250002615
            ],
            [
              73.78333231820002,
              18.6250002615
            ]
          ]
        ]
      }
    },
    {
      "type": "Feature",
      "id": "cell-3-6",
      "properties": {
        "population": 10634.653,
        "density": 12429.106,
        "cell_area_sqkm": 0.855625,
        "row": 3,
        "col": 6,
        "source": "WorldPop"
      },
      "geometry": {
        "type": "Polygon",
        "coordinates": [
          [
            [
              73.79166565150003,
              18.6250002615
            ],
            [
              73.79166565150003,
              18.6333335948
            ],
            [
              73.78333231820002,
              18.6333335948
            ],
            [
              73.78333231820002,
              18.6250002615
            ],
            [
              73.79166565150003,
              18.6250002615
            ]
          ]
        ]
      }
    },
    {
      "type": "Feature",
      "id": "cell-3-7",
      "properties": {
        "population": 10974.173,
        "density": 12825.914,
        "cell_area_sqkm": 0.855625,
        "row": 3,
        "col": 7,
        "source": "WorldPop"
      },
      "geometry": {
        "type": "Polygon",
        "coordinates": [
          [
            [
              73.79999898480003,
              18.6250002615
            ],
            [
              73.79999898480003,
              18.6333335948
            ],
            [
              73.79166565150003,
              18.6333335948
            ],
            [
              73.79166565150003,
              18.6250002615
            ],
            [
              73.79999898480003,
              18.6250002615
            ]
          ]
        ]
      }
    },
    {
      "type": "Feature",
      "id": "cell-3-8",
      "properties": {
        "population": 11549.706,
        "density": 13498.561,
        "cell_area_sqkm": 0.855625,
        "row": 3,
        "col": 8,
        "source": "WorldPop"
      },
      "geometry": {
        "type": "Polygon",
        "coordinates": [
          [
            [
              73.80833231810003,
              18.6250002615
            ],
            [
              73.80833231810003,
              18.6333335948
            ],
            [
              73.79999898480003,
              18.6333335948
            ],
            [
              73.79999898480003,
              18.6250002615
            ],
            [
              73.80833231810003,
              18.6250002615
            ]
          ]
        ]
      }
    },
    {
      "type": "Feature",
      "id": "cell-3-9",
      "properties": {
        "population": 9602.088,
        "density": 11222.309,
        "cell_area_sqkm": 0.855625,
        "row": 3,
        "col": 9,
        "source": "WorldPop"
      },
      "geometry": {
        "type": "Polygon",
        "coordinates": [
          [
            [
              73.81666565140003,
              18.6250002615
            ],
            [
              73.81666565140003,
              18.6333335948
            ],
            [
              73.80833231810003,
              18.6333335948
            ],
            [
              73.80833231810003,
              18.6250002615
            ],
            [
              73.81666565140003,
              18.6250002615
            ]
          ]
        ]
      }
    },
    {
      "type": "Feature",
      "id": "cell-3-10",
      "properties": {
        "population": 8629.51,
        "density": 10085.621,
        "cell_area_sqkm": 0.855625,
        "row": 3,
        "col": 10,
        "source": "WorldPop"
      },
      "geometry": {
        "type": "Polygon",
        "coordinates": [
          [
            [
              73.82499898470003,
              18.6250002615
            ],
            [
              73.82499898470003,
              18.6333335948
            ],
            [
              73.81666565140003,
              18.6333335948
            ],
            [
              73.81666565140003,
              18.6250002615
            ],
            [
              73.82499898470003,
              18.6250002615
            ]
          ]
        ]
      }
    },
    {
      "type": "Feature",
      "id": "cell-3-11",
      "properties": {
        "population": 7362.253,
        "density": 8604.533,
        "cell_area_sqkm": 0.855625,
        "row": 3,
        "col": 11,
        "source": "WorldPop"
      },
      "geometry": {
        "type": "Polygon",
        "coordinates": [
          [
            [
              73.83333231800003,
              18.6250002615
            ],
            [
              73.83333231800003,
              18.6333335948
            ],
            [
              73.82499898470003,
              18.6333335948
            ],
            [
              73.82499898470003,
              18.6250002615
            ],
            [
              73.83333231800003,
              18.6250002615
            ]
          ]
        ]
      }
    },
    {
      "type": "Feature",
      "id": "cell-3-12",
      "properties": {
        "population": 6728.708,
        "density": 7864.085,
        "cell_area_sqkm": 0.855625,
        "row": 3,
        "col": 12,
        "source": "WorldPop"
      },
      "geometry": {
        "type": "Polygon",
        "coordinates": [
          [
            [
              73.84166565130003,
              18.6250002615
            ],
            [
              73.84166565130003,
              18.6333335948
            ],
            [
              73.83333231800003,
              18.6333335948
            ],
            [
              73.83333231800003,
              18.6250002615
            ],
            [
              73.84166565130003,
              18.6250002615
            ]
          ]
        ]
      }
    },
    {
      "type": "Feature",
      "id": "cell-3-13",
      "properties": {
        "population": 9706.762,
        "density": 11344.645,
        "cell_area_sqkm": 0.855625,
        "row": 3,
        "col": 13,
        "source": "WorldPop"
      },
      "geometry": {
        "type": "Polygon",
        "coordinates": [
          [
            [
              73.84999898460003,
              18.6250002615
            ],
            [
              73.84999898460003,
              18.6333335948
            ],
            [
              73.84166565130003,
              18.6333335948
            ],
            [
              73.84166565130003,
              18.6250002615
            ],
            [
              73.84999898460003,
              18.6250002615
            ]
          ]
        ]
      }
    },
    {
      "type": "Feature",
      "id": "cell-3-14",
      "properties": {
        "population": 9454.789,
        "density": 11050.155,
        "cell_area_sqkm": 0.855625,
        "row": 3,
        "col": 14,
        "source": "WorldPop"
      },
      "geometry": {
        "type": "Polygon",
        "coordinates": [
          [
            [
              73.85833231790004,
              18.6250002615
            ],
            [
              73.85833231790004,
              18.6333335948
            ],
            [
              73.84999898460003,
              18.6333335948
            ],
            [
              73.84999898460003,
              18.6250002615
            ],
            [
              73.85833231790004,
              18.6250002615
            ]
          ]
        ]
      }
    },
    {
      "type": "Feature",
      "id": "cell-3-15",
      "properties": {
        "population": 3303.163,
        "density": 3860.527,
        "cell_area_sqkm": 0.855625,
        "row": 3,
        "col": 15,
        "source": "WorldPop"
      },
      "geometry": {
        "type": "Polygon",
        "coordinates": [
          [
            [
              73.86666565120004,
              18.6250002615
            ],
            [
              73.86666565120004,
              18.6333335948
            ],
            [
              73.85833231790004,
              18.6333335948
            ],
            [
              73.85833231790004,
              18.6250002615
            ],
            [
              73.86666565120004,
              18.6250002615
            ]
          ]
        ]
      }
    },
    {
      "type": "Feature",
      "id": "cell-3-16",
      "properties": {
        "population": 5004.162,
        "density": 5848.545,
        "cell_area_sqkm": 0.855625,
        "row": 3,
        "col": 16,
        "source": "WorldPop"
      },
      "geometry": {
        "type": "Polygon",
        "coordinates": [
          [
            [
              73.87499898450002,
              18.6250002615
            ],
            [
              73.87499898450002,
              18.6333335948
            ],
            [
              73.86666565120004,
              18.6333335948
            ],
            [
              73.86666565120004,
              18.6250002615
            ],
            [
              73.87499898450002,
              18.6250002615
            ]
          ]
        ]
      }
    },
    {
      "type": "Feature",
      "id": "cell-3-17",
      "properties": {
        "population": 226.75,
        "density": 265.011,
        "cell_area_sqkm": 0.855625,
        "row": 3,
        "col": 17,
        "source": "WorldPop"
      },
      "geometry": {
        "type": "Polygon",
        "coordinates": [
          [
            [
              73.88333231780003,
              18.6250002615
            ],
            [
              73.88333231780003,
              18.6333335948
            ],
            [
              73.87499898450002,
              18.6333335948
            ],
            [
              73.87499898450002,
              18.6250002615
            ],
            [
              73.88333231780003,
              18.6250002615
            ]
          ]
        ]
      }
    },
    {
      "type": "Feature",
      "id": "cell-3-18",
      "properties": {
        "population": 14.644,
        "density": 17.115,
        "cell_area_sqkm": 0.855625,
        "row": 3,
        "col": 18,
        "source": "WorldPop"
      },
      "geometry": {
        "type": "Polygon",
        "coordinates": [
          [
            [
              73.89166565110003,
              18.6250002615
            ],
            [
              73.89166565110003,
              18.6333335948
            ],
            [
              73.88333231780003,
              18.6333335948
            ],
            [
              73.88333231780003,
              18.6250002615
            ],
            [
              73.89166565110003,
              18.6250002615
            ]
          ]
        ]
      }
    },
    {
      "type": "Feature",
      "id": "cell-3-19",
      "properties": {
        "population": 16.428,
        "density": 19.2,
        "cell_area_sqkm": 0.855625,
        "row": 3,
        "col": 19,
        "source": "WorldPop"
      },
      "geometry": {
        "type": "Polygon",
        "coordinates": [
          [
            [
              73.89999898440003,
              18.6250002615
            ],
            [
              73.89999898440003,
              18.6333335948
            ],
            [
              73.89166565110003,
              18.6333335948
            ],
            [
              73.89166565110003,
              18.6250002615
            ],
            [
              73.89999898440003,
              18.6250002615
            ]
          ]
        ]
      }
    },
    {
      "type": "Feature",
      "id": "cell-3-20",
      "properties": {
        "population": 203.82,
        "density": 238.212,
        "cell_area_sqkm": 0.855625,
        "row": 3,
        "col": 20,
        "source": "WorldPop"
      },
      "geometry": {
        "type": "Polygon",
        "coordinates": [
          [
            [
              73.90833231770003,
              18.6250002615
            ],
            [
              73.90833231770003,
              18.6333335948
            ],
            [
              73.89999898440003,
              18.6333335948
            ],
            [
              73.89999898440003,
              18.6250002615
            ],
            [
              73.90833231770003,
              18.6250002615
            ]
          ]
        ]
      }
    },
    {
      "type": "Feature",
      "id": "cell-3-21",
      "properties": {
        "population": 450.0,
        "density": 525.932,
        "cell_area_sqkm": 0.855625,
        "row": 3,
        "col": 21,
        "source": "WorldPop"
      },
      "geometry": {
        "type": "Polygon",
        "coordinates": [
          [
            [
              73.91666565100003,
              18.6250002615
            ],
            [
              73.91666565100003,
              18.6333335948
            ],
            [
              73.90833231770003,
              18.6333335948
            ],
            [
              73.90833231770003,
              18.6250002615
            ],
            [
              73.91666565100003,
              18.6250002615
            ]
          ]
        ]
      }
    },
    {
      "type": "Feature",
      "id": "cell-3-22",
      "properties": {
        "population": 351.785,
        "density": 411.144,
        "cell_area_sqkm": 0.855625,
        "row": 3,
        "col": 22,
        "source": "WorldPop"
      },
      "geometry": {
        "type": "Polygon",
        "coordinates": [
          [
            [
              73.92499898430003,
              18.6250002615
            ],
            [
              73.92499898430003,
              18.6333335948
            ],
            [
              73.91666565100003,
              18.6333335948
            ],
            [
              73.91666565100003,
              18.6250002615
            ],
            [
              73.92499898430003,
              18.6250002615
            ]
          ]
        ]
      }
    },
    {
      "type": "Feature",
      "id": "cell-3-23",
      "properties": {
        "population": 128.032,
        "density": 149.635,
        "cell_area_sqkm": 0.855625,
        "row": 3,
        "col": 23,
        "source": "WorldPop"
      },
      "geometry": {
        "type": "Polygon",
        "coordinates": [
          [
            [
              73.93333231760003,
              18.6250002615
            ],
            [
              73.93333231760003,
              18.6333335948
            ],
            [
              73.92499898430003,
              18.6333335948
            ],
            [
              73.92499898430003,
              18.6250002615
            ],
            [
              73.93333231760003,
              18.6250002615
            ]
          ]
        ]
      }
    },
    {
      "type": "Feature",
      "id": "cell-3-24",
      "properties": {
        "population": 196.697,
        "density": 229.887,
        "cell_area_sqkm": 0.855625,
        "row": 3,
        "col": 24,
        "source": "WorldPop"
      },
      "geometry": {
        "type": "Polygon",
        "coordinates": [
          [
            [
              73.94166565090003,
              18.6250002615
            ],
            [
              73.94166565090003,
              18.6333335948
            ],
            [
              73.93333231760003,
              18.6333335948
            ],
            [
              73.93333231760003,
              18.6250002615
            ],
            [
              73.94166565090003,
              18.6250002615
            ]
          ]
        ]
      }
    },
    {
      "type": "Feature",
      "id": "cell-3-25",
      "properties": {
        "population": 814.078,
        "density": 951.442,
        "cell_area_sqkm": 0.855625,
        "row": 3,
        "col": 25,
        "source": "WorldPop"
      },
      "geometry": {
        "type": "Polygon",
        "coordinates": [
          [
            [
              73.94999898420004,
              18.6250002615
            ],
            [
              73.94999898420004,
              18.6333335948
            ],
            [
              73.94166565090003,
              18.6333335948
            ],
            [
              73.94166565090003,
              18.6250002615
            ],
            [
              73.94999898420004,
              18.6250002615
            ]
          ]
        ]
      }
    },
    {
      "type": "Feature",
      "id": "cell-3-26",
      "properties": {
        "population": 1653.761,
        "density": 1932.81,
        "cell_area_sqkm": 0.855625,
        "row": 3,
        "col": 26,
        "source": "WorldPop"
      },
      "geometry": {
        "type": "Polygon",
        "coordinates": [
          [
            [
              73.95833231750004,
              18.6250002615
            ],
            [
              73.95833231750004,
              18.6333335948
            ],
            [
              73.94999898420004,
              18.6333335948
            ],
            [
              73.94999898420004,
              18.6250002615
            ],
            [
              73.95833231750004,
              18.6250002615
            ]
          ]
        ]
      }
    },
    {
      "type": "Feature",
      "id": "cell-3-27",
      "properties": {
        "population": 171.668,
        "density": 200.635,
        "cell_area_sqkm": 0.855625,
        "row": 3,
        "col": 27,
        "source": "WorldPop"
      },
      "geometry": {
        "type": "Polygon",
        "coordinates": [
          [
            [
              73.96666565080002,
              18.6250002615
            ],
            [
              73.96666565080002,
              18.6333335948
            ],
            [
              73.95833231750004,
              18.6333335948
            ],
            [
              73.95833231750004,
              18.6250002615
            ],
            [
              73.96666565080002,
              18.6250002615
            ]
          ]
        ]
      }
    },
    {
      "type": "Feature",
      "id": "cell-3-28",
      "properties": {
        "population": 830.324,
        "density": 970.43,
        "cell_area_sqkm": 0.855625,
        "row": 3,
        "col": 28,
        "source": "WorldPop"
      },
      "geometry": {
        "type": "Polygon",
        "coordinates": [
          [
            [
              73.97499898410003,
              18.6250002615
            ],
            [
              73.97499898410003,
              18.6333335948
            ],
            [
              73.96666565080002,
              18.6333335948
            ],
            [
              73.96666565080002,
              18.6250002615
            ],
            [
              73.97499898410003,
              18.6250002615
            ]
          ]
        ]
      }
    },
    {
      "type": "Feature",
      "id": "cell-3-29",
      "properties": {
        "population": 306.154,
        "density": 357.813,
        "cell_area_sqkm": 0.855625,
        "row": 3,
        "col": 29,
        "source": "WorldPop"
      },
      "geometry": {
        "type": "Polygon",
        "coordinates": [
          [
            [
              73.98333231740003,
              18.6250002615
            ],
            [
              73.98333231740003,
              18.6333335948
            ],
            [
              73.97499898410003,
              18.6333335948
            ],
            [
              73.97499898410003,
              18.6250002615
            ],
            [
              73.98333231740003,
              18.6250002615
            ]
          ]
        ]
      }
    },
    {
      "type": "Feature",
      "id": "cell-3-30",
      "properties": {
        "population": 751.958,
        "density": 878.841,
        "cell_area_sqkm": 0.855625,
        "row": 3,
        "col": 30,
        "source": "WorldPop"
      },
      "geometry": {
        "type": "Polygon",
        "coordinates": [
          [
            [
              73.99166565070003,
              18.6250002615
            ],
            [
              73.99166565070003,
              18.6333335948
            ],
            [
              73.98333231740003,
              18.6333335948
            ],
            [
              73.98333231740003,
              18.6250002615
            ],
            [
              73.99166565070003,
              18.6250002615
            ]
          ]
        ]
      }
    },
    {
      "type": "Feature",
      "id": "cell-4-0",
      "properties": {
        "population": 2717.782,
        "density": 3176.37,
        "cell_area_sqkm": 0.855625,
        "row": 4,
        "col": 0,
        "source": "WorldPop"
      },
      "geometry": {
        "type": "Polygon",
        "coordinates": [
          [
            [
              73.74166565170003,
              18.6166669282
            ],
            [
              73.74166565170003,
              18.6250002615
            ],
            [
              73.73333231840003,
              18.6250002615
            ],
            [
              73.73333231840003,
              18.6166669282
            ],
            [
              73.74166565170003,
              18.6166669282
            ]
          ]
        ]
      }
    },
    {
      "type": "Feature",
      "id": "cell-4-1",
      "properties": {
        "population": 6760.954,
        "density": 7901.773,
        "cell_area_sqkm": 0.855625,
        "row": 4,
        "col": 1,
        "source": "WorldPop"
      },
      "geometry": {
        "type": "Polygon",
        "coordinates": [
          [
            [
              73.74999898500003,
              18.6166669282
            ],
            [
              73.74999898500003,
              18.6250002615
            ],
            [
              73.74166565170003,
              18.6250002615
            ],
            [
              73.74166565170003,
              18.6166669282
            ],
            [
              73.74999898500003,
              18.6166669282
            ]
          ]
        ]
      }
    },
    {
      "type": "Feature",
      "id": "cell-4-2",
      "properties": {
        "population": 5577.329,
        "density": 6518.427,
        "cell_area_sqkm": 0.855625,
        "row": 4,
        "col": 2,
        "source": "WorldPop"
      },
      "geometry": {
        "type": "Polygon",
        "coordinates": [
          [
            [
              73.75833231830003,
              18.6166669282
            ],
            [
              73.75833231830003,
              18.6250002615
            ],
            [
              73.74999898500003,
              18.6250002615
            ],
            [
              73.74999898500003,
              18.6166669282
            ],
            [
              73.75833231830003,
              18.6166669282
            ]
          ]
        ]
      }
    },
    {
      "type": "Feature",
      "id": "cell-4-3",
      "properties": {
        "population": 3609.392,
        "density": 4218.427,
        "cell_area_sqkm": 0.855625,
        "row": 4,
        "col": 3,
        "source": "WorldPop"
      },
      "geometry": {
        "type": "Polygon",
        "coordinates": [
          [
            [
              73.76666565160004,
              18.6166669282
            ],
            [
              73.76666565160004,
              18.6250002615
            ],
            [
              73.75833231830003,
              18.6250002615
            ],
            [
              73.75833231830003,
              18.6166669282
            ],
            [
              73.76666565160004,
              18.6166669282
            ]
          ]
        ]
      }
    },
    {
      "type": "Feature",
      "id": "cell-4-4",
      "properties": {
        "population": 7575.303,
        "density": 8853.531,
        "cell_area_sqkm": 0.855625,
        "row": 4,
        "col": 4,
        "source": "WorldPop"
      },
      "geometry": {
        "type": "Polygon",
        "coordinates": [
          [
            [
              73.77499898490004,
              18.6166669282
            ],
            [
              73.77499898490004,
              18.6250002615
            ],
            [
              73.76666565160004,
              18.6250002615
            ],
            [
              73.76666565160004,
              18.6166669282
            ],
            [
              73.77499898490004,
              18.6166669282
            ]
          ]
        ]
      }
    },
    {
      "type": "Feature",
      "id": "cell-4-5",
      "properties": {
        "population": 7559.918,
        "density": 8835.551,
        "cell_area_sqkm": 0.855625,
        "row": 4,
        "col": 5,
        "source": "WorldPop"
      },
      "geometry": {
        "type": "Polygon",
        "coordinates": [
          [
            [
              73.78333231820002,
              18.6166669282
            ],
            [
              73.78333231820002,
              18.6250002615
            ],
            [
              73.77499898490004,
              18.6250002615
            ],
            [
              73.77499898490004,
              18.6166669282
            ],
            [
              73.78333231820002,
              18.6166669282
            ]
          ]
        ]
      }
    },
    {
      "type": "Feature",
      "id": "cell-4-6",
      "properties": {
        "population": 10142.665,
        "density": 11854.101,
        "cell_area_sqkm": 0.855625,
        "row": 4,
        "col": 6,
        "source": "WorldPop"
      },
      "geometry": {
        "type": "Polygon",
        "coordinates": [
          [
            [
              73.79166565150003,
              18.6166669282
            ],
            [
              73.79166565150003,
              18.6250002615
            ],
            [
              73.78333231820002,
              18.6250002615
            ],
            [
              73.78333231820002,
              18.6166669282
            ],
            [
              73.79166565150003,
              18.6166669282
            ]
          ]
        ]
      }
    },
    {
      "type": "Feature",
      "id": "cell-4-7",
      "properties": {
        "population": 11231.674,
        "density": 13126.865,
        "cell_area_sqkm": 0.855625,
        "row": 4,
        "col": 7,
        "source": "WorldPop"
      },
      "geometry": {
        "type": "Polygon",
        "coordinates": [
          [
            [
              73.79999898480003,
              18.6166669282
            ],
            [
              73.79999898480003,
              18.6250002615
            ],
            [
              73.79166565150003,
              18.6250002615
            ],
            [
              73.79166565150003,
              18.6166669282
            ],
            [
              73.79999898480003,
              18.6166669282
            ]
          ]
        ]
      }
    },
    {
      "type": "Feature",
      "id": "cell-4-8",
      "properties": {
        "population": 10786.913,
        "density": 12607.057,
        "cell_area_sqkm": 0.855625,
        "row": 4,
        "col": 8,
        "source": "WorldPop"
      },
      "geometry": {
        "type": "Polygon",
        "coordinates": [
          [
            [
              73.80833231810003,
              18.6166669282
            ],
            [
              73.80833231810003,
              18.6250002615
            ],
            [
              73.79999898480003,
              18.6250002615
            ],
            [
              73.79999898480003,
              18.6166669282
            ],
            [
              73.80833231810003,
              18.6166669282
            ]
          ]
        ]
      }
    },
    {
      "type": "Feature",
      "id": "cell-4-9",
      "properties": {
        "population": 5852.006,
        "density": 6839.452,
        "cell_area_sqkm": 0.855625,
        "row": 4,
        "col": 9,
        "source": "WorldPop"
      },
      "geometry": {
        "type": "Polygon",
        "coordinates": [
          [
            [
              73.81666565140003,
              18.6166669282
            ],
            [
              73.81666565140003,
              18.6250002615
            ],
            [
              73.80833231810003,
              18.6250002615
            ],
            [
              73.80833231810003,
              18.6166669282
            ],
            [
              73.81666565140003,
              18.6166669282
            ]
          ]
        ]
      }
    },
    {
      "type": "Feature",
      "id": "cell-4-10",
      "properties": {
        "population": 9311.087,
        "density": 10882.205,
        "cell_area_sqkm": 0.855625,
        "row": 4,
        "col": 10,
        "source": "WorldPop"
      },
      "geometry": {
        "type": "Polygon",
        "coordinates": [
          [
            [
              73.82499898470003,
              18.6166669282
            ],
            [
              73.82499898470003,
              18.6250002615
            ],
            [
              73.81666565140003,
              18.6250002615
            ],
            [
              73.81666565140003,
              18.6166669282
            ],
            [
              73.82499898470003,
              18.6166669282
            ]
          ]
        ]
      }
    },
    {
      "type": "Feature",
      "id": "cell-4-11",
      "properties": {
        "population": 5245.946,
        "density": 6131.128,
        "cell_area_sqkm": 0.855625,
        "row": 4,
        "col": 11,
        "source": "WorldPop"
      },
      "geometry": {
        "type": "Polygon",
        "coordinates": [
          [
            [
              73.83333231800003,
              18.6166669282
            ],
            [
              73.83333231800003,
              18.6250002615
            ],
            [
              73.82499898470003,
              18.6250002615
            ],
            [
              73.82499898470003,
              18.6166669282
            ],
            [
              73.83333231800003,
              18.6166669282
            ]
          ]
        ]
      }
    },
    {
      "type": "Feature",
      "id": "cell-4-12",
      "properties": {
        "population": 6377.687,
        "density": 7453.834,
        "cell_area_sqkm": 0.855625,
        "row": 4,
        "col": 12,
        "source": "WorldPop"
      },
      "geometry": {
        "type": "Polygon",
        "coordinates": [
          [
            [
              73.84166565130003,
              18.6166669282
            ],
            [
              73.84166565130003,
              18.6250002615
            ],
            [
              73.83333231800003,
              18.6250002615
            ],
            [
              73.83333231800003,
              18.6166669282
            ],
            [
              73.84166565130003,
              18.6166669282
            ]
          ]
        ]
      }
    },
    {
      "type": "Feature",
      "id": "cell-4-13",
      "properties": {
        "population": 10796.501,
        "density": 12618.263,
        "cell_area_sqkm": 0.855625,
        "row": 4,
        "col": 13,
        "source": "WorldPop"
      },
      "geometry": {
        "type": "Polygon",
        "coordinates": [
          [
            [
              73.84999898460003,
              18.6166669282
            ],
            [
              73.84999898460003,
              18.6250002615
            ],
            [
              73.84166565130003,
              18.6250002615
            ],
            [
              73.84166565130003,
              18.6166669282
            ],
            [
              73.84999898460003,
              18.6166669282
            ]
          ]
        ]
      }
    },
    {
      "type": "Feature",
      "id": "cell-4-14",
      "properties": {
        "population": 10926.504,
        "density": 12770.202,
        "cell_area_sqkm": 0.855625,
        "row": 4,
        "col": 14,
        "source": "WorldPop"
      },
      "geometry": {
        "type": "Polygon",
        "coordinates": [
          [
            [
              73.85833231790004,
              18.6166669282
            ],
            [
              73.85833231790004,
              18.6250002615
            ],
            [
              73.84999898460003,
              18.6250002615
            ],
            [
              73.84999898460003,
              18.6166669282
            ],
            [
              73.85833231790004,
              18.6166669282
            ]
          ]
        ]
      }
    },
    {
      "type": "Feature",
      "id": "cell-4-15",
      "properties": {
        "population": 6899.688,
        "density": 8063.916,
        "cell_area_sqkm": 0.855625,
        "row": 4,
        "col": 15,
        "source": "WorldPop"
      },
      "geometry": {
        "type": "Polygon",
        "coordinates": [
          [
            [
              73.86666565120004,
              18.6166669282
            ],
            [
              73.86666565120004,
              18.6250002615
            ],
            [
              73.85833231790004,
              18.6250002615
            ],
            [
              73.85833231790004,
              18.6166669282
            ],
            [
              73.86666565120004,
              18.6166669282
            ]
          ]
        ]
      }
    },
    {
      "type": "Feature",
      "id": "cell-4-16",
      "properties": {
        "population": 8522.234,
        "density": 9960.245,
        "cell_area_sqkm": 0.855625,
        "row": 4,
        "col": 16,
        "source": "WorldPop"
      },
      "geometry": {
        "type": "Polygon",
        "coordinates": [
          [
            [
              73.87499898450002,
              18.6166669282
            ],
            [
              73.87499898450002,
              18.6250002615
            ],
            [
              73.86666565120004,
              18.6250002615
            ],
            [
              73.86666565120004,
              18.6166669282
            ],
            [
              73.87499898450002,
              18.6166669282
            ]
          ]
        ]
      }
    },
    {
      "type": "Feature",
      "id": "cell-4-17",
      "properties": {
        "population": 3252.082,
        "density": 3800.826,
        "cell_area_sqkm": 0.855625,
        "row": 4,
        "col": 17,
        "source": "WorldPop"
      },
      "geometry": {
        "type": "Polygon",
        "coordinates": [
          [
            [
              73.88333231780003,
              18.6166669282
            ],
            [
              73.88333231780003,
              18.6250002615
            ],
            [
              73.87499898450002,
              18.6250002615
            ],
            [
              73.87499898450002,
              18.6166669282
            ],
            [
              73.88333231780003,
              18.6166669282
            ]
          ]
        ]
      }
    },
    {
      "type": "Feature",
      "id": "cell-4-18",
      "properties": {
        "population": 105.029,
        "density": 122.752,
        "cell_area_sqkm": 0.855625,
        "row": 4,
        "col": 18,
        "source": "WorldPop"
      },
      "geometry": {
        "type": "Polygon",
        "coordinates": [
          [
            [
              73.89166565110003,
              18.6166669282
            ],
            [
              73.89166565110003,
              18.6250002615
            ],
            [
              73.88333231780003,
              18.6250002615
            ],
            [
              73.88333231780003,
              18.6166669282
            ],
            [
              73.89166565110003,
              18.6166669282
            ]
          ]
        ]
      }
    },
    {
      "type": "Feature",
      "id": "cell-4-20",
      "properties": {
        "population": 431.687,
        "density": 504.528,
        "cell_area_sqkm": 0.855625,
        "row": 4,
        "col": 20,
        "source": "WorldPop"
      },
      "geometry": {
        "type": "Polygon",
        "coordinates": [
          [
            [
              73.90833231770003,
              18.6166669282
            ],
            [
              73.90833231770003,
              18.6250002615
            ],
            [
              73.89999898440003,
              18.6250002615
            ],
            [
              73.89999898440003,
              18.6166669282
            ],
            [
              73.90833231770003,
              18.6166669282
            ]
          ]
        ]
      }
    },
    {
      "type": "Feature",
      "id": "cell-4-21",
      "properties": {
        "population": 2681.202,
        "density": 3133.619,
        "cell_area_sqkm": 0.855625,
        "row": 4,
        "col": 21,
        "source": "WorldPop"
      },
      "geometry": {
        "type": "Polygon",
        "coordinates": [
          [
            [
              73.91666565100003,
              18.6166669282
            ],
            [
              73.91666565100003,
              18.6250002615
            ],
            [
              73.90833231770003,
              18.6250002615
            ],
            [
              73.90833231770003,
              18.6166669282
            ],
            [
              73.91666565100003,
              18.6166669282
            ]
          ]
        ]
      }
    },
    {
      "type": "Feature",
      "id": "cell-4-22",
      "properties": {
        "population": 1325.244,
        "density": 1548.861,
        "cell_area_sqkm": 0.855625,
        "row": 4,
        "col": 22,
        "source": "WorldPop"
      },
      "geometry": {
        "type": "Polygon",
        "coordinates": [
          [
            [
              73.92499898430003,
              18.6166669282
            ],
            [
              73.92499898430003,
              18.6250002615
            ],
            [
              73.91666565100003,
              18.6250002615
            ],
            [
              73.91666565100003,
              18.6166669282
            ],
            [
              73.92499898430003,
              18.6166669282
            ]
          ]
        ]
      }
    },
    {
      "type": "Feature",
      "id": "cell-4-23",
      "properties": {
        "population": 714.154,
        "density": 834.657,
        "cell_area_sqkm": 0.855625,
        "row": 4,
        "col": 23,
        "source": "WorldPop"
      },
      "geometry": {
        "type": "Polygon",
        "coordinates": [
          [
            [
              73.93333231760003,
              18.6166669282
            ],
            [
              73.93333231760003,
              18.6250002615
            ],
            [
              73.92499898430003,
              18.6250002615
            ],
            [
              73.92499898430003,
              18.6166669282
            ],
            [
              73.93333231760003,
              18.6166669282
            ]
          ]
        ]
      }
    },
    {
      "type": "Feature",
      "id": "cell-4-24",
      "properties": {
        "population": 339.906,
        "density": 397.26,
        "cell_area_sqkm": 0.855625,
        "row": 4,
        "col": 24,
        "source": "WorldPop"
      },
      "geometry": {
        "type": "Polygon",
        "coordinates": [
          [
            [
              73.94166565090003,
              18.6166669282
            ],
            [
              73.94166565090003,
              18.6250002615
            ],
            [
              73.93333231760003,
              18.6250002615
            ],
            [
              73.93333231760003,
              18.6166669282
            ],
            [
              73.94166565090003,
              18.6166669282
            ]
          ]
        ]
      }
    },
    {
      "type": "Feature",
      "id": "cell-4-25",
      "properties": {
        "population": 1124.504,
        "density": 1314.249,
        "cell_area_sqkm": 0.855625,
        "row": 4,
        "col": 25,
        "source": "WorldPop"
      },
      "geometry": {
        "type": "Polygon",
        "coordinates": [
          [
            [
              73.94999898420004,
              18.6166669282
            ],
            [
              73.94999898420004,
              18.6250002615
            ],
            [
              73.94166565090003,
              18.6250002615
            ],
            [
              73.94166565090003,
              18.6166669282
            ],
            [
              73.94999898420004,
              18.6166669282
            ]
          ]
        ]
      }
    },
    {
      "type": "Feature",
      "id": "cell-4-26",
      "properties": {
        "population": 1251.924,
        "density": 1463.169,
        "cell_area_sqkm": 0.855625,
        "row": 4,
        "col": 26,
        "source": "WorldPop"
      },
      "geometry": {
        "type": "Polygon",
        "coordinates": [
          [
            [
              73.95833231750004,
              18.6166669282
            ],
            [
              73.95833231750004,
              18.6250002615
            ],
            [
              73.94999898420004,
              18.6250002615
            ],
            [
              73.94999898420004,
              18.6166669282
            ],
            [
              73.95833231750004,
              18.6166669282
            ]
          ]
        ]
      }
    },
    {
      "type": "Feature",
      "id": "cell-4-27",
      "properties": {
        "population": 624.972,
        "density": 730.428,
        "cell_area_sqkm": 0.855625,
        "row": 4,
        "col": 27,
        "source": "WorldPop"
      },
      "geometry": {
        "type": "Polygon",
        "coordinates": [
          [
            [
              73.96666565080002,
              18.6166669282
            ],
            [
              73.96666565080002,
              18.6250002615
            ],
            [
              73.95833231750004,
              18.6250002615
            ],
            [
              73.95833231750004,
              18.6166669282
            ],
            [
              73.96666565080002,
              18.6166669282
            ]
          ]
        ]
      }
    },
    {
      "type": "Feature",
      "id": "cell-4-28",
      "properties": {
        "population": 144.234,
        "density": 168.572,
        "cell_area_sqkm": 0.855625,
        "row": 4,
        "col": 28,
        "source": "WorldPop"
      },
      "geometry": {
        "type": "Polygon",
        "coordinates": [
          [
            [
              73.97499898410003,
              18.6166669282
            ],
            [
              73.97499898410003,
              18.6250002615
            ],
            [
              73.96666565080002,
              18.6250002615
            ],
            [
              73.96666565080002,
              18.6166669282
            ],
            [
              73.97499898410003,
              18.6166669282
            ]
          ]
        ]
      }
    },
    {
      "type": "Feature",
      "id": "cell-4-29",
      "properties": {
        "population": 821.846,
        "density": 960.521,
        "cell_area_sqkm": 0.855625,
        "row": 4,
        "col": 29,
        "source": "WorldPop"
      },
      "geometry": {
        "type": "Polygon",
        "coordinates": [
          [
            [
              73.98333231740003,
              18.6166669282
            ],
            [
              73.98333231740003,
              18.6250002615
            ],
            [
              73.97499898410003,
              18.6250002615
            ],
            [
              73.97499898410003,
              18.6166669282
            ],
            [
              73.98333231740003,
              18.6166669282
            ]
          ]
        ]
      }
    },
    {
      "type": "Feature",
      "id": "cell-4-30",
      "properties": {
        "population": 1080.666,
        "density": 1263.013,
        "cell_area_sqkm": 0.855625,
        "row": 4,
        "col": 30,
        "source": "WorldPop"
      },
      "geometry": {
        "type": "Polygon",
        "coordinates": [
          [
            [
              73.99166565070003,
              18.6166669282
            ],
            [
              73.99166565070003,
              18.6250002615
            ],
            [
              73.98333231740003,
              18.6250002615
            ],
            [
              73.98333231740003,
              18.6166669282
            ],
            [
              73.99166565070003,
              18.6166669282
            ]
          ]
        ]
      }
    },
    {
      "type": "Feature",
      "id": "cell-5-0",
      "properties": {
        "population": 3760.963,
        "density": 4395.574,
        "cell_area_sqkm": 0.855625,
        "row": 5,
        "col": 0,
        "source": "WorldPop"
      },
      "geometry": {
        "type": "Polygon",
        "coordinates": [
          [
            [
              73.74166565170003,
              18.6083335949
            ],
            [
              73.74166565170003,
              18.6166669282
            ],
            [
              73.73333231840003,
              18.6166669282
            ],
            [
              73.73333231840003,
              18.6083335949
            ],
            [
              73.74166565170003,
              18.6083335949
            ]
          ]
        ]
      }
    },
    {
      "type": "Feature",
      "id": "cell-5-1",
      "properties": {
        "population": 7881.505,
        "density": 9211.402,
        "cell_area_sqkm": 0.855625,
        "row": 5,
        "col": 1,
        "source": "WorldPop"
      },
      "geometry": {
        "type": "Polygon",
        "coordinates": [
          [
            [
              73.74999898500003,
              18.6083335949
            ],
            [
              73.74999898500003,
              18.6166669282
            ],
            [
              73.74166565170003,
              18.6166669282
            ],
            [
              73.74166565170003,
              18.6083335949
            ],
            [
              73.74999898500003,
              18.6083335949
            ]
          ]
        ]
      }
    },
    {
      "type": "Feature",
      "id": "cell-5-2",
      "properties": {
        "population": 7190.492,
        "density": 8403.789,
        "cell_area_sqkm": 0.855625,
        "row": 5,
        "col": 2,
        "source": "WorldPop"
      },
      "geometry": {
        "type": "Polygon",
        "coordinates": [
          [
            [
              73.75833231830003,
              18.6083335949
            ],
            [
              73.75833231830003,
              18.6166669282
            ],
            [
              73.74999898500003,
              18.6166669282
            ],
            [
              73.74999898500003,
              18.6083335949
            ],
            [
              73.75833231830003,
              18.6083335949
            ]
          ]
        ]
      }
    },
    {
      "type": "Feature",
      "id": "cell-5-3",
      "properties": {
        "population": 8448.575,
        "density": 9874.157,
        "cell_area_sqkm": 0.855625,
        "row": 5,
        "col": 3,
        "source": "WorldPop"
      },
      "geometry": {
        "type": "Polygon",
        "coordinates": [
          [
            [
              73.76666565160004,
              18.6083335949
            ],
            [
              73.76666565160004,
              18.6166669282
            ],
            [
              73.75833231830003,
              18.6166669282
            ],
            [
              73.75833231830003,
              18.6083335949
            ],
            [
              73.76666565160004,
              18.6083335949
            ]
          ]
        ]
      }
    },
    {
      "type": "Feature",
      "id": "cell-5-4",
      "properties": {
        "population": 10959.985,
        "density": 12809.333,
        "cell_area_sqkm": 0.855625,
        "row": 5,
        "col": 4,
        "source": "WorldPop"
      },
      "geometry": {
        "type": "Polygon",
        "coordinates": [
          [
            [
              73.77499898490004,
              18.6083335949
            ],
            [
              73.77499898490004,
              18.6166669282
            ],
            [
              73.76666565160004,
              18.6166669282
            ],
            [
              73.76666565160004,
              18.6083335949
            ],
            [
              73.77499898490004,
              18.6083335949
            ]
          ]
        ]
      }
    },
    {
      "type": "Feature",
      "id": "cell-5-5",
      "properties": {
        "population": 11193.747,
        "density": 13082.539,
        "cell_area_sqkm": 0.855625,
        "row": 5,
        "col": 5,
        "source": "WorldPop"
      },
      "geometry": {
        "type": "Polygon",
        "coordinates": [
          [
            [
              73.78333231820002,
              18.6083335949
            ],
            [
              73.78333231820002,
              18.6166669282
            ],
            [
              73.77499898490004,
              18.6166669282
            ],
            [
              73.77499898490004,
              18.6083335949
            ],
            [
              73.78333231820002,
              18.6083335949
            ]
          ]
        ]
      }
    },
    {
      "type": "Feature",
      "id": "cell-5-6",
      "properties": {
        "population": 11595.34,
        "density": 13551.895,
        "cell_area_sqkm": 0.855625,
        "row": 5,
        "col": 6,
        "source": "WorldPop"
      },
      "geometry": {
        "type": "Polygon",
        "coordinates": [
          [
            [
              73.79166565150003,
              18.6083335949
            ],
            [
              73.79166565150003,
              18.6166669282
            ],
            [
              73.78333231820002,
              18.6166669282
            ],
            [
              73.78333231820002,
              18.6083335949
            ],
            [
              73.79166565150003,
              18.6083335949
            ]
          ]
        ]
      }
    },
    {
      "type": "Feature",
      "id": "cell-5-7",
      "properties": {
        "population": 9616.528,
        "density": 11239.186,
        "cell_area_sqkm": 0.855625,
        "row": 5,
        "col": 7,
        "source": "WorldPop"
      },
      "geometry": {
        "type": "Polygon",
        "coordinates": [
          [
            [
              73.79999898480003,
              18.6083335949
            ],
            [
              73.79999898480003,
              18.6166669282
            ],
            [
              73.79166565150003,
              18.6166669282
            ],
            [
              73.79166565150003,
              18.6083335949
            ],
            [
              73.79999898480003,
              18.6083335949
            ]
          ]
        ]
      }
    },
    {
      "type": "Feature",
      "id": "cell-5-8",
      "properties": {
        "population": 8218.393,
        "density": 9605.134,
        "cell_area_sqkm": 0.855625,
        "row": 5,
        "col": 8,
        "source": "WorldPop"
      },
      "geometry": {
        "type": "Polygon",
        "coordinates": [
          [
            [
              73.80833231810003,
              18.6083335949
            ],
            [
              73.80833231810003,
              18.6166669282
            ],
            [
              73.79999898480003,
              18.6166669282
            ],
            [
              73.79999898480003,
              18.6083335949
            ],
            [
              73.80833231810003,
              18.6083335949
            ]
          ]
        ]
      }
    },
    {
      "type": "Feature",
      "id": "cell-5-9",
      "properties": {
        "population": 2339.996,
        "density": 2734.838,
        "cell_area_sqkm": 0.855625,
        "row": 5,
        "col": 9,
        "source": "WorldPop"
      },
      "geometry": {
        "type": "Polygon",
        "coordinates": [
          [
            [
              73.81666565140003,
              18.6083335949
            ],
            [
              73.81666565140003,
              18.6166669282
            ],
            [
              73.80833231810003,
              18.6166669282
            ],
            [
              73.80833231810003,
              18.6083335949
            ],
            [
              73.81666565140003,
              18.6083335949
            ]
          ]
        ]
      }
    },
    {
      "type": "Feature",
      "id": "cell-5-10",
      "properties": {
        "population": 6251.151,
        "density": 7305.947,
        "cell_area_sqkm": 0.855625,
        "row": 5,
        "col": 10,
        "source": "WorldPop"
      },
      "geometry": {
        "type": "Polygon",
        "coordinates": [
          [
            [
              73.82499898470003,
              18.6083335949
            ],
            [
              73.82499898470003,
              18.6166669282
            ],
            [
              73.81666565140003,
              18.6166669282
            ],
            [
              73.81666565140003,
              18.6083335949
            ],
            [
              73.82499898470003,
              18.6083335949
            ]
          ]
        ]
      }
    },
    {
      "type": "Feature",
      "id": "cell-5-11",
      "properties": {
        "population": 572.646,
        "density": 669.272,
        "cell_area_sqkm": 0.855625,
        "row": 5,
        "col": 11,
        "source": "WorldPop"
      },
      "geometry": {
        "type": "Polygon",
        "coordinates": [
          [
            [
              73.83333231800003,
              18.6083335949
            ],
            [
              73.83333231800003,
              18.6166669282
            ],
            [
              73.82499898470003,
              18.6166669282
            ],
            [
              73.82499898470003,
              18.6083335949
            ],
            [
              73.83333231800003,
              18.6083335949
            ]
          ]
        ]
      }
    },
    {
      "type": "Feature",
      "id": "cell-5-12",
      "properties": {
        "population": 292.202,
        "density": 341.507,
        "cell_area_sqkm": 0.855625,
        "row": 5,
        "col": 12,
        "source": "WorldPop"
      },
      "geometry": {
        "type": "Polygon",
        "coordinates": [
          [
            [
              73.84166565130003,
              18.6083335949
            ],
            [
              73.84166565130003,
              18.6166669282
            ],
            [
              73.83333231800003,
              18.6166669282
            ],
            [
              73.83333231800003,
              18.6083335949
            ],
            [
              73.84166565130003,
              18.6083335949
            ]
          ]
        ]
      }
    },
    {
      "type": "Feature",
      "id": "cell-5-13",
      "properties": {
        "population": 2729.968,
        "density": 3190.612,
        "cell_area_sqkm": 0.855625,
        "row": 5,
        "col": 13,
        "source": "WorldPop"
      },
      "geometry": {
        "type": "Polygon",
        "coordinates": [
          [
            [
              73.84999898460003,
              18.6083335949
            ],
            [
              73.84999898460003,
              18.6166669282
            ],
            [
              73.84166565130003,
              18.6166669282
            ],
            [
              73.84166565130003,
              18.6083335949
            ],
            [
              73.84999898460003,
              18.6083335949
            ]
          ]
        ]
      }
    },
    {
      "type": "Feature",
      "id": "cell-5-14",
      "properties": {
        "population": 1186.144,
        "density": 1386.29,
        "cell_area_sqkm": 0.855625,
        "row": 5,
        "col": 14,
        "source": "WorldPop"
      },
      "geometry": {
        "type": "Polygon",
        "coordinates": [
          [
            [
              73.85833231790004,
              18.6083335949
            ],
            [
              73.85833231790004,
              18.6166669282
            ],
            [
              73.84999898460003,
              18.6166669282
            ],
            [
              73.84999898460003,
              18.6083335949
            ],
            [
              73.85833231790004,
              18.6083335949
            ]
          ]
        ]
      }
    },
    {
      "type": "Feature",
      "id": "cell-5-15",
      "properties": {
        "population": 105.171,
        "density": 122.917,
        "cell_area_sqkm": 0.855625,
        "row": 5,
        "col": 15,
        "source": "WorldPop"
      },
      "geometry": {
        "type": "Polygon",
        "coordinates": [
          [
            [
              73.86666565120004,
              18.6083335949
            ],
            [
              73.86666565120004,
              18.6166669282
            ],
            [
              73.85833231790004,
              18.6166669282
            ],
            [
              73.85833231790004,
              18.6083335949
            ],
            [
              73.86666565120004,
              18.6083335949
            ]
          ]
        ]
      }
    },
    {
      "type": "Feature",
      "id": "cell-5-16",
      "properties": {
        "population": 3164.192,
        "density": 3698.106,
        "cell_area_sqkm": 0.855625,
        "row": 5,
        "col": 16,
        "source": "WorldPop"
      },
      "geometry": {
        "type": "Polygon",
        "coordinates": [
          [
            [
              73.87499898450002,
              18.6083335949
            ],
            [
              73.87499898450002,
              18.6166669282
            ],
            [
              73.86666565120004,
              18.6166669282
            ],
            [
              73.86666565120004,
              18.6083335949
            ],
            [
              73.87499898450002,
              18.6083335949
            ]
          ]
        ]
      }
    },
    {
      "type": "Feature",
      "id": "cell-5-17",
      "properties": {
        "population": 3837.047,
        "density": 4484.497,
        "cell_area_sqkm": 0.855625,
        "row": 5,
        "col": 17,
        "source": "WorldPop"
      },
      "geometry": {
        "type": "Polygon",
        "coordinates": [
          [
            [
              73.88333231780003,
              18.6083335949
            ],
            [
              73.88333231780003,
              18.6166669282
            ],
            [
              73.87499898450002,
              18.6166669282
            ],
            [
              73.87499898450002,
              18.6083335949
            ],
            [
              73.88333231780003,
              18.6083335949
            ]
          ]
        ]
      }
    },
    {
      "type": "Feature",
      "id": "cell-5-18",
      "properties": {
        "population": 16.241,
        "density": 18.982,
        "cell_area_sqkm": 0.855625,
        "row": 5,
        "col": 18,
        "source": "WorldPop"
      },
      "geometry": {
        "type": "Polygon",
        "coordinates": [
          [
            [
              73.89166565110003,
              18.6083335949
            ],
            [
              73.89166565110003,
              18.6166669282
            ],
            [
              73.88333231780003,
              18.6166669282
            ],
            [
              73.88333231780003,
              18.6083335949
            ],
            [
              73.89166565110003,
              18.6083335949
            ]
          ]
        ]
      }
    },
    {
      "type": "Feature",
      "id": "cell-5-19",
      "properties": {
        "population": 5.095,
        "density": 5.955,
        "cell_area_sqkm": 0.855625,
        "row": 5,
        "col": 19,
        "source": "WorldPop"
      },
      "geometry": {
        "type": "Polygon",
        "coordinates": [
          [
            [
              73.89999898440003,
              18.6083335949
            ],
            [
              73.89999898440003,
              18.6166669282
            ],
            [
              73.89166565110003,
              18.6166669282
            ],
            [
              73.89166565110003,
              18.6083335949
            ],
            [
              73.89999898440003,
              18.6083335949
            ]
          ]
        ]
      }
    },
    {
      "type": "Feature",
      "id": "cell-5-20",
      "properties": {
        "population": 770.62,
        "density": 900.652,
        "cell_area_sqkm": 0.855625,
        "row": 5,
        "col": 20,
        "source": "WorldPop"
      },
      "geometry": {
        "type": "Polygon",
        "coordinates": [
          [
            [
              73.90833231770003,
              18.6083335949
            ],
            [
              73.90833231770003,
              18.6166669282
            ],
            [
              73.89999898440003,
              18.6166669282
            ],
            [
              73.89999898440003,
              18.6083335949
            ],
            [
              73.90833231770003,
              18.6083335949
            ]
          ]
        ]
      }
    },
    {
      "type": "Feature",
      "id": "cell-5-21",
      "properties": {
        "population": 3881.631,
        "density": 4536.603,
        "cell_area_sqkm": 0.855625,
        "row": 5,
        "col": 21,
        "source": "WorldPop"
      },
      "geometry": {
        "type": "Polygon",
        "coordinates": [
          [
            [
              73.91666565100003,
              18.6083335949
            ],
            [
              73.91666565100003,
              18.6166669282
            ],
            [
              73.90833231770003,
              18.6166669282
            ],
            [
              73.90833231770003,
              18.6083335949
            ],
            [
              73.91666565100003,
              18.6083335949
            ]
          ]
        ]
      }
    },
    {
      "type": "Feature",
      "id": "cell-5-22",
      "properties": {
        "population": 1221.197,
        "density": 1427.257,
        "cell_area_sqkm": 0.855625,
        "row": 5,
        "col": 22,
        "source": "WorldPop"
      },
      "geometry": {
        "type": "Polygon",
        "coordinates": [
          [
            [
              73.92499898430003,
              18.6083335949
            ],
            [
              73.92499898430003,
              18.6166669282
            ],
            [
              73.91666565100003,
              18.6166669282
            ],
            [
              73.91666565100003,
              18.6083335949
            ],
            [
              73.92499898430003,
              18.6083335949
            ]
          ]
        ]
      }
    },
    {
      "type": "Feature",
      "id": "cell-5-23",
      "properties": {
        "population": 1845.728,
        "density": 2157.17,
        "cell_area_sqkm": 0.855625,
        "row": 5,
        "col": 23,
        "source": "WorldPop"
      },
      "geometry": {
        "type": "Polygon",
        "coordinates": [
          [
            [
              73.93333231760003,
              18.6083335949
            ],
            [
              73.93333231760003,
              18.6166669282
            ],
            [
              73.92499898430003,
              18.6166669282
            ],
            [
              73.92499898430003,
              18.6083335949
            ],
            [
              73.93333231760003,
              18.6083335949
            ]
          ]
        ]
      }
    },
    {
      "type": "Feature",
      "id": "cell-5-24",
      "properties": {
        "population": 1881.165,
        "density": 2198.585,
        "cell_area_sqkm": 0.855625,
        "row": 5,
        "col": 24,
        "source": "WorldPop"
      },
      "geometry": {
        "type": "Polygon",
        "coordinates": [
          [
            [
              73.94166565090003,
              18.6083335949
            ],
            [
              73.94166565090003,
              18.6166669282
            ],
            [
              73.93333231760003,
              18.6166669282
            ],
            [
              73.93333231760003,
              18.6083335949
            ],
            [
              73.94166565090003,
              18.6083335949
            ]
          ]
        ]
      }
    },
    {
      "type": "Feature",
      "id": "cell-5-25",
      "properties": {
        "population": 1492.372,
        "density": 1744.189,
        "cell_area_sqkm": 0.855625,
        "row": 5,
        "col": 25,
        "source": "WorldPop"
      },
      "geometry": {
        "type": "Polygon",
        "coordinates": [
          [
            [
              73.94999898420004,
              18.6083335949
            ],
            [
              73.94999898420004,
              18.6166669282
            ],
            [
              73.94166565090003,
              18.6166669282
            ],
            [
              73.94166565090003,
              18.6083335949
            ],
            [
              73.94999898420004,
              18.6083335949
            ]
          ]
        ]
      }
    },
    {
      "type": "Feature",
      "id": "cell-5-26",
      "properties": {
        "population": 275.703,
        "density": 322.224,
        "cell_area_sqkm": 0.855625,
        "row": 5,
        "col": 26,
        "source": "WorldPop"
      },
      "geometry": {
        "type": "Polygon",
        "coordinates": [
          [
            [
              73.95833231750004,
              18.6083335949
            ],
            [
              73.95833231750004,
              18.6166669282
            ],
            [
              73.94999898420004,
              18.6166669282
            ],
            [
              73.94999898420004,
              18.6083335949
            ],
            [
              73.95833231750004,
              18.6083335949
            ]
          ]
        ]
      }
    },
    {
      "type": "Feature",
      "id": "cell-5-27",
      "properties": {
        "population": 22.61,
        "density": 26.425,
        "cell_area_sqkm": 0.855625,
        "row": 5,
        "col": 27,
        "source": "WorldPop"
      },
      "geometry": {
        "type": "Polygon",
        "coordinates": [
          [
            [
              73.96666565080002,
              18.6083335949
            ],
            [
              73.96666565080002,
              18.6166669282
            ],
            [
              73.95833231750004,
              18.6166669282
            ],
            [
              73.95833231750004,
              18.6083335949
            ],
            [
              73.96666565080002,
              18.6083335949
            ]
          ]
        ]
      }
    },
    {
      "type": "Feature",
      "id": "cell-5-28",
      "properties": {
        "population": 135.448,
        "density": 158.303,
        "cell_area_sqkm": 0.855625,
        "row": 5,
        "col": 28,
        "source": "WorldPop"
      },
      "geometry": {
        "type": "Polygon",
        "coordinates": [
          [
            [
              73.97499898410003,
              18.6083335949
            ],
            [
              73.97499898410003,
              18.6166669282
            ],
            [
              73.96666565080002,
              18.6166669282
            ],
            [
              73.96666565080002,
              18.6083335949
            ],
            [
              73.97499898410003,
              18.6083335949
            ]
          ]
        ]
      }
    },
    {
      "type": "Feature",
      "id": "cell-5-29",
      "properties": {
        "population": 412.885,
        "density": 482.554,
        "cell_area_sqkm": 0.855625,
        "row": 5,
        "col": 29,
        "source": "WorldPop"
      },
      "geometry": {
        "type": "Polygon",
        "coordinates": [
          [
            [
              73.98333231740003,
              18.6083335949
            ],
            [
              73.98333231740003,
              18.6166669282
            ],
            [
              73.97499898410003,
              18.6166669282
            ],
            [
              73.97499898410003,
              18.6083335949
            ],
            [
              73.98333231740003,
              18.6083335949
            ]
          ]
        ]
      }
    },
    {
      "type": "Feature",
      "id": "cell-5-30",
      "properties": {
        "population": 1213.893,
        "density": 1418.72,
        "cell_area_sqkm": 0.855625,
        "row": 5,
        "col": 30,
        "source": "WorldPop"
      },
      "geometry": {
        "type": "Polygon",
        "coordinates": [
          [
            [
              73.99166565070003,
              18.6083335949
            ],
            [
              73.99166565070003,
              18.6166669282
            ],
            [
              73.98333231740003,
              18.6166669282
            ],
            [
              73.98333231740003,
              18.6083335949
            ],
            [
              73.99166565070003,
              18.6083335949
            ]
          ]
        ]
      }
    },
    {
      "type": "Feature",
      "id": "cell-6-0",
      "properties": {
        "population": 5862.817,
        "density": 6852.088,
        "cell_area_sqkm": 0.855625,
        "row": 6,
        "col": 0,
        "source": "WorldPop"
      },
      "geometry": {
        "type": "Polygon",
        "coordinates": [
          [
            [
              73.74166565170003,
              18.6000002616
            ],
            [
              73.74166565170003,
              18.6083335949
            ],
            [
              73.73333231840003,
              18.6083335949
            ],
            [
              73.73333231840003,
              18.6000002616
            ],
            [
              73.74166565170003,
              18.6000002616
            ]
          ]
        ]
      }
    },
    {
      "type": "Feature",
      "id": "cell-6-1",
      "properties": {
        "population": 9682.144,
        "density": 11315.873,
        "cell_area_sqkm": 0.855625,
        "row": 6,
        "col": 1,
        "source": "WorldPop"
      },
      "geometry": {
        "type": "Polygon",
        "coordinates": [
          [
            [
              73.74999898500003,
              18.6000002616
            ],
            [
              73.74999898500003,
              18.6083335949
            ],
            [
              73.74166565170003,
              18.6083335949
            ],
            [
              73.74166565170003,
              18.6000002616
            ],
            [
              73.74999898500003,
              18.6000002616
            ]
          ]
        ]
      }
    },
    {
      "type": "Feature",
      "id": "cell-6-2",
      "properties": {
        "population": 10823.594,
        "density": 12649.927,
        "cell_area_sqkm": 0.855625,
        "row": 6,
        "col": 2,
        "source": "WorldPop"
      },
      "geometry": {
        "type": "Polygon",
        "coordinates": [
          [
            [
              73.75833231830003,
              18.6000002616
            ],
            [
              73.75833231830003,
              18.6083335949
            ],
            [
              73.74999898500003,
              18.6083335949
            ],
            [
              73.74999898500003,
              18.6000002616
            ],
            [
              73.75833231830003,
              18.6000002616
            ]
          ]
        ]
      }
    },
    {
      "type": "Feature",
      "id": "cell-6-3",
      "properties": {
        "population": 11868.668,
        "density": 13871.343,
        "cell_area_sqkm": 0.855625,
        "row": 6,
        "col": 3,
        "source": "WorldPop"
      },
      "geometry": {
        "type": "Polygon",
        "coordinates": [
          [
            [
              73.76666565160004,
              18.6000002616
            ],
            [
              73.76666565160004,
              18.6083335949
            ],
            [
              73.75833231830003,
              18.6083335949
            ],
            [
              73.75833231830003,
              18.6000002616
            ],
            [
              73.76666565160004,
              18.6000002616
            ]
          ]
        ]
      }
    },
    {
      "type": "Feature",
      "id": "cell-6-4",
      "properties": {
        "population": 10519.746,
        "density": 12294.809,
        "cell_area_sqkm": 0.855625,
        "row": 6,
        "col": 4,
        "source": "WorldPop"
      },
      "geometry": {
        "type": "Polygon",
        "coordinates": [
          [
            [
              73.77499898490004,
              18.6000002616
            ],
            [
              73.77499898490004,
              18.6083335949
            ],
            [
              73.76666565160004,
              18.6083335949
            ],
            [
              73.76666565160004,
              18.6000002616
            ],
            [
              73.77499898490004,
              18.6000002616
            ]
          ]
        ]
      }
    },
    {
      "type": "Feature",
      "id": "cell-6-5",
      "properties": {
        "population": 10911.524,
        "density": 12752.695,
        "cell_area_sqkm": 0.855625,
        "row": 6,
        "col": 5,
        "source": "WorldPop"
      },
      "geometry": {
        "type": "Polygon",
        "coordinates": [
          [
            [
              73.78333231820002,
              18.6000002616
            ],
            [
              73.78333231820002,
              18.6083335949
            ],
            [
              73.77499898490004,
              18.6083335949
            ],
            [
              73.77499898490004,
              18.6000002616
            ],
            [
              73.78333231820002,
              18.6000002616
            ]
          ]
        ]
      }
    },
    {
      "type": "Feature",
      "id": "cell-6-6",
      "properties": {
        "population": 12472.784,
        "density": 14577.396,
        "cell_area_sqkm": 0.855625,
        "row": 6,
        "col": 6,
        "source": "WorldPop"
      },
      "geometry": {
        "type": "Polygon",
        "coordinates": [
          [
            [
              73.79166565150003,
              18.6000002616
            ],
            [
              73.79166565150003,
              18.6083335949
            ],
            [
              73.78333231820002,
              18.6083335949
            ],
            [
              73.78333231820002,
              18.6000002616
            ],
            [
              73.79166565150003,
              18.6000002616
            ]
          ]
        ]
      }
    },
    {
      "type": "Feature",
      "id": "cell-6-7",
      "properties": {
        "population": 10462.957,
        "density": 12228.438,
        "cell_area_sqkm": 0.855625,
        "row": 6,
        "col": 7,
        "source": "WorldPop"
      },
      "geometry": {
        "type": "Polygon",
        "coordinates": [
          [
            [
              73.79999898480003,
              18.6000002616
            ],
            [
              73.79999898480003,
              18.6083335949
            ],
            [
              73.79166565150003,
              18.6083335949
            ],
            [
              73.79166565150003,
              18.6000002616
            ],
            [
              73.79999898480003,
              18.6000002616
            ]
          ]
        ]
      }
    },
    {
      "type": "Feature",
      "id": "cell-6-8",
      "properties": {
        "population": 5250.803,
        "density": 6136.804,
        "cell_area_sqkm": 0.855625,
        "row": 6,
        "col": 8,
        "source": "WorldPop"
      },
      "geometry": {
        "type": "Polygon",
        "coordinates": [
          [
            [
              73.80833231810003,
              18.6000002616
            ],
            [
              73.80833231810003,
              18.6083335949
            ],
            [
              73.79999898480003,
              18.6083335949
            ],
            [
              73.79999898480003,
              18.6000002616
            ],
            [
              73.80833231810003,
              18.6000002616
            ]
          ]
        ]
      }
    },
    {
      "type": "Feature",
      "id": "cell-6-9",
      "properties": {
        "population": 3805.794,
        "density": 4447.97,
        "cell_area_sqkm": 0.855625,
        "row": 6,
        "col": 9,
        "source": "WorldPop"
      },
      "geometry": {
        "type": "Polygon",
        "coordinates": [
          [
            [
              73.81666565140003,
              18.6000002616
            ],
            [
              73.81666565140003,
              18.6083335949
            ],
            [
              73.80833231810003,
              18.6083335949
            ],
            [
              73.80833231810003,
              18.6000002616
            ],
            [
              73.81666565140003,
              18.6000002616
            ]
          ]
        ]
      }
    },
    {
      "type": "Feature",
      "id": "cell-6-10",
      "properties": {
        "population": 8905.058,
        "density": 10407.664,
        "cell_area_sqkm": 0.855625,
        "row": 6,
        "col": 10,
        "source": "WorldPop"
      },
      "geometry": {
        "type": "Polygon",
        "coordinates": [
          [
            [
              73.82499898470003,
              18.6000002616
            ],
            [
              73.82499898470003,
              18.6083335949
            ],
            [
              73.81666565140003,
              18.6083335949
            ],
            [
              73.81666565140003,
              18.6000002616
            ],
            [
              73.82499898470003,
              18.6000002616
            ]
          ]
        ]
      }
    },
    {
      "type": "Feature",
      "id": "cell-6-11",
      "properties": {
        "population": 5062.114,
        "density": 5916.276,
        "cell_area_sqkm": 0.855625,
        "row": 6,
        "col": 11,
        "source": "WorldPop"
      },
      "geometry": {
        "type": "Polygon",
        "coordinates": [
          [
            [
              73.83333231800003,
              18.6000002616
            ],
            [
              73.83333231800003,
              18.6083335949
            ],
            [
              73.82499898470003,
              18.6083335949
            ],
            [
              73.82499898470003,
              18.6000002616
            ],
            [
              73.83333231800003,
              18.6000002616
            ]
          ]
        ]
      }
    },
    {
      "type": "Feature",
      "id": "cell-6-12",
      "properties": {
        "population": 151.557,
        "density": 177.131,
        "cell_area_sqkm": 0.855625,
        "row": 6,
        "col": 12,
        "source": "WorldPop"
      },
      "geometry": {
        "type": "Polygon",
        "coordinates": [
          [
            [
              73.84166565130003,
              18.6000002616
            ],
            [
              73.84166565130003,
              18.6083335949
            ],
            [
              73.83333231800003,
              18.6083335949
            ],
            [
              73.83333231800003,
              18.6000002616
            ],
            [
              73.84166565130003,
              18.6000002616
            ]
          ]
        ]
      }
    },
    {
      "type": "Feature",
      "id": "cell-6-13",
      "properties": {
        "population": 497.473,
        "density": 581.414,
        "cell_area_sqkm": 0.855625,
        "row": 6,
        "col": 13,
        "source": "WorldPop"
      },
      "geometry": {
        "type": "Polygon",
        "coordinates": [
          [
            [
              73.84999898460003,
              18.6000002616
            ],
            [
              73.84999898460003,
              18.6083335949
            ],
            [
              73.84166565130003,
              18.6083335949
            ],
            [
              73.84166565130003,
              18.6000002616
            ],
            [
              73.84999898460003,
              18.6000002616
            ]
          ]
        ]
      }
    },
    {
      "type": "Feature",
      "id": "cell-6-14",
      "properties": {
        "population": 1075.812,
        "density": 1257.341,
        "cell_area_sqkm": 0.855625,
        "row": 6,
        "col": 14,
        "source": "WorldPop"
      },
      "geometry": {
        "type": "Polygon",
        "coordinates": [
          [
            [
              73.85833231790004,
              18.6000002616
            ],
            [
              73.85833231790004,
              18.6083335949
            ],
            [
              73.84999898460003,
              18.6083335949
            ],
            [
              73.84999898460003,
              18.6000002616
            ],
            [
              73.85833231790004,
              18.6000002616
            ]
          ]
        ]
      }
    },
    {
      "type": "Feature",
      "id": "cell-6-15",
      "properties": {
        "population": 1155.921,
        "density": 1350.966,
        "cell_area_sqkm": 0.855625,
        "row": 6,
        "col": 15,
        "source": "WorldPop"
      },
      "geometry": {
        "type": "Polygon",
        "coordinates": [
          [
            [
              73.86666565120004,
              18.6000002616
            ],
            [
              73.86666565120004,
              18.6083335949
            ],
            [
              73.85833231790004,
              18.6083335949
            ],
            [
              73.85833231790004,
              18.6000002616
            ],
            [
              73.86666565120004,
              18.6000002616
            ]
          ]
        ]
      }
    },
    {
      "type": "Feature",
      "id": "cell-6-16",
      "properties": {
        "population": 1837.456,
        "density": 2147.502,
        "cell_area_sqkm": 0.855625,
        "row": 6,
        "col": 16,
        "source": "WorldPop"
      },
      "geometry": {
        "type": "Polygon",
        "coordinates": [
          [
            [
              73.87499898450002,
              18.6000002616
            ],
            [
              73.87499898450002,
              18.6083335949
            ],
            [
              73.86666565120004,
              18.6083335949
            ],
            [
              73.86666565120004,
              18.6000002616
            ],
            [
              73.87499898450002,
              18.6000002616
            ]
          ]
        ]
      }
    },
    {
      "type": "Feature",
      "id": "cell-6-17",
      "properties": {
        "population": 758.44,
        "density": 886.416,
        "cell_area_sqkm": 0.855625,
        "row": 6,
        "col": 17,
        "source": "WorldPop"
      },
      "geometry": {
        "type": "Polygon",
        "coordinates": [
          [
            [
              73.88333231780003,
              18.6000002616
            ],
            [
              73.88333231780003,
              18.6083335949
            ],
            [
              73.87499898450002,
              18.6083335949
            ],
            [
              73.87499898450002,
              18.6000002616
            ],
            [
              73.88333231780003,
              18.6000002616
            ]
          ]
        ]
      }
    },
    {
      "type": "Feature",
      "id": "cell-6-18",
      "properties": {
        "population": 100.061,
        "density": 116.944,
        "cell_area_sqkm": 0.855625,
        "row": 6,
        "col": 18,
        "source": "WorldPop"
      },
      "geometry": {
        "type": "Polygon",
        "coordinates": [
          [
            [
              73.89166565110003,
              18.6000002616
            ],
            [
              73.89166565110003,
              18.6083335949
            ],
            [
              73.88333231780003,
              18.6083335949
            ],
            [
              73.88333231780003,
              18.6000002616
            ],
            [
              73.89166565110003,
              18.6000002616
            ]
          ]
        ]
      }
    },
    {
      "type": "Feature",
      "id": "cell-6-19",
      "properties": {
        "population": 1333.284,
        "density": 1558.258,
        "cell_area_sqkm": 0.855625,
        "row": 6,
        "col": 19,
        "source": "WorldPop"
      },
      "geometry": {
        "type": "Polygon",
        "coordinates": [
          [
            [
              73.89999898440003,
              18.6000002616
            ],
            [
              73.89999898440003,
              18.6083335949
            ],
            [
              73.89166565110003,
              18.6083335949
            ],
            [
              73.89166565110003,
              18.6000002616
            ],
            [
              73.89999898440003,
              18.6000002616
            ]
          ]
        ]
      }
    },
    {
      "type": "Feature",
      "id": "cell-6-20",
      "properties": {
        "population": 3298.184,
        "density": 3854.707,
        "cell_area_sqkm": 0.855625,
        "row": 6,
        "col": 20,
        "source": "WorldPop"
      },
      "geometry": {
        "type": "Polygon",
        "coordinates": [
          [
            [
              73.90833231770003,
              18.6000002616
            ],
            [
              73.90833231770003,
              18.6083335949
            ],
            [
              73.89999898440003,
              18.6083335949
            ],
            [
              73.89999898440003,
              18.6000002616
            ],
            [
              73.90833231770003,
              18.6000002616
            ]
          ]
        ]
      }
    },
    {
      "type": "Feature",
      "id": "cell-6-21",
      "properties": {
        "population": 6070.158,
        "density": 7094.414,
        "cell_area_sqkm": 0.855625,
        "row": 6,
        "col": 21,
        "source": "WorldPop"
      },
      "geometry": {
        "type": "Polygon",
        "coordinates": [
          [
            [
              73.91666565100003,
              18.6000002616
            ],
            [
              73.91666565100003,
              18.6083335949
            ],
            [
              73.90833231770003,
              18.6083335949
            ],
            [
              73.90833231770003,
              18.6000002616
            ],
            [
              73.91666565100003,
              18.6000002616
            ]
          ]
        ]
      }
    },
    {
      "type": "Feature",
      "id": "cell-6-22",
      "properties": {
        "population": 4949.337,
        "density": 5784.47,
        "cell_area_sqkm": 0.855625,
        "row": 6,
        "col": 22,
        "source": "WorldPop"
      },
      "geometry": {
        "type": "Polygon",
        "coordinates": [
          [
            [
              73.92499898430003,
              18.6000002616
            ],
            [
              73.92499898430003,
              18.6083335949
            ],
            [
              73.91666565100003,
              18.6083335949
            ],
            [
              73.91666565100003,
              18.6000002616
            ],
            [
              73.92499898430003,
              18.6000002616
            ]
          ]
        ]
      }
    },
    {
      "type": "Feature",
      "id": "cell-6-23",
      "properties": {
        "population": 6537.409,
        "density": 7640.508,
        "cell_area_sqkm": 0.855625,
        "row": 6,
        "col": 23,
        "source": "WorldPop"
      },
      "geometry": {
        "type": "Polygon",
        "coordinates": [
          [
            [
              73.93333231760003,
              18.6000002616
            ],
            [
              73.93333231760003,
              18.6083335949
            ],
            [
              73.92499898430003,
              18.6083335949
            ],
            [
              73.92499898430003,
              18.6000002616
            ],
            [
              73.93333231760003,
              18.6000002616
            ]
          ]
        ]
      }
    },
    {
      "type": "Feature",
      "id": "cell-6-24",
      "properties": {
        "population": 3831.092,
        "density": 4477.536,
        "cell_area_sqkm": 0.855625,
        "row": 6,
        "col": 24,
        "source": "WorldPop"
      },
      "geometry": {
        "type": "Polygon",
        "coordinates": [
          [
            [
              73.94166565090003,
              18.6000002616
            ],
            [
              73.94166565090003,
              18.6083335949
            ],
            [
              73.93333231760003,
              18.6083335949
            ],
            [
              73.93333231760003,
              18.6000002616
            ],
            [
              73.94166565090003,
              18.6000002616
            ]
          ]
        ]
      }
    },
    {
      "type": "Feature",
      "id": "cell-6-25",
      "properties": {
        "population": 1263.05,
        "density": 1476.172,
        "cell_area_sqkm": 0.855625,
        "row": 6,
        "col": 25,
        "source": "WorldPop"
      },
      "geometry": {
        "type": "Polygon",
        "coordinates": [
          [
            [
              73.94999898420004,
              18.6000002616
            ],
            [
              73.94999898420004,
              18.6083335949
            ],
            [
              73.94166565090003,
              18.6083335949
            ],
            [
              73.94166565090003,
              18.6000002616
            ],
            [
              73.94999898420004,
              18.6000002616
            ]
          ]
        ]
      }
    },
    {
      "type": "Feature",
      "id": "cell-6-26",
      "properties": {
        "population": 1068.376,
        "density": 1248.65,
        "cell_area_sqkm": 0.855625,
        "row": 6,
        "col": 26,
        "source": "WorldPop"
      },
      "geometry": {
        "type": "Polygon",
        "coordinates": [
          [
            [
              73.95833231750004,
              18.6000002616
            ],
            [
              73.95833231750004,
              18.6083335949
            ],
            [
              73.94999898420004,
              18.6083335949
            ],
            [
              73.94999898420004,
              18.6000002616
            ],
            [
              73.95833231750004,
              18.6000002616
            ]
          ]
        ]
      }
    },
    {
      "type": "Feature",
      "id": "cell-6-27",
      "properties": {
        "population": 1021.278,
        "density": 1193.605,
        "cell_area_sqkm": 0.855625,
        "row": 6,
        "col": 27,
        "source": "WorldPop"
      },
      "geometry": {
        "type": "Polygon",
        "coordinates": [
          [
            [
              73.96666565080002,
              18.6000002616
            ],
            [
              73.96666565080002,
              18.6083335949
            ],
            [
              73.95833231750004,
              18.6083335949
            ],
            [
              73.95833231750004,
              18.6000002616
            ],
            [
              73.96666565080002,
              18.6000002616
            ]
          ]
        ]
      }
    },
    {
      "type": "Feature",
      "id": "cell-6-28",
      "properties": {
        "population": 612.232,
        "density": 715.537,
        "cell_area_sqkm": 0.855625,
        "row": 6,
        "col": 28,
        "source": "WorldPop"
      },
      "geometry": {
        "type": "Polygon",
        "coordinates": [
          [
            [
              73.97499898410003,
              18.6000002616
            ],
            [
              73.97499898410003,
              18.6083335949
            ],
            [
              73.96666565080002,
              18.6083335949
            ],
            [
              73.96666565080002,
              18.6000002616
            ],
            [
              73.97499898410003,
              18.6000002616
            ]
          ]
        ]
      }
    },
    {
      "type": "Feature",
      "id": "cell-6-29",
      "properties": {
        "population": 1103.313,
        "density": 1289.482,
        "cell_area_sqkm": 0.855625,
        "row": 6,
        "col": 29,
        "source": "WorldPop"
      },
      "geometry": {
        "type": "Polygon",
        "coordinates": [
          [
            [
              73.98333231740003,
              18.6000002616
            ],
            [
              73.98333231740003,
              18.6083335949
            ],
            [
              73.97499898410003,
              18.6083335949
            ],
            [
              73.97499898410003,
              18.6000002616
            ],
            [
              73.98333231740003,
              18.6000002616
            ]
          ]
        ]
      }
    },
    {
      "type": "Feature",
      "id": "cell-6-30",
      "properties": {
        "population": 1099.436,
        "density": 1284.951,
        "cell_area_sqkm": 0.855625,
        "row": 6,
        "col": 30,
        "source": "WorldPop"
      },
      "geometry": {
        "type": "Polygon",
        "coordinates": [
          [
            [
              73.99166565070003,
              18.6000002616
            ],
            [
              73.99166565070003,
              18.6083335949
            ],
            [
              73.98333231740003,
              18.6083335949
            ],
            [
              73.98333231740003,
              18.6000002616
            ],
            [
              73.99166565070003,
              18.6000002616
            ]
          ]
        ]
      }
    },
    {
      "type": "Feature",
      "id": "cell-7-0",
      "properties": {
        "population": 8804.002,
        "density": 10289.557,
        "cell_area_sqkm": 0.855625,
        "row": 7,
        "col": 0,
        "source": "WorldPop"
      },
      "geometry": {
        "type": "Polygon",
        "coordinates": [
          [
            [
              73.74166565170003,
              18.5916669283
            ],
            [
              73.74166565170003,
              18.6000002616
            ],
            [
              73.73333231840003,
              18.6000002616
            ],
            [
              73.73333231840003,
              18.5916669283
            ],
            [
              73.74166565170003,
              18.5916669283
            ]
          ]
        ]
      }
    },
    {
      "type": "Feature",
      "id": "cell-7-1",
      "properties": {
        "population": 7297.237,
        "density": 8528.546,
        "cell_area_sqkm": 0.855625,
        "row": 7,
        "col": 1,
        "source": "WorldPop"
      },
      "geometry": {
        "type": "Polygon",
        "coordinates": [
          [
            [
              73.74999898500003,
              18.5916669283
            ],
            [
              73.74999898500003,
              18.6000002616
            ],
            [
              73.74166565170003,
              18.6000002616
            ],
            [
              73.74166565170003,
              18.5916669283
            ],
            [
              73.74999898500003,
              18.5916669283
            ]
          ]
        ]
      }
    },
    {
      "type": "Feature",
      "id": "cell-7-2",
      "properties": {
        "population": 8446.226,
        "density": 9871.411,
        "cell_area_sqkm": 0.855625,
        "row": 7,
        "col": 2,
        "source": "WorldPop"
      },
      "geometry": {
        "type": "Polygon",
        "coordinates": [
          [
            [
              73.75833231830003,
              18.5916669283
            ],
            [
              73.75833231830003,
              18.6000002616
            ],
            [
              73.74999898500003,
              18.6000002616
            ],
            [
              73.74999898500003,
              18.5916669283
            ],
            [
              73.75833231830003,
              18.5916669283
            ]
          ]
        ]
      }
    },
    {
      "type": "Feature",
      "id": "cell-7-3",
      "properties": {
        "population": 12205.859,
        "density": 14265.431,
        "cell_area_sqkm": 0.855625,
        "row": 7,
        "col": 3,
        "source": "WorldPop"
      },
      "geometry": {
        "type": "Polygon",
        "coordinates": [
          [
            [
              73.76666565160004,
              18.5916669283
            ],
            [
              73.76666565160004,
              18.6000002616
            ],
            [
              73.75833231830003,
              18.6000002616
            ],
            [
              73.75833231830003,
              18.5916669283
            ],
            [
              73.76666565160004,
              18.5916669283
            ]
          ]
        ]
      }
    },
    {
      "type": "Feature",
      "id": "cell-7-4",
      "properties": {
        "population": 11901.817,
        "density": 13910.086,
        "cell_area_sqkm": 0.855625,
        "row": 7,
        "col": 4,
        "source": "WorldPop"
      },
      "geometry": {
        "type": "Polygon",
        "coordinates": [
          [
            [
              73.77499898490004,
              18.5916669283
            ],
            [
              73.77499898490004,
              18.6000002616
            ],
            [
              73.76666565160004,
              18.6000002616
            ],
            [
              73.76666565160004,
              18.5916669283
            ],
            [
              73.77499898490004,
              18.5916669283
            ]
          ]
        ]
      }
    },
    {
      "type": "Feature",
      "id": "cell-7-5",
      "properties": {
        "population": 11424.333,
        "density": 13352.033,
        "cell_area_sqkm": 0.855625,
        "row": 7,
        "col": 5,
        "source": "WorldPop"
      },
      "geometry": {
        "type": "Polygon",
        "coordinates": [
          [
            [
              73.78333231820002,
              18.5916669283
            ],
            [
              73.78333231820002,
              18.6000002616
            ],
            [
              73.77499898490004,
              18.6000002616
            ],
            [
              73.77499898490004,
              18.5916669283
            ],
            [
              73.78333231820002,
              18.5916669283
            ]
          ]
        ]
      }
    },
    {
      "type": "Feature",
      "id": "cell-7-6",
      "properties": {
        "population": 11696.73,
        "density": 13670.394,
        "cell_area_sqkm": 0.855625,
        "row": 7,
        "col": 6,
        "source": "WorldPop"
      },
      "geometry": {
        "type": "Polygon",
        "coordinates": [
          [
            [
              73.79166565150003,
              18.5916669283
            ],
            [
              73.79166565150003,
              18.6000002616
            ],
            [
              73.78333231820002,
              18.6000002616
            ],
            [
              73.78333231820002,
              18.5916669283
            ],
            [
              73.79166565150003,
              18.5916669283
            ]
          ]
        ]
      }
    },
    {
      "type": "Feature",
      "id": "cell-7-7",
      "properties": {
        "population": 12640.83,
        "density": 14773.797,
        "cell_area_sqkm": 0.855625,
        "row": 7,
        "col": 7,
        "source": "WorldPop"
      },
      "geometry": {
        "type": "Polygon",
        "coordinates": [
          [
            [
              73.79999898480003,
              18.5916669283
            ],
            [
              73.79999898480003,
              18.6000002616
            ],
            [
              73.79166565150003,
              18.6000002616
            ],
            [
              73.79166565150003,
              18.5916669283
            ],
            [
              73.79999898480003,
              18.5916669283
            ]
          ]
        ]
      }
    },
    {
      "type": "Feature",
      "id": "cell-7-8",
      "properties": {
        "population": 10857.17,
        "density": 12689.169,
        "cell_area_sqkm": 0.855625,
        "row": 7,
        "col": 8,
        "source": "WorldPop"
      },
      "geometry": {
        "type": "Polygon",
        "coordinates": [
          [
            [
              73.80833231810003,
              18.5916669283
            ],
            [
              73.80833231810003,
              18.6000002616
            ],
            [
              73.79999898480003,
              18.6000002616
            ],
            [
              73.79999898480003,
              18.5916669283
            ],
            [
              73.80833231810003,
              18.5916669283
            ]
          ]
        ]
      }
    },
    {
      "type": "Feature",
      "id": "cell-7-9",
      "properties": {
        "population": 6948.198,
        "density": 8120.611,
        "cell_area_sqkm": 0.855625,
        "row": 7,
        "col": 9,
        "source": "WorldPop"
      },
      "geometry": {
        "type": "Polygon",
        "coordinates": [
          [
            [
              73.81666565140003,
              18.5916669283
            ],
            [
              73.81666565140003,
              18.6000002616
            ],
            [
              73.80833231810003,
              18.6000002616
            ],
            [
              73.80833231810003,
              18.5916669283
            ],
            [
              73.81666565140003,
              18.5916669283
            ]
          ]
        ]
      }
    },
    {
      "type": "Feature",
      "id": "cell-7-10",
      "properties": {
        "population": 8970.351,
        "density": 10483.974,
        "cell_area_sqkm": 0.855625,
        "row": 7,
        "col": 10,
        "source": "WorldPop"
      },
      "geometry": {
        "type": "Polygon",
        "coordinates": [
          [
            [
              73.82499898470003,
              18.5916669283
            ],
            [
              73.82499898470003,
              18.6000002616
            ],
            [
              73.81666565140003,
              18.6000002616
            ],
            [
              73.81666565140003,
              18.5916669283
            ],
            [
              73.82499898470003,
              18.5916669283
            ]
          ]
        ]
      }
    },
    {
      "type": "Feature",
      "id": "cell-7-11",
      "properties": {
        "population": 6511.319,
        "density": 7610.015,
        "cell_area_sqkm": 0.855625,
        "row": 7,
        "col": 11,
        "source": "WorldPop"
      },
      "geometry": {
        "type": "Polygon",
        "coordinates": [
          [
            [
              73.83333231800003,
              18.5916669283
            ],
            [
              73.83333231800003,
              18.6000002616
            ],
            [
              73.82499898470003,
              18.6000002616
            ],
            [
              73.82499898470003,
              18.5916669283
            ],
            [
              73.83333231800003,
              18.5916669283
            ]
          ]
        ]
      }
    },
    {
      "type": "Feature",
      "id": "cell-7-12",
      "properties": {
        "population": 699.737,
        "density": 817.807,
        "cell_area_sqkm": 0.855625,
        "row": 7,
        "col": 12,
        "source": "WorldPop"
      },
      "geometry": {
        "type": "Polygon",
        "coordinates": [
          [
            [
              73.84166565130003,
              18.5916669283
            ],
            [
              73.84166565130003,
              18.6000002616
            ],
            [
              73.83333231800003,
              18.6000002616
            ],
            [
              73.83333231800003,
              18.5916669283
            ],
            [
              73.84166565130003,
              18.5916669283
            ]
          ]
        ]
      }
    },
    {
      "type": "Feature",
      "id": "cell-7-13",
      "properties": {
        "population": 1087.752,
        "density": 1271.295,
        "cell_area_sqkm": 0.855625,
        "row": 7,
        "col": 13,
        "source": "WorldPop"
      },
      "geometry": {
        "type": "Polygon",
        "coordinates": [
          [
            [
              73.84999898460003,
              18.5916669283
            ],
            [
              73.84999898460003,
              18.6000002616
            ],
            [
              73.84166565130003,
              18.6000002616
            ],
            [
              73.84166565130003,
              18.5916669283
            ],
            [
              73.84999898460003,
              18.5916669283
            ]
          ]
        ]
      }
    },
    {
      "type": "Feature",
      "id": "cell-7-14",
      "properties": {
        "population": 1703.735,
        "density": 1991.218,
        "cell_area_sqkm": 0.855625,
        "row": 7,
        "col": 14,
        "source": "WorldPop"
      },
      "geometry": {
        "type": "Polygon",
        "coordinates": [
          [
            [
              73.85833231790004,
              18.5916669283
            ],
            [
              73.85833231790004,
              18.6000002616
            ],
            [
              73.84999898460003,
              18.6000002616
            ],
            [
              73.84999898460003,
              18.5916669283
            ],
            [
              73.85833231790004,
              18.5916669283
            ]
          ]
        ]
      }
    },
    {
      "type": "Feature",
      "id": "cell-7-15",
      "properties": {
        "population": 1650.854,
        "density": 1929.413,
        "cell_area_sqkm": 0.855625,
        "row": 7,
        "col": 15,
        "source": "WorldPop"
      },
      "geometry": {
        "type": "Polygon",
        "coordinates": [
          [
            [
              73.86666565120004,
              18.5916669283
            ],
            [
              73.86666565120004,
              18.6000002616
            ],
            [
              73.85833231790004,
              18.6000002616
            ],
            [
              73.85833231790004,
              18.5916669283
            ],
            [
              73.86666565120004,
              18.5916669283
            ]
          ]
        ]
      }
    },
    {
      "type": "Feature",
      "id": "cell-7-16",
      "properties": {
        "population": 2835.861,
        "density": 3314.374,
        "cell_area_sqkm": 0.855625,
        "row": 7,
        "col": 16,
        "source": "WorldPop"
      },
      "geometry": {
        "type": "Polygon",
        "coordinates": [
          [
            [
              73.87499898450002,
              18.5916669283
            ],
            [
              73.87499898450002,
              18.6000002616
            ],
            [
              73.86666565120004,
              18.6000002616
            ],
            [
              73.86666565120004,
              18.5916669283
            ],
            [
              73.87499898450002,
              18.5916669283
            ]
          ]
        ]
      }
    },
    {
      "type": "Feature",
      "id": "cell-7-17",
      "properties": {
        "population": 1333.385,
        "density": 1558.375,
        "cell_area_sqkm": 0.855625,
        "row": 7,
        "col": 17,
        "source": "WorldPop"
      },
      "geometry": {
        "type": "Polygon",
        "coordinates": [
          [
            [
              73.88333231780003,
              18.5916669283
            ],
            [
              73.88333231780003,
              18.6000002616
            ],
            [
              73.87499898450002,
              18.6000002616
            ],
            [
              73.87499898450002,
              18.5916669283
            ],
            [
              73.88333231780003,
              18.5916669283
            ]
          ]
        ]
      }
    },
    {
      "type": "Feature",
      "id": "cell-7-18",
      "properties": {
        "population": 763.335,
        "density": 892.137,
        "cell_area_sqkm": 0.855625,
        "row": 7,
        "col": 18,
        "source": "WorldPop"
      },
      "geometry": {
        "type": "Polygon",
        "coordinates": [
          [
            [
              73.89166565110003,
              18.5916669283
            ],
            [
              73.89166565110003,
              18.6000002616
            ],
            [
              73.88333231780003,
              18.6000002616
            ],
            [
              73.88333231780003,
              18.5916669283
            ],
            [
              73.89166565110003,
              18.5916669283
            ]
          ]
        ]
      }
    },
    {
      "type": "Feature",
      "id": "cell-7-19",
      "properties": {
        "population": 8154.964,
        "density": 9531.003,
        "cell_area_sqkm": 0.855625,
        "row": 7,
        "col": 19,
        "source": "WorldPop"
      },
      "geometry": {
        "type": "Polygon",
        "coordinates": [
          [
            [
              73.89999898440003,
              18.5916669283
            ],
            [
              73.89999898440003,
              18.6000002616
            ],
            [
              73.89166565110003,
              18.6000002616
            ],
            [
              73.89166565110003,
              18.5916669283
            ],
            [
              73.89999898440003,
              18.5916669283
            ]
          ]
        ]
      }
    },
    {
      "type": "Feature",
      "id": "cell-7-20",
      "properties": {
        "population": 10056.335,
        "density": 11753.204,
        "cell_area_sqkm": 0.855625,
        "row": 7,
        "col": 20,
        "source": "WorldPop"
      },
      "geometry": {
        "type": "Polygon",
        "coordinates": [
          [
            [
              73.90833231770003,
              18.5916669283
            ],
            [
              73.90833231770003,
              18.6000002616
            ],
            [
              73.89999898440003,
              18.6000002616
            ],
            [
              73.89999898440003,
              18.5916669283
            ],
            [
              73.90833231770003,
              18.5916669283
            ]
          ]
        ]
      }
    },
    {
      "type": "Feature",
      "id": "cell-7-21",
      "properties": {
        "population": 7208.094,
        "density": 8424.361,
        "cell_area_sqkm": 0.855625,
        "row": 7,
        "col": 21,
        "source": "WorldPop"
      },
      "geometry": {
        "type": "Polygon",
        "coordinates": [
          [
            [
              73.91666565100003,
              18.5916669283
            ],
            [
              73.91666565100003,
              18.6000002616
            ],
            [
              73.90833231770003,
              18.6000002616
            ],
            [
              73.90833231770003,
              18.5916669283
            ],
            [
              73.91666565100003,
              18.5916669283
            ]
          ]
        ]
      }
    },
    {
      "type": "Feature",
      "id": "cell-7-22",
      "properties": {
        "population": 5661.476,
        "density": 6616.773,
        "cell_area_sqkm": 0.855625,
        "row": 7,
        "col": 22,
        "source": "WorldPop"
      },
      "geometry": {
        "type": "Polygon",
        "coordinates": [
          [
            [
              73.92499898430003,
              18.5916669283
            ],
            [
              73.92499898430003,
              18.6000002616
            ],
            [
              73.91666565100003,
              18.6000002616
            ],
            [
              73.91666565100003,
              18.5916669283
            ],
            [
              73.92499898430003,
              18.5916669283
            ]
          ]
        ]
      }
    },
    {
      "type": "Feature",
      "id": "cell-7-23",
      "properties": {
        "population": 7938.542,
        "density": 9278.062,
        "cell_area_sqkm": 0.855625,
        "row": 7,
        "col": 23,
        "source": "WorldPop"
      },
      "geometry": {
        "type": "Polygon",
        "coordinates": [
          [
            [
              73.93333231760003,
              18.5916669283
            ],
            [
              73.93333231760003,
              18.6000002616
            ],
            [
              73.92499898430003,
              18.6000002616
            ],
            [
              73.92499898430003,
              18.5916669283
            ],
            [
              73.93333231760003,
              18.5916669283
            ]
          ]
        ]
      }
    },
    {
      "type": "Feature",
      "id": "cell-7-24",
      "properties": {
        "population": 6297.696,
        "density": 7360.346,
        "cell_area_sqkm": 0.855625,
        "row": 7,
        "col": 24,
        "source": "WorldPop"
      },
      "geometry": {
        "type": "Polygon",
        "coordinates": [
          [
            [
              73.94166565090003,
              18.5916669283
            ],
            [
              73.94166565090003,
              18.6000002616
            ],
            [
              73.93333231760003,
              18.6000002616
            ],
            [
              73.93333231760003,
              18.5916669283
            ],
            [
              73.94166565090003,
              18.5916669283
            ]
          ]
        ]
      }
    },
    {
      "type": "Feature",
      "id": "cell-7-25",
      "properties": {
        "population": 3058.801,
        "density": 3574.931,
        "cell_area_sqkm": 0.855625,
        "row": 7,
        "col": 25,
        "source": "WorldPop"
      },
      "geometry": {
        "type": "Polygon",
        "coordinates": [
          [
            [
              73.94999898420004,
              18.5916669283
            ],
            [
              73.94999898420004,
              18.6000002616
            ],
            [
              73.94166565090003,
              18.6000002616
            ],
            [
              73.94166565090003,
              18.5916669283
            ],
            [
              73.94999898420004,
              18.5916669283
            ]
          ]
        ]
      }
    },
    {
      "type": "Feature",
      "id": "cell-7-26",
      "properties": {
        "population": 2960.57,
        "density": 3460.126,
        "cell_area_sqkm": 0.855625,
        "row": 7,
        "col": 26,
        "source": "WorldPop"
      },
      "geometry": {
        "type": "Polygon",
        "coordinates": [
          [
            [
              73.95833231750004,
              18.5916669283
            ],
            [
              73.95833231750004,
              18.6000002616
            ],
            [
              73.94999898420004,
              18.6000002616
            ],
            [
              73.94999898420004,
              18.5916669283
            ],
            [
              73.95833231750004,
              18.5916669283
            ]
          ]
        ]
      }
    },
    {
      "type": "Feature",
      "id": "cell-7-27",
      "properties": {
        "population": 1796.533,
        "density": 2099.674,
        "cell_area_sqkm": 0.855625,
        "row": 7,
        "col": 27,
        "source": "WorldPop"
      },
      "geometry": {
        "type": "Polygon",
        "coordinates": [
          [
            [
              73.96666565080002,
              18.5916669283
            ],
            [
              73.96666565080002,
              18.6000002616
            ],
            [
              73.95833231750004,
              18.6000002616
            ],
            [
              73.95833231750004,
              18.5916669283
            ],
            [
              73.96666565080002,
              18.5916669283
            ]
          ]
        ]
      }
    },
    {
      "type": "Feature",
      "id": "cell-7-28",
      "properties": {
        "population": 1724.498,
        "density": 2015.484,
        "cell_area_sqkm": 0.855625,
        "row": 7,
        "col": 28,
        "source": "WorldPop"
      },
      "geometry": {
        "type": "Polygon",
        "coordinates": [
          [
            [
              73.97499898410003,
              18.5916669283
            ],
            [
              73.97499898410003,
              18.6000002616
            ],
            [
              73.96666565080002,
              18.6000002616
            ],
            [
              73.96666565080002,
              18.5916669283
            ],
            [
              73.97499898410003,
              18.5916669283
            ]
          ]
        ]
      }
    },
    {
      "type": "Feature",
      "id": "cell-7-29",
      "properties": {
        "population": 1815.495,
        "density": 2121.835,
        "cell_area_sqkm": 0.855625,
        "row": 7,
        "col": 29,
        "source": "WorldPop"
      },
      "geometry": {
        "type": "Polygon",
        "coordinates": [
          [
            [
              73.98333231740003,
              18.5916669283
            ],
            [
              73.98333231740003,
              18.6000002616
            ],
            [
              73.97499898410003,
              18.6000002616
            ],
            [
              73.97499898410003,
              18.5916669283
            ],
            [
              73.98333231740003,
              18.5916669283
            ]
          ]
        ]
      }
    },
    {
      "type": "Feature",
      "id": "cell-7-30",
      "properties": {
        "population": 1229.576,
        "density": 1437.05,
        "cell_area_sqkm": 0.855625,
        "row": 7,
        "col": 30,
        "source": "WorldPop"
      },
      "geometry": {
        "type": "Polygon",
        "coordinates": [
          [
            [
              73.99166565070003,
              18.5916669283
            ],
            [
              73.99166565070003,
              18.6000002616
            ],
            [
              73.98333231740003,
              18.6000002616
            ],
            [
              73.98333231740003,
              18.5916669283
            ],
            [
              73.99166565070003,
              18.5916669283
            ]
          ]
        ]
      }
    },
    {
      "type": "Feature",
      "id": "cell-8-0",
      "properties": {
        "population": 9747.459,
        "density": 11392.209,
        "cell_area_sqkm": 0.855625,
        "row": 8,
        "col": 0,
        "source": "WorldPop"
      },
      "geometry": {
        "type": "Polygon",
        "coordinates": [
          [
            [
              73.74166565170003,
              18.583333595
            ],
            [
              73.74166565170003,
              18.5916669283
            ],
            [
              73.73333231840003,
              18.5916669283
            ],
            [
              73.73333231840003,
              18.583333595
            ],
            [
              73.74166565170003,
              18.583333595
            ]
          ]
        ]
      }
    },
    {
      "type": "Feature",
      "id": "cell-8-1",
      "properties": {
        "population": 6065.457,
        "density": 7088.919,
        "cell_area_sqkm": 0.855625,
        "row": 8,
        "col": 1,
        "source": "WorldPop"
      },
      "geometry": {
        "type": "Polygon",
        "coordinates": [
          [
            [
              73.74999898500003,
              18.583333595
            ],
            [
              73.74999898500003,
              18.5916669283
            ],
            [
              73.74166565170003,
              18.5916669283
            ],
            [
              73.74166565170003,
              18.583333595
            ],
            [
              73.74999898500003,
              18.583333595
            ]
          ]
        ]
      }
    },
    {
      "type": "Feature",
      "id": "cell-8-2",
      "properties": {
        "population": 4913.469,
        "density": 5742.549,
        "cell_area_sqkm": 0.855625,
        "row": 8,
        "col": 2,
        "source": "WorldPop"
      },
      "geometry": {
        "type": "Polygon",
        "coordinates": [
          [
            [
              73.75833231830003,
              18.583333595
            ],
            [
              73.75833231830003,
              18.5916669283
            ],
            [
              73.74999898500003,
              18.5916669283
            ],
            [
              73.74999898500003,
              18.583333595
            ],
            [
              73.75833231830003,
              18.583333595
            ]
          ]
        ]
      }
    },
    {
      "type": "Feature",
      "id": "cell-8-3",
      "properties": {
        "population": 5370.099,
        "density": 6276.23,
        "cell_area_sqkm": 0.855625,
        "row": 8,
        "col": 3,
        "source": "WorldPop"
      },
      "geometry": {
        "type": "Polygon",
        "coordinates": [
          [
            [
              73.76666565160004,
              18.583333595
            ],
            [
              73.76666565160004,
              18.5916669283
            ],
            [
              73.75833231830003,
              18.5916669283
            ],
            [
              73.75833231830003,
              18.583333595
            ],
            [
              73.76666565160004,
              18.583333595
            ]
          ]
        ]
      }
    },
    {
      "type": "Feature",
      "id": "cell-8-4",
      "properties": {
        "population": 4440.545,
        "density": 5189.827,
        "cell_area_sqkm": 0.855625,
        "row": 8,
        "col": 4,
        "source": "WorldPop"
      },
      "geometry": {
        "type": "Polygon",
        "coordinates": [
          [
            [
              73.77499898490004,
              18.583333595
            ],
            [
              73.77499898490004,
              18.5916669283
            ],
            [
              73.76666565160004,
              18.5916669283
            ],
            [
              73.76666565160004,
              18.583333595
            ],
            [
              73.77499898490004,
              18.583333595
            ]
          ]
        ]
      }
    },
    {
      "type": "Feature",
      "id": "cell-8-5",
      "properties": {
        "population": 8676.662,
        "density": 10140.73,
        "cell_area_sqkm": 0.855625,
        "row": 8,
        "col": 5,
        "source": "WorldPop"
      },
      "geometry": {
        "type": "Polygon",
        "coordinates": [
          [
            [
              73.78333231820002,
              18.583333595
            ],
            [
              73.78333231820002,
              18.5916669283
            ],
            [
              73.77499898490004,
              18.5916669283
            ],
            [
              73.77499898490004,
              18.583333595
            ],
            [
              73.78333231820002,
              18.583333595
            ]
          ]
        ]
      }
    },
    {
      "type": "Feature",
      "id": "cell-8-6",
      "properties": {
        "population": 4106.206,
        "density": 4799.072,
        "cell_area_sqkm": 0.855625,
        "row": 8,
        "col": 6,
        "source": "WorldPop"
      },
      "geometry": {
        "type": "Polygon",
        "coordinates": [
          [
            [
              73.79166565150003,
              18.583333595
            ],
            [
              73.79166565150003,
              18.5916669283
            ],
            [
              73.78333231820002,
              18.5916669283
            ],
            [
              73.78333231820002,
              18.583333595
            ],
            [
              73.79166565150003,
              18.583333595
            ]
          ]
        ]
      }
    },
    {
      "type": "Feature",
      "id": "cell-8-7",
      "properties": {
        "population": 6975.26,
        "density": 8152.239,
        "cell_area_sqkm": 0.855625,
        "row": 8,
        "col": 7,
        "source": "WorldPop"
      },
      "geometry": {
        "type": "Polygon",
        "coordinates": [
          [
            [
              73.79999898480003,
              18.583333595
            ],
            [
              73.79999898480003,
              18.5916669283
            ],
            [
              73.79166565150003,
              18.5916669283
            ],
            [
              73.79166565150003,
              18.583333595
            ],
            [
              73.79999898480003,
              18.583333595
            ]
          ]
        ]
      }
    },
    {
      "type": "Feature",
      "id": "cell-8-8",
      "properties": {
        "population": 5747.059,
        "density": 6716.796,
        "cell_area_sqkm": 0.855625,
        "row": 8,
        "col": 8,
        "source": "WorldPop"
      },
      "geometry": {
        "type": "Polygon",
        "coordinates": [
          [
            [
              73.80833231810003,
              18.583333595
            ],
            [
              73.80833231810003,
              18.5916669283
            ],
            [
              73.79999898480003,
              18.5916669283
            ],
            [
              73.79999898480003,
              18.583333595
            ],
            [
              73.80833231810003,
              18.583333595
            ]
          ]
        ]
      }
    },
    {
      "type": "Feature",
      "id": "cell-8-9",
      "properties": {
        "population": 6426.243,
        "density": 7510.584,
        "cell_area_sqkm": 0.855625,
        "row": 8,
        "col": 9,
        "source": "WorldPop"
      },
      "geometry": {
        "type": "Polygon",
        "coordinates": [
          [
            [
              73.81666565140003,
              18.583333595
            ],
            [
              73.81666565140003,
              18.5916669283
            ],
            [
              73.80833231810003,
              18.5916669283
            ],
            [
              73.80833231810003,
              18.583333595
            ],
            [
              73.81666565140003,
              18.583333595
            ]
          ]
        ]
      }
    },
    {
      "type": "Feature",
      "id": "cell-8-10",
      "properties": {
        "population": 13172.194,
        "density": 15394.822,
        "cell_area_sqkm": 0.855625,
        "row": 8,
        "col": 10,
        "source": "WorldPop"
      },
      "geometry": {
        "type": "Polygon",
        "coordinates": [
          [
            [
              73.82499898470003,
              18.583333595
            ],
            [
              73.82499898470003,
              18.5916669283
            ],
            [
              73.81666565140003,
              18.5916669283
            ],
            [
              73.81666565140003,
              18.583333595
            ],
            [
              73.82499898470003,
              18.583333595
            ]
          ]
        ]
      }
    },
    {
      "type": "Feature",
      "id": "cell-8-11",
      "properties": {
        "population": 10030.248,
        "density": 11722.715,
        "cell_area_sqkm": 0.855625,
        "row": 8,
        "col": 11,
        "source": "WorldPop"
      },
      "geometry": {
        "type": "Polygon",
        "coordinates": [
          [
            [
              73.83333231800003,
              18.583333595
            ],
            [
              73.83333231800003,
              18.5916669283
            ],
            [
              73.82499898470003,
              18.5916669283
            ],
            [
              73.82499898470003,
              18.583333595
            ],
            [
              73.83333231800003,
              18.583333595
            ]
          ]
        ]
      }
    },
    {
      "type": "Feature",
      "id": "cell-8-12",
      "properties": {
        "population": 4171.604,
        "density": 4875.506,
        "cell_area_sqkm": 0.855625,
        "row": 8,
        "col": 12,
        "source": "WorldPop"
      },
      "geometry": {
        "type": "Polygon",
        "coordinates": [
          [
            [
              73.84166565130003,
              18.583333595
            ],
            [
              73.84166565130003,
              18.5916669283
            ],
            [
              73.83333231800003,
              18.5916669283
            ],
            [
              73.83333231800003,
              18.583333595
            ],
            [
              73.84166565130003,
              18.583333595
            ]
          ]
        ]
      }
    },
    {
      "type": "Feature",
      "id": "cell-8-13",
      "properties": {
        "population": 2763.127,
        "density": 3229.367,
        "cell_area_sqkm": 0.855625,
        "row": 8,
        "col": 13,
        "source": "WorldPop"
      },
      "geometry": {
        "type": "Polygon",
        "coordinates": [
          [
            [
              73.84999898460003,
              18.583333595
            ],
            [
              73.84999898460003,
              18.5916669283
            ],
            [
              73.84166565130003,
              18.5916669283
            ],
            [
              73.84166565130003,
              18.583333595
            ],
            [
              73.84999898460003,
              18.583333595
            ]
          ]
        ]
      }
    },
    {
      "type": "Feature",
      "id": "cell-8-14",
      "properties": {
        "population": 2910.151,
        "density": 3401.199,
        "cell_area_sqkm": 0.855625,
        "row": 8,
        "col": 14,
        "source": "WorldPop"
      },
      "geometry": {
        "type": "Polygon",
        "coordinates": [
          [
            [
              73.85833231790004,
              18.583333595
            ],
            [
              73.85833231790004,
              18.5916669283
            ],
            [
              73.84999898460003,
              18.5916669283
            ],
            [
              73.84999898460003,
              18.583333595
            ],
            [
              73.85833231790004,
              18.583333595
            ]
          ]
        ]
      }
    },
    {
      "type": "Feature",
      "id": "cell-8-15",
      "properties": {
        "population": 4184.576,
        "density": 4890.666,
        "cell_area_sqkm": 0.855625,
        "row": 8,
        "col": 15,
        "source": "WorldPop"
      },
      "geometry": {
        "type": "Polygon",
        "coordinates": [
          [
            [
              73.86666565120004,
              18.583333595
            ],
            [
              73.86666565120004,
              18.5916669283
            ],
            [
              73.85833231790004,
              18.5916669283
            ],
            [
              73.85833231790004,
              18.583333595
            ],
            [
              73.86666565120004,
              18.583333595
            ]
          ]
        ]
      }
    },
    {
      "type": "Feature",
      "id": "cell-8-16",
      "properties": {
        "population": 4312.702,
        "density": 5040.412,
        "cell_area_sqkm": 0.855625,
        "row": 8,
        "col": 16,
        "source": "WorldPop"
      },
      "geometry": {
        "type": "Polygon",
        "coordinates": [
          [
            [
              73.87499898450002,
              18.583333595
            ],
            [
              73.87499898450002,
              18.5916669283
            ],
            [
              73.86666565120004,
              18.5916669283
            ],
            [
              73.86666565120004,
              18.583333595
            ],
            [
              73.87499898450002,
              18.583333595
            ]
          ]
        ]
      }
    },
    {
      "type": "Feature",
      "id": "cell-8-17",
      "properties": {
        "population": 3493.641,
        "density": 4083.145,
        "cell_area_sqkm": 0.855625,
        "row": 8,
        "col": 17,
        "source": "WorldPop"
      },
      "geometry": {
        "type": "Polygon",
        "coordinates": [
          [
            [
              73.88333231780003,
              18.583333595
            ],
            [
              73.88333231780003,
              18.5916669283
            ],
            [
              73.87499898450002,
              18.5916669283
            ],
            [
              73.87499898450002,
              18.583333595
            ],
            [
              73.88333231780003,
              18.583333595
            ]
          ]
        ]
      }
    },
    {
      "type": "Feature",
      "id": "cell-8-18",
      "properties": {
        "population": 6173.755,
        "density": 7215.492,
        "cell_area_sqkm": 0.855625,
        "row": 8,
        "col": 18,
        "source": "WorldPop"
      },
      "geometry": {
        "type": "Polygon",
        "coordinates": [
          [
            [
              73.89166565110003,
              18.583333595
            ],
            [
              73.89166565110003,
              18.5916669283
            ],
            [
              73.88333231780003,
              18.5916669283
            ],
            [
              73.88333231780003,
              18.583333595
            ],
            [
              73.89166565110003,
              18.583333595
            ]
          ]
        ]
      }
    },
    {
      "type": "Feature",
      "id": "cell-8-19",
      "properties": {
        "population": 8117.989,
        "density": 9487.789,
        "cell_area_sqkm": 0.855625,
        "row": 8,
        "col": 19,
        "source": "WorldPop"
      },
      "geometry": {
        "type": "Polygon",
        "coordinates": [
          [
            [
              73.89999898440003,
              18.583333595
            ],
            [
              73.89999898440003,
              18.5916669283
            ],
            [
              73.89166565110003,
              18.5916669283
            ],
            [
              73.89166565110003,
              18.583333595
            ],
            [
              73.89999898440003,
              18.583333595
            ]
          ]
        ]
      }
    },
    {
      "type": "Feature",
      "id": "cell-8-20",
      "properties": {
        "population": 5559.391,
        "density": 6497.462,
        "cell_area_sqkm": 0.855625,
        "row": 8,
        "col": 20,
        "source": "WorldPop"
      },
      "geometry": {
        "type": "Polygon",
        "coordinates": [
          [
            [
              73.90833231770003,
              18.583333595
            ],
            [
              73.90833231770003,
              18.5916669283
            ],
            [
              73.89999898440003,
              18.5916669283
            ],
            [
              73.89999898440003,
              18.583333595
            ],
            [
              73.90833231770003,
              18.583333595
            ]
          ]
        ]
      }
    },
    {
      "type": "Feature",
      "id": "cell-8-21",
      "properties": {
        "population": 4639.877,
        "density": 5422.793,
        "cell_area_sqkm": 0.855625,
        "row": 8,
        "col": 21,
        "source": "WorldPop"
      },
      "geometry": {
        "type": "Polygon",
        "coordinates": [
          [
            [
              73.91666565100003,
              18.583333595
            ],
            [
              73.91666565100003,
              18.5916669283
            ],
            [
              73.90833231770003,
              18.5916669283
            ],
            [
              73.90833231770003,
              18.583333595
            ],
            [
              73.91666565100003,
              18.583333595
            ]
          ]
        ]
      }
    },
    {
      "type": "Feature",
      "id": "cell-8-22",
      "properties": {
        "population": 4771.606,
        "density": 5576.749,
        "cell_area_sqkm": 0.855625,
        "row": 8,
        "col": 22,
        "source": "WorldPop"
      },
      "geometry": {
        "type": "Polygon",
        "coordinates": [
          [
            [
              73.92499898430003,
              18.583333595
            ],
            [
              73.92499898430003,
              18.5916669283
            ],
            [
              73.91666565100003,
              18.5916669283
            ],
            [
              73.91666565100003,
              18.583333595
            ],
            [
              73.92499898430003,
              18.583333595
            ]
          ]
        ]
      }
    },
    {
      "type": "Feature",
      "id": "cell-8-23",
      "properties": {
        "population": 2794.099,
        "density": 3265.565,
        "cell_area_sqkm": 0.855625,
        "row": 8,
        "col": 23,
        "source": "WorldPop"
      },
      "geometry": {
        "type": "Polygon",
        "coordinates": [
          [
            [
              73.93333231760003,
              18.583333595
            ],
            [
              73.93333231760003,
              18.5916669283
            ],
            [
              73.92499898430003,
              18.5916669283
            ],
            [
              73.92499898430003,
              18.583333595
            ],
            [
              73.93333231760003,
              18.583333595
            ]
          ]
        ]
      }
    },
    {
      "type": "Feature",
      "id": "cell-8-24",
      "properties": {
        "population": 1746.185,
        "density": 2040.829,
        "cell_area_sqkm": 0.855625,
        "row": 8,
        "col": 24,
        "source": "WorldPop"
      },
      "geometry": {
        "type": "Polygon",
        "coordinates": [
          [
            [
              73.94166565090003,
              18.583333595
            ],
            [
              73.94166565090003,
              18.5916669283
            ],
            [
              73.93333231760003,
              18.5916669283
            ],
            [
              73.93333231760003,
              18.583333595
            ],
            [
              73.94166565090003,
              18.583333595
            ]
          ]
        ]
      }
    },
    {
      "type": "Feature",
      "id": "cell-8-25",
      "properties": {
        "population": 763.401,
        "density": 892.215,
        "cell_area_sqkm": 0.855625,
        "row": 8,
        "col": 25,
        "source": "WorldPop"
      },
      "geometry": {
        "type": "Polygon",
        "coordinates": [
          [
            [
              73.94999898420004,
              18.583333595
            ],
            [
              73.94999898420004,
              18.5916669283
            ],
            [
              73.94166565090003,
              18.5916669283
            ],
            [
              73.94166565090003,
              18.583333595
            ],
            [
              73.94999898420004,
              18.583333595
            ]
          ]
        ]
      }
    },
    {
      "type": "Feature",
      "id": "cell-8-26",
      "properties": {
        "population": 1274.6,
        "density": 1489.672,
        "cell_area_sqkm": 0.855625,
        "row": 8,
        "col": 26,
        "source": "WorldPop"
      },
      "geometry": {
        "type": "Polygon",
        "coordinates": [
          [
            [
              73.95833231750004,
              18.583333595
            ],
            [
              73.95833231750004,
              18.5916669283
            ],
            [
              73.94999898420004,
              18.5916669283
            ],
            [
              73.94999898420004,
              18.583333595
            ],
            [
              73.95833231750004,
              18.583333595
            ]
          ]
        ]
      }
    },
    {
      "type": "Feature",
      "id": "cell-8-27",
      "properties": {
        "population": 1887.276,
        "density": 2205.729,
        "cell_area_sqkm": 0.855625,
        "row": 8,
        "col": 27,
        "source": "WorldPop"
      },
      "geometry": {
        "type": "Polygon",
        "coordinates": [
          [
            [
              73.96666565080002,
              18.583333595
            ],
            [
              73.96666565080002,
              18.5916669283
            ],
            [
              73.95833231750004,
              18.5916669283
            ],
            [
              73.95833231750004,
              18.583333595
            ],
            [
              73.96666565080002,
              18.583333595
            ]
          ]
        ]
      }
    },
    {
      "type": "Feature",
      "id": "cell-8-28",
      "properties": {
        "population": 5092.021,
        "density": 5951.229,
        "cell_area_sqkm": 0.855625,
        "row": 8,
        "col": 28,
        "source": "WorldPop"
      },
      "geometry": {
        "type": "Polygon",
        "coordinates": [
          [
            [
              73.97499898410003,
              18.583333595
            ],
            [
              73.97499898410003,
              18.5916669283
            ],
            [
              73.96666565080002,
              18.5916669283
            ],
            [
              73.96666565080002,
              18.583333595
            ],
            [
              73.97499898410003,
              18.583333595
            ]
          ]
        ]
      }
    },
    {
      "type": "Feature",
      "id": "cell-8-29",
      "properties": {
        "population": 5227.231,
        "density": 6109.255,
        "cell_area_sqkm": 0.855625,
        "row": 8,
        "col": 29,
        "source": "WorldPop"
      },
      "geometry": {
        "type": "Polygon",
        "coordinates": [
          [
            [
              73.98333231740003,
              18.583333595
            ],
            [
              73.98333231740003,
              18.5916669283
            ],
            [
              73.97499898410003,
              18.5916669283
            ],
            [
              73.97499898410003,
              18.583333595
            ],
            [
              73.98333231740003,
              18.583333595
            ]
          ]
        ]
      }
    },
    {
      "type": "Feature",
      "id": "cell-8-30",
      "properties": {
        "population": 5572.622,
        "density": 6512.925,
        "cell_area_sqkm": 0.855625,
        "row": 8,
        "col": 30,
        "source": "WorldPop"
      },
      "geometry": {
        "type": "Polygon",
        "coordinates": [
          [
            [
              73.99166565070003,
              18.583333595
            ],
            [
              73.99166565070003,
              18.5916669283
            ],
            [
              73.98333231740003,
              18.5916669283
            ],
            [
              73.98333231740003,
              18.583333595
            ],
            [
              73.99166565070003,
              18.583333595
            ]
          ]
        ]
      }
    },
    {
      "type": "Feature",
      "id": "cell-9-0",
      "properties": {
        "population": 6623.013,
        "density": 7740.556,
        "cell_area_sqkm": 0.855625,
        "row": 9,
        "col": 0,
        "source": "WorldPop"
      },
      "geometry": {
        "type": "Polygon",
        "coordinates": [
          [
            [
              73.74166565170003,
              18.5750002617
            ],
            [
              73.74166565170003,
              18.583333595
            ],
            [
              73.73333231840003,
              18.583333595
            ],
            [
              73.73333231840003,
              18.5750002617
            ],
            [
              73.74166565170003,
              18.5750002617
            ]
          ]
        ]
      }
    },
    {
      "type": "Feature",
      "id": "cell-9-1",
      "properties": {
        "population": 3042.978,
        "density": 3556.439,
        "cell_area_sqkm": 0.855625,
        "row": 9,
        "col": 1,
        "source": "WorldPop"
      },
      "geometry": {
        "type": "Polygon",
        "coordinates": [
          [
            [
              73.74999898500003,
              18.5750002617
            ],
            [
              73.74999898500003,
              18.583333595
            ],
            [
              73.74166565170003,
              18.583333595
            ],
            [
              73.74166565170003,
              18.5750002617
            ],
            [
              73.74999898500003,
              18.5750002617
            ]
          ]
        ]
      }
    },
    {
      "type": "Feature",
      "id": "cell-9-2",
      "properties": {
        "population": 2951.927,
        "density": 3450.025,
        "cell_area_sqkm": 0.855625,
        "row": 9,
        "col": 2,
        "source": "WorldPop"
      },
      "geometry": {
        "type": "Polygon",
        "coordinates": [
          [
            [
              73.75833231830003,
              18.5750002617
            ],
            [
              73.75833231830003,
              18.583333595
            ],
            [
              73.74999898500003,
              18.583333595
            ],
            [
              73.74999898500003,
              18.5750002617
            ],
            [
              73.75833231830003,
              18.5750002617
            ]
          ]
        ]
      }
    },
    {
      "type": "Feature",
      "id": "cell-9-3",
      "properties": {
        "population": 8995.263,
        "density": 10513.09,
        "cell_area_sqkm": 0.855625,
        "row": 9,
        "col": 3,
        "source": "WorldPop"
      },
      "geometry": {
        "type": "Polygon",
        "coordinates": [
          [
            [
              73.76666565160004,
              18.5750002617
            ],
            [
              73.76666565160004,
              18.583333595
            ],
            [
              73.75833231830003,
              18.583333595
            ],
            [
              73.75833231830003,
              18.5750002617
            ],
            [
              73.76666565160004,
              18.5750002617
            ]
          ]
        ]
      }
    },
    {
      "type": "Feature",
      "id": "cell-9-4",
      "properties": {
        "population": 9179.866,
        "density": 10728.843,
        "cell_area_sqkm": 0.855625,
        "row": 9,
        "col": 4,
        "source": "WorldPop"
      },
      "geometry": {
        "type": "Polygon",
        "coordinates": [
          [
            [
              73.77499898490004,
              18.5750002617
            ],
            [
              73.77499898490004,
              18.583333595
            ],
            [
              73.76666565160004,
              18.583333595
            ],
            [
              73.76666565160004,
              18.5750002617
            ],
            [
              73.77499898490004,
              18.5750002617
            ]
          ]
        ]
      }
    },
    {
      "type": "Feature",
      "id": "cell-9-5",
      "properties": {
        "population": 7952.561,
        "density": 9294.446,
        "cell_area_sqkm": 0.855625,
        "row": 9,
        "col": 5,
        "source": "WorldPop"
      },
      "geometry": {
        "type": "Polygon",
        "coordinates": [
          [
            [
              73.78333231820002,
              18.5750002617
            ],
            [
              73.78333231820002,
              18.583333595
            ],
            [
              73.77499898490004,
              18.583333595
            ],
            [
              73.77499898490004,
              18.5750002617
            ],
            [
              73.78333231820002,
              18.5750002617
            ]
          ]
        ]
      }
    },
    {
      "type": "Feature",
      "id": "cell-9-6",
      "properties": {
        "population": 6498.872,
        "density": 7595.468,
        "cell_area_sqkm": 0.855625,
        "row": 9,
        "col": 6,
        "source": "WorldPop"
      },
      "geometry": {
        "type": "Polygon",
        "coordinates": [
          [
            [
              73.79166565150003,
              18.5750002617
            ],
            [
              73.79166565150003,
              18.583333595
            ],
            [
              73.78333231820002,
              18.583333595
            ],
            [
              73.78333231820002,
              18.5750002617
            ],
            [
              73.79166565150003,
              18.5750002617
            ]
          ]
        ]
      }
    },
    {
      "type": "Feature",
      "id": "cell-9-7",
      "properties": {
        "population": 2680.006,
        "density": 3132.22,
        "cell_area_sqkm": 0.855625,
        "row": 9,
        "col": 7,
        "source": "WorldPop"
      },
      "geometry": {
        "type": "Polygon",
        "coordinates": [
          [
            [
              73.79999898480003,
              18.5750002617
            ],
            [
              73.79999898480003,
              18.583333595
            ],
            [
              73.79166565150003,
              18.583333595
            ],
            [
              73.79166565150003,
              18.5750002617
            ],
            [
              73.79999898480003,
              18.5750002617
            ]
          ]
        ]
      }
    },
    {
      "type": "Feature",
      "id": "cell-9-8",
      "properties": {
        "population": 2930.112,
        "density": 3424.528,
        "cell_area_sqkm": 0.855625,
        "row": 9,
        "col": 8,
        "source": "WorldPop"
      },
      "geometry": {
        "type": "Polygon",
        "coordinates": [
          [
            [
              73.80833231810003,
              18.5750002617
            ],
            [
              73.80833231810003,
              18.583333595
            ],
            [
              73.79999898480003,
              18.583333595
            ],
            [
              73.79999898480003,
              18.5750002617
            ],
            [
              73.80833231810003,
              18.5750002617
            ]
          ]
        ]
      }
    },
    {
      "type": "Feature",
      "id": "cell-9-9",
      "properties": {
        "population": 9968.084,
        "density": 11650.062,
        "cell_area_sqkm": 0.855625,
        "row": 9,
        "col": 9,
        "source": "WorldPop"
      },
      "geometry": {
        "type": "Polygon",
        "coordinates": [
          [
            [
              73.81666565140003,
              18.5750002617
            ],
            [
              73.81666565140003,
              18.583333595
            ],
            [
              73.80833231810003,
              18.583333595
            ],
            [
              73.80833231810003,
              18.5750002617
            ],
            [
              73.81666565140003,
              18.5750002617
            ]
          ]
        ]
      }
    },
    {
      "type": "Feature",
      "id": "cell-9-10",
      "properties": {
        "population": 9877.629,
        "density": 11544.344,
        "cell_area_sqkm": 0.855625,
        "row": 9,
        "col": 10,
        "source": "WorldPop"
      },
      "geometry": {
        "type": "Polygon",
        "coordinates": [
          [
            [
              73.82499898470003,
              18.5750002617
            ],
            [
              73.82499898470003,
              18.583333595
            ],
            [
              73.81666565140003,
              18.583333595
            ],
            [
              73.81666565140003,
              18.5750002617
            ],
            [
              73.82499898470003,
              18.5750002617
            ]
          ]
        ]
      }
    },
    {
      "type": "Feature",
      "id": "cell-9-11",
      "properties": {
        "population": 10780.721,
        "density": 12599.82,
        "cell_area_sqkm": 0.855625,
        "row": 9,
        "col": 11,
        "source": "WorldPop"
      },
      "geometry": {
        "type": "Polygon",
        "coordinates": [
          [
            [
              73.83333231800003,
              18.5750002617
            ],
            [
              73.83333231800003,
              18.583333595
            ],
            [
              73.82499898470003,
              18.583333595
            ],
            [
              73.82499898470003,
              18.5750002617
            ],
            [
              73.83333231800003,
              18.5750002617
            ]
          ]
        ]
      }
    },
    {
      "type": "Feature",
      "id": "cell-9-12",
      "properties": {
        "population": 4357.601,
        "density": 5092.887,
        "cell_area_sqkm": 0.855625,
        "row": 9,
        "col": 12,
        "source": "WorldPop"
      },
      "geometry": {
        "type": "Polygon",
        "coordinates": [
          [
            [
              73.84166565130003,
              18.5750002617
            ],
            [
              73.84166565130003,
              18.583333595
            ],
            [
              73.83333231800003,
              18.583333595
            ],
            [
              73.83333231800003,
              18.5750002617
            ],
            [
              73.84166565130003,
              18.5750002617
            ]
          ]
        ]
      }
    },
    {
      "type": "Feature",
      "id": "cell-9-13",
      "properties": {
        "population": 1844.072,
        "density": 2155.234,
        "cell_area_sqkm": 0.855625,
        "row": 9,
        "col": 13,
        "source": "WorldPop"
      },
      "geometry": {
        "type": "Polygon",
        "coordinates": [
          [
            [
              73.84999898460003,
              18.5750002617
            ],
            [
              73.84999898460003,
              18.583333595
            ],
            [
              73.84166565130003,
              18.583333595
            ],
            [
              73.84166565130003,
              18.5750002617
            ],
            [
              73.84999898460003,
              18.5750002617
            ]
          ]
        ]
      }
    },
    {
      "type": "Feature",
      "id": "cell-9-14",
      "properties": {
        "population": 2914.541,
        "density": 3406.33,
        "cell_area_sqkm": 0.855625,
        "row": 9,
        "col": 14,
        "source": "WorldPop"
      },
      "geometry": {
        "type": "Polygon",
        "coordinates": [
          [
            [
              73.85833231790004,
              18.5750002617
            ],
            [
              73.85833231790004,
              18.583333595
            ],
            [
              73.84999898460003,
              18.583333595
            ],
            [
              73.84999898460003,
              18.5750002617
            ],
            [
              73.85833231790004,
              18.5750002617
            ]
          ]
        ]
      }
    },
    {
      "type": "Feature",
      "id": "cell-9-15",
      "properties": {
        "population": 3316.01,
        "density": 3875.541,
        "cell_area_sqkm": 0.855625,
        "row": 9,
        "col": 15,
        "source": "WorldPop"
      },
      "geometry": {
        "type": "Polygon",
        "coordinates": [
          [
            [
              73.86666565120004,
              18.5750002617
            ],
            [
              73.86666565120004,
              18.583333595
            ],
            [
              73.85833231790004,
              18.583333595
            ],
            [
              73.85833231790004,
              18.5750002617
            ],
            [
              73.86666565120004,
              18.5750002617
            ]
          ]
        ]
      }
    },
    {
      "type": "Feature",
      "id": "cell-9-16",
      "properties": {
        "population": 4554.691,
        "density": 5323.233,
        "cell_area_sqkm": 0.855625,
        "row": 9,
        "col": 16,
        "source": "WorldPop"
      },
      "geometry": {
        "type": "Polygon",
        "coordinates": [
          [
            [
              73.87499898450002,
              18.5750002617
            ],
            [
              73.87499898450002,
              18.583333595
            ],
            [
              73.86666565120004,
              18.583333595
            ],
            [
              73.86666565120004,
              18.5750002617
            ],
            [
              73.87499898450002,
              18.5750002617
            ]
          ]
        ]
      }
    },
    {
      "type": "Feature",
      "id": "cell-9-17",
      "properties": {
        "population": 10238.284,
        "density": 11965.855,
        "cell_area_sqkm": 0.855625,
        "row": 9,
        "col": 17,
        "source": "WorldPop"
      },
      "geometry": {
        "type": "Polygon",
        "coordinates": [
          [
            [
              73.88333231780003,
              18.5750002617
            ],
            [
              73.88333231780003,
              18.583333595
            ],
            [
              73.87499898450002,
              18.583333595
            ],
            [
              73.87499898450002,
              18.5750002617
            ],
            [
              73.88333231780003,
              18.5750002617
            ]
          ]
        ]
      }
    },
    {
      "type": "Feature",
      "id": "cell-9-18",
      "properties": {
        "population": 9915.825,
        "density": 11588.985,
        "cell_area_sqkm": 0.855625,
        "row": 9,
        "col": 18,
        "source": "WorldPop"
      },
      "geometry": {
        "type": "Polygon",
        "coordinates": [
          [
            [
              73.89166565110003,
              18.5750002617
            ],
            [
              73.89166565110003,
              18.583333595
            ],
            [
              73.88333231780003,
              18.583333595
            ],
            [
              73.88333231780003,
              18.5750002617
            ],
            [
              73.89166565110003,
              18.5750002617
            ]
          ]
        ]
      }
    },
    {
      "type": "Feature",
      "id": "cell-9-19",
      "properties": {
        "population": 9386.462,
        "density": 10970.299,
        "cell_area_sqkm": 0.855625,
        "row": 9,
        "col": 19,
        "source": "WorldPop"
      },
      "geometry": {
        "type": "Polygon",
        "coordinates": [
          [
            [
              73.89999898440003,
              18.5750002617
            ],
            [
              73.89999898440003,
              18.583333595
            ],
            [
              73.89166565110003,
              18.583333595
            ],
            [
              73.89166565110003,
              18.5750002617
            ],
            [
              73.89999898440003,
              18.5750002617
            ]
          ]
        ]
      }
    },
    {
      "type": "Feature",
      "id": "cell-9-20",
      "properties": {
        "population": 4379.411,
        "density": 5118.377,
        "cell_area_sqkm": 0.855625,
        "row": 9,
        "col": 20,
        "source": "WorldPop"
      },
      "geometry": {
        "type": "Polygon",
        "coordinates": [
          [
            [
              73.90833231770003,
              18.5750002617
            ],
            [
              73.90833231770003,
              18.583333595
            ],
            [
              73.89999898440003,
              18.583333595
            ],
            [
              73.89999898440003,
              18.5750002617
            ],
            [
              73.90833231770003,
              18.5750002617
            ]
          ]
        ]
      }
    },
    {
      "type": "Feature",
      "id": "cell-9-21",
      "properties": {
        "population": 3717.343,
        "density": 4344.593,
        "cell_area_sqkm": 0.855625,
        "row": 9,
        "col": 21,
        "source": "WorldPop"
      },
      "geometry": {
        "type": "Polygon",
        "coordinates": [
          [
            [
              73.91666565100003,
              18.5750002617
            ],
            [
              73.91666565100003,
              18.583333595
            ],
            [
              73.90833231770003,
              18.583333595
            ],
            [
              73.90833231770003,
              18.5750002617
            ],
            [
              73.91666565100003,
              18.5750002617
            ]
          ]
        ]
      }
    },
    {
      "type": "Feature",
      "id": "cell-9-22",
      "properties": {
        "population": 2277.167,
        "density": 2661.407,
        "cell_area_sqkm": 0.855625,
        "row": 9,
        "col": 22,
        "source": "WorldPop"
      },
      "geometry": {
        "type": "Polygon",
        "coordinates": [
          [
            [
              73.92499898430003,
              18.5750002617
            ],
            [
              73.92499898430003,
              18.583333595
            ],
            [
              73.91666565100003,
              18.583333595
            ],
            [
              73.91666565100003,
              18.5750002617
            ],
            [
              73.92499898430003,
              18.5750002617
            ]
          ]
        ]
      }
    },
    {
      "type": "Feature",
      "id": "cell-9-23",
      "properties": {
        "population": 665.976,
        "density": 778.35,
        "cell_area_sqkm": 0.855625,
        "row": 9,
        "col": 23,
        "source": "WorldPop"
      },
      "geometry": {
        "type": "Polygon",
        "coordinates": [
          [
            [
              73.93333231760003,
              18.5750002617
            ],
            [
              73.93333231760003,
              18.583333595
            ],
            [
              73.92499898430003,
              18.583333595
            ],
            [
              73.92499898430003,
              18.5750002617
            ],
            [
              73.93333231760003,
              18.5750002617
            ]
          ]
        ]
      }
    },
    {
      "type": "Feature",
      "id": "cell-9-24",
      "properties": {
        "population": 900.019,
        "density": 1051.885,
        "cell_area_sqkm": 0.855625,
        "row": 9,
        "col": 24,
        "source": "WorldPop"
      },
      "geometry": {
        "type": "Polygon",
        "coordinates": [
          [
            [
              73.94166565090003,
              18.5750002617
            ],
            [
              73.94166565090003,
              18.583333595
            ],
            [
              73.93333231760003,
              18.583333595
            ],
            [
              73.93333231760003,
              18.5750002617
            ],
            [
              73.94166565090003,
              18.5750002617
            ]
          ]
        ]
      }
    },
    {
      "type": "Feature",
      "id": "cell-9-25",
      "properties": {
        "population": 797.339,
        "density": 931.879,
        "cell_area_sqkm": 0.855625,
        "row": 9,
        "col": 25,
        "source": "WorldPop"
      },
      "geometry": {
        "type": "Polygon",
        "coordinates": [
          [
            [
              73.94999898420004,
              18.5750002617
            ],
            [
              73.94999898420004,
              18.583333595
            ],
            [
              73.94166565090003,
              18.583333595
            ],
            [
              73.94166565090003,
              18.5750002617
            ],
            [
              73.94999898420004,
              18.5750002617
            ]
          ]
        ]
      }
    },
    {
      "type": "Feature",
      "id": "cell-9-26",
      "properties": {
        "population": 3471.79,
        "density": 4057.607,
        "cell_area_sqkm": 0.855625,
        "row": 9,
        "col": 26,
        "source": "WorldPop"
      },
      "geometry": {
        "type": "Polygon",
        "coordinates": [
          [
            [
              73.95833231750004,
              18.5750002617
            ],
            [
              73.95833231750004,
              18.583333595
            ],
            [
              73.94999898420004,
              18.583333595
            ],
            [
              73.94999898420004,
              18.5750002617
            ],
            [
              73.95833231750004,
              18.5750002617
            ]
          ]
        ]
      }
    },
    {
      "type": "Feature",
      "id": "cell-9-27",
      "properties": {
        "population": 3866.395,
        "density": 4518.796,
        "cell_area_sqkm": 0.855625,
        "row": 9,
        "col": 27,
        "source": "WorldPop"
      },
      "geometry": {
        "type": "Polygon",
        "coordinates": [
          [
            [
              73.96666565080002,
              18.5750002617
            ],
            [
              73.96666565080002,
              18.583333595
            ],
            [
              73.95833231750004,
              18.583333595
            ],
            [
              73.95833231750004,
              18.5750002617
            ],
            [
              73.96666565080002,
              18.5750002617
            ]
          ]
        ]
      }
    },
    {
      "type": "Feature",
      "id": "cell-9-28",
      "properties": {
        "population": 6876.694,
        "density": 8037.042,
        "cell_area_sqkm": 0.855625,
        "row": 9,
        "col": 28,
        "source": "WorldPop"
      },
      "geometry": {
        "type": "Polygon",
        "coordinates": [
          [
            [
              73.97499898410003,
              18.5750002617
            ],
            [
              73.97499898410003,
              18.583333595
            ],
            [
              73.96666565080002,
              18.583333595
            ],
            [
              73.96666565080002,
              18.5750002617
            ],
            [
              73.97499898410003,
              18.5750002617
            ]
          ]
        ]
      }
    },
    {
      "type": "Feature",
      "id": "cell-9-29",
      "properties": {
        "population": 9910.464,
        "density": 11582.719,
        "cell_area_sqkm": 0.855625,
        "row": 9,
        "col": 29,
        "source": "WorldPop"
      },
      "geometry": {
        "type": "Polygon",
        "coordinates": [
          [
            [
              73.98333231740003,
              18.5750002617
            ],
            [
              73.98333231740003,
              18.583333595
            ],
            [
              73.97499898410003,
              18.583333595
            ],
            [
              73.97499898410003,
              18.5750002617
            ],
            [
              73.98333231740003,
              18.5750002617
            ]
          ]
        ]
      }
    },
    {
      "type": "Feature",
      "id": "cell-9-30",
      "properties": {
        "population": 9460.195,
        "density": 11056.474,
        "cell_area_sqkm": 0.855625,
        "row": 9,
        "col": 30,
        "source": "WorldPop"
      },
      "geometry": {
        "type": "Polygon",
        "coordinates": [
          [
            [
              73.99166565070003,
              18.5750002617
            ],
            [
              73.99166565070003,
              18.583333595
            ],
            [
              73.98333231740003,
              18.583333595
            ],
            [
              73.98333231740003,
              18.5750002617
            ],
            [
              73.99166565070003,
              18.5750002617
            ]
          ]
        ]
      }
    },
    {
      "type": "Feature",
      "id": "cell-10-0",
      "properties": {
        "population": 2114.331,
        "density": 2471.096,
        "cell_area_sqkm": 0.855625,
        "row": 10,
        "col": 0,
        "source": "WorldPop"
      },
      "geometry": {
        "type": "Polygon",
        "coordinates": [
          [
            [
              73.74166565170003,
              18.5666669284
            ],
            [
              73.74166565170003,
              18.5750002617
            ],
            [
              73.73333231840003,
              18.5750002617
            ],
            [
              73.73333231840003,
              18.5666669284
            ],
            [
              73.74166565170003,
              18.5666669284
            ]
          ]
        ]
      }
    },
    {
      "type": "Feature",
      "id": "cell-10-1",
      "properties": {
        "population": 1330.603,
        "density": 1555.124,
        "cell_area_sqkm": 0.855625,
        "row": 10,
        "col": 1,
        "source": "WorldPop"
      },
      "geometry": {
        "type": "Polygon",
        "coordinates": [
          [
            [
              73.74999898500003,
              18.5666669284
            ],
            [
              73.74999898500003,
              18.5750002617
            ],
            [
              73.74166565170003,
              18.5750002617
            ],
            [
              73.74166565170003,
              18.5666669284
            ],
            [
              73.74999898500003,
              18.5666669284
            ]
          ]
        ]
      }
    },
    {
      "type": "Feature",
      "id": "cell-10-2",
      "properties": {
        "population": 4276.904,
        "density": 4998.573,
        "cell_area_sqkm": 0.855625,
        "row": 10,
        "col": 2,
        "source": "WorldPop"
      },
      "geometry": {
        "type": "Polygon",
        "coordinates": [
          [
            [
              73.75833231830003,
              18.5666669284
            ],
            [
              73.75833231830003,
              18.5750002617
            ],
            [
              73.74999898500003,
              18.5750002617
            ],
            [
              73.74999898500003,
              18.5666669284
            ],
            [
              73.75833231830003,
              18.5666669284
            ]
          ]
        ]
      }
    },
    {
      "type": "Feature",
      "id": "cell-10-3",
      "properties": {
        "population": 10291.519,
        "density": 12028.071,
        "cell_area_sqkm": 0.855625,
        "row": 10,
        "col": 3,
        "source": "WorldPop"
      },
      "geometry": {
        "type": "Polygon",
        "coordinates": [
          [
            [
              73.76666565160004,
              18.5666669284
            ],
            [
              73.76666565160004,
              18.5750002617
            ],
            [
              73.75833231830003,
              18.5750002617
            ],
            [
              73.75833231830003,
              18.5666669284
            ],
            [
              73.76666565160004,
              18.5666669284
            ]
          ]
        ]
      }
    },
    {
      "type": "Feature",
      "id": "cell-10-4",
      "properties": {
        "population": 10801.499,
        "density": 12624.104,
        "cell_area_sqkm": 0.855625,
        "row": 10,
        "col": 4,
        "source": "WorldPop"
      },
      "geometry": {
        "type": "Polygon",
        "coordinates": [
          [
            [
              73.77499898490004,
              18.5666669284
            ],
            [
              73.77499898490004,
              18.5750002617
            ],
            [
              73.76666565160004,
              18.5750002617
            ],
            [
              73.76666565160004,
              18.5666669284
            ],
            [
              73.77499898490004,
              18.5666669284
            ]
          ]
        ]
      }
    },
    {
      "type": "Feature",
      "id": "cell-10-5",
      "properties": {
        "population": 12362.556,
        "density": 14448.568,
        "cell_area_sqkm": 0.855625,
        "row": 10,
        "col": 5,
        "source": "WorldPop"
      },
      "geometry": {
        "type": "Polygon",
        "coordinates": [
          [
            [
              73.78333231820002,
              18.5666669284
            ],
            [
              73.78333231820002,
              18.5750002617
            ],
            [
              73.77499898490004,
              18.5750002617
            ],
            [
              73.77499898490004,
              18.5666669284
            ],
            [
              73.78333231820002,
              18.5666669284
            ]
          ]
        ]
      }
    },
    {
      "type": "Feature",
      "id": "cell-10-6",
      "properties": {
        "population": 6442.082,
        "density": 7529.095,
        "cell_area_sqkm": 0.855625,
        "row": 10,
        "col": 6,
        "source": "WorldPop"
      },
      "geometry": {
        "type": "Polygon",
        "coordinates": [
          [
            [
              73.79166565150003,
              18.5666669284
            ],
            [
              73.79166565150003,
              18.5750002617
            ],
            [
              73.78333231820002,
              18.5750002617
            ],
            [
              73.78333231820002,
              18.5666669284
            ],
            [
              73.79166565150003,
              18.5666669284
            ]
          ]
        ]
      }
    },
    {
      "type": "Feature",
      "id": "cell-10-7",
      "properties": {
        "population": 4647.704,
        "density": 5431.941,
        "cell_area_sqkm": 0.855625,
        "row": 10,
        "col": 7,
        "source": "WorldPop"
      },
      "geometry": {
        "type": "Polygon",
        "coordinates": [
          [
            [
              73.79999898480003,
              18.5666669284
            ],
            [
              73.79999898480003,
              18.5750002617
            ],
            [
              73.79166565150003,
              18.5750002617
            ],
            [
              73.79166565150003,
              18.5666669284
            ],
            [
              73.79999898480003,
              18.5666669284
            ]
          ]
        ]
      }
    },
    {
      "type": "Feature",
      "id": "cell-10-8",
      "properties": {
        "population": 2535.288,
        "density": 2963.083,
        "cell_area_sqkm": 0.855625,
        "row": 10,
        "col": 8,
        "source": "WorldPop"
      },
      "geometry": {
        "type": "Polygon",
        "coordinates": [
          [
            [
              73.80833231810003,
              18.5666669284
            ],
            [
              73.80833231810003,
              18.5750002617
            ],
            [
              73.79999898480003,
              18.5750002617
            ],
            [
              73.79999898480003,
              18.5666669284
            ],
            [
              73.80833231810003,
              18.5666669284
            ]
          ]
        ]
      }
    },
    {
      "type": "Feature",
      "id": "cell-10-9",
      "properties": {
        "population": 7286.428,
        "density": 8515.913,
        "cell_area_sqkm": 0.855625,
        "row": 10,
        "col": 9,
        "source": "WorldPop"
      },
      "geometry": {
        "type": "Polygon",
        "coordinates": [
          [
            [
              73.81666565140003,
              18.5666669284
            ],
            [
              73.81666565140003,
              18.5750002617
            ],
            [
              73.80833231810003,
              18.5750002617
            ],
            [
              73.80833231810003,
              18.5666669284
            ],
            [
              73.81666565140003,
              18.5666669284
            ]
          ]
        ]
      }
    },
    {
      "type": "Feature",
      "id": "cell-10-10",
      "properties": {
        "population": 8909.056,
        "density": 10412.337,
        "cell_area_sqkm": 0.855625,
        "row": 10,
        "col": 10,
        "source": "WorldPop"
      },
      "geometry": {
        "type": "Polygon",
        "coordinates": [
          [
            [
              73.82499898470003,
              18.5666669284
            ],
            [
              73.82499898470003,
              18.5750002617
            ],
            [
              73.81666565140003,
              18.5750002617
            ],
            [
              73.81666565140003,
              18.5666669284
            ],
            [
              73.82499898470003,
              18.5666669284
            ]
          ]
        ]
      }
    },
    {
      "type": "Feature",
      "id": "cell-10-11",
      "properties": {
        "population": 9280.642,
        "density": 10846.623,
        "cell_area_sqkm": 0.855625,
        "row": 10,
        "col": 11,
        "source": "WorldPop"
      },
      "geometry": {
        "type": "Polygon",
        "coordinates": [
          [
            [
              73.83333231800003,
              18.5666669284
            ],
            [
              73.83333231800003,
              18.5750002617
            ],
            [
              73.82499898470003,
              18.5750002617
            ],
            [
              73.82499898470003,
              18.5666669284
            ],
            [
              73.83333231800003,
              18.5666669284
            ]
          ]
        ]
      }
    },
    {
      "type": "Feature",
      "id": "cell-10-12",
      "properties": {
        "population": 9191.367,
        "density": 10742.285,
        "cell_area_sqkm": 0.855625,
        "row": 10,
        "col": 12,
        "source": "WorldPop"
      },
      "geometry": {
        "type": "Polygon",
        "coordinates": [
          [
            [
              73.84166565130003,
              18.5666669284
            ],
            [
              73.84166565130003,
              18.5750002617
            ],
            [
              73.83333231800003,
              18.5750002617
            ],
            [
              73.83333231800003,
              18.5666669284
            ],
            [
              73.84166565130003,
              18.5666669284
            ]
          ]
        ]
      }
    },
    {
      "type": "Feature",
      "id": "cell-10-13",
      "properties": {
        "population": 6511.241,
        "density": 7609.924,
        "cell_area_sqkm": 0.855625,
        "row": 10,
        "col": 13,
        "source": "WorldPop"
      },
      "geometry": {
        "type": "Polygon",
        "coordinates": [
          [
            [
              73.84999898460003,
              18.5666669284
            ],
            [
              73.84999898460003,
              18.5750002617
            ],
            [
              73.84166565130003,
              18.5750002617
            ],
            [
              73.84166565130003,
              18.5666669284
            ],
            [
              73.84999898460003,
              18.5666669284
            ]
          ]
        ]
      }
    },
    {
      "type": "Feature",
      "id": "cell-10-14",
      "properties": {
        "population": 8192.136,
        "density": 9574.447,
        "cell_area_sqkm": 0.855625,
        "row": 10,
        "col": 14,
        "source": "WorldPop"
      },
      "geometry": {
        "type": "Polygon",
        "coordinates": [
          [
            [
              73.85833231790004,
              18.5666669284
            ],
            [
              73.85833231790004,
              18.5750002617
            ],
            [
              73.84999898460003,
              18.5750002617
            ],
            [
              73.84999898460003,
              18.5666669284
            ],
            [
              73.85833231790004,
              18.5666669284
            ]
          ]
        ]
      }
    },
    {
      "type": "Feature",
      "id": "cell-10-15",
      "properties": {
        "population": 5034.839,
        "density": 5884.399,
        "cell_area_sqkm": 0.855625,
        "row": 10,
        "col": 15,
        "source": "WorldPop"
      },
      "geometry": {
        "type": "Polygon",
        "coordinates": [
          [
            [
              73.86666565120004,
              18.5666669284
            ],
            [
              73.86666565120004,
              18.5750002617
            ],
            [
              73.85833231790004,
              18.5750002617
            ],
            [
              73.85833231790004,
              18.5666669284
            ],
            [
              73.86666565120004,
              18.5666669284
            ]
          ]
        ]
      }
    },
    {
      "type": "Feature",
      "id": "cell-10-16",
      "properties": {
        "population": 2278.652,
        "density": 2663.143,
        "cell_area_sqkm": 0.855625,
        "row": 10,
        "col": 16,
        "source": "WorldPop"
      },
      "geometry": {
        "type": "Polygon",
        "coordinates": [
          [
            [
              73.87499898450002,
              18.5666669284
            ],
            [
              73.87499898450002,
              18.5750002617
            ],
            [
              73.86666565120004,
              18.5750002617
            ],
            [
              73.86666565120004,
              18.5666669284
            ],
            [
              73.87499898450002,
              18.5666669284
            ]
          ]
        ]
      }
    },
    {
      "type": "Feature",
      "id": "cell-10-17",
      "properties": {
        "population": 12650.257,
        "density": 14784.815,
        "cell_area_sqkm": 0.855625,
        "row": 10,
        "col": 17,
        "source": "WorldPop"
      },
      "geometry": {
        "type": "Polygon",
        "coordinates": [
          [
            [
              73.88333231780003,
              18.5666669284
            ],
            [
              73.88333231780003,
              18.5750002617
            ],
            [
              73.87499898450002,
              18.5750002617
            ],
            [
              73.87499898450002,
              18.5666669284
            ],
            [
              73.88333231780003,
              18.5666669284
            ]
          ]
        ]
      }
    },
    {
      "type": "Feature",
      "id": "cell-10-18",
      "properties": {
        "population": 5697.643,
        "density": 6659.042,
        "cell_area_sqkm": 0.855625,
        "row": 10,
        "col": 18,
        "source": "WorldPop"
      },
      "geometry": {
        "type": "Polygon",
        "coordinates": [
          [
            [
              73.89166565110003,
              18.5666669284
            ],
            [
              73.89166565110003,
              18.5750002617
            ],
            [
              73.88333231780003,
              18.5750002617
            ],
            [
              73.88333231780003,
              18.5666669284
            ],
            [
              73.89166565110003,
              18.5666669284
            ]
          ]
        ]
      }
    },
    {
      "type": "Feature",
      "id": "cell-10-19",
      "properties": {
        "population": 2376.107,
        "density": 2777.042,
        "cell_area_sqkm": 0.855625,
        "row": 10,
        "col": 19,
        "source": "WorldPop"
      },
      "geometry": {
        "type": "Polygon",
        "coordinates": [
          [
            [
              73.89999898440003,
              18.5666669284
            ],
            [
              73.89999898440003,
              18.5750002617
            ],
            [
              73.89166565110003,
              18.5750002617
            ],
            [
              73.89166565110003,
              18.5666669284
            ],
            [
              73.89999898440003,
              18.5666669284
            ]
          ]
        ]
      }
    },
    {
      "type": "Feature",
      "id": "cell-10-20",
      "properties": {
        "population": 8103.304,
        "density": 9470.625,
        "cell_area_sqkm": 0.855625,
        "row": 10,
        "col": 20,
        "source": "WorldPop"
      },
      "geometry": {
        "type": "Polygon",
        "coordinates": [
          [
            [
              73.90833231770003,
              18.5666669284
            ],
            [
              73.90833231770003,
              18.5750002617
            ],
            [
              73.89999898440003,
              18.5750002617
            ],
            [
              73.89999898440003,
              18.5666669284
            ],
            [
              73.90833231770003,
              18.5666669284
            ]
          ]
        ]
      }
    },
    {
      "type": "Feature",
      "id": "cell-10-21",
      "properties": {
        "population": 10322.087,
        "density": 12063.798,
        "cell_area_sqkm": 0.855625,
        "row": 10,
        "col": 21,
        "source": "WorldPop"
      },
      "geometry": {
        "type": "Polygon",
        "coordinates": [
          [
            [
              73.91666565100003,
              18.5666669284
            ],
            [
              73.91666565100003,
              18.5750002617
            ],
            [
              73.90833231770003,
              18.5750002617
            ],
            [
              73.90833231770003,
              18.5666669284
            ],
            [
              73.91666565100003,
              18.5666669284
            ]
          ]
        ]
      }
    },
    {
      "type": "Feature",
      "id": "cell-10-22",
      "properties": {
        "population": 6230.925,
        "density": 7282.308,
        "cell_area_sqkm": 0.855625,
        "row": 10,
        "col": 22,
        "source": "WorldPop"
      },
      "geometry": {
        "type": "Polygon",
        "coordinates": [
          [
            [
              73.92499898430003,
              18.5666669284
            ],
            [
              73.92499898430003,
              18.5750002617
            ],
            [
              73.91666565100003,
              18.5750002617
            ],
            [
              73.91666565100003,
              18.5666669284
            ],
            [
              73.92499898430003,
              18.5666669284
            ]
          ]
        ]
      }
    },
    {
      "type": "Feature",
      "id": "cell-10-23",
      "properties": {
        "population": 3396.954,
        "density": 3970.144,
        "cell_area_sqkm": 0.855625,
        "row": 10,
        "col": 23,
        "source": "WorldPop"
      },
      "geometry": {
        "type": "Polygon",
        "coordinates": [
          [
            [
              73.93333231760003,
              18.5666669284
            ],
            [
              73.93333231760003,
              18.5750002617
            ],
            [
              73.92499898430003,
              18.5750002617
            ],
            [
              73.92499898430003,
              18.5666669284
            ],
            [
              73.93333231760003,
              18.5666669284
            ]
          ]
        ]
      }
    },
    {
      "type": "Feature",
      "id": "cell-10-24",
      "properties": {
        "population": 1636.674,
        "density": 1912.84,
        "cell_area_sqkm": 0.855625,
        "row": 10,
        "col": 24,
        "source": "WorldPop"
      },
      "geometry": {
        "type": "Polygon",
        "coordinates": [
          [
            [
              73.94166565090003,
              18.5666669284
            ],
            [
              73.94166565090003,
              18.5750002617
            ],
            [
              73.93333231760003,
              18.5750002617
            ],
            [
              73.93333231760003,
              18.5666669284
            ],
            [
              73.94166565090003,
              18.5666669284
            ]
          ]
        ]
      }
    },
    {
      "type": "Feature",
      "id": "cell-10-25",
      "properties": {
        "population": 2712.649,
        "density": 3170.372,
        "cell_area_sqkm": 0.855625,
        "row": 10,
        "col": 25,
        "source": "WorldPop"
      },
      "geometry": {
        "type": "Polygon",
        "coordinates": [
          [
            [
              73.94999898420004,
              18.5666669284
            ],
            [
              73.94999898420004,
              18.5750002617
            ],
            [
              73.94166565090003,
              18.5750002617
            ],
            [
              73.94166565090003,
              18.5666669284
            ],
            [
              73.94999898420004,
              18.5666669284
            ]
          ]
        ]
      }
    },
    {
      "type": "Feature",
      "id": "cell-10-26",
      "properties": {
        "population": 7846.73,
        "density": 9170.758,
        "cell_area_sqkm": 0.855625,
        "row": 10,
        "col": 26,
        "source": "WorldPop"
      },
      "geometry": {
        "type": "Polygon",
        "coordinates": [
          [
            [
              73.95833231750004,
              18.5666669284
            ],
            [
              73.95833231750004,
              18.5750002617
            ],
            [
              73.94999898420004,
              18.5750002617
            ],
            [
              73.94999898420004,
              18.5666669284
            ],
            [
              73.95833231750004,
              18.5666669284
            ]
          ]
        ]
      }
    },
    {
      "type": "Feature",
      "id": "cell-10-27",
      "properties": {
        "population": 5168.654,
        "density": 6040.794,
        "cell_area_sqkm": 0.855625,
        "row": 10,
        "col": 27,
        "source": "WorldPop"
      },
      "geometry": {
        "type": "Polygon",
        "coordinates": [
          [
            [
              73.96666565080002,
              18.5666669284
            ],
            [
              73.96666565080002,
              18.5750002617
            ],
            [
              73.95833231750004,
              18.5750002617
            ],
            [
              73.95833231750004,
              18.5666669284
            ],
            [
              73.96666565080002,
              18.5666669284
            ]
          ]
        ]
      }
    },
    {
      "type": "Feature",
      "id": "cell-10-28",
      "properties": {
        "population": 2054.459,
        "density": 2401.121,
        "cell_area_sqkm": 0.855625,
        "row": 10,
        "col": 28,
        "source": "WorldPop"
      },
      "geometry": {
        "type": "Polygon",
        "coordinates": [
          [
            [
              73.97499898410003,
              18.5666669284
            ],
            [
              73.97499898410003,
              18.5750002617
            ],
            [
              73.96666565080002,
              18.5750002617
            ],
            [
              73.96666565080002,
              18.5666669284
            ],
            [
              73.97499898410003,
              18.5666669284
            ]
          ]
        ]
      }
    },
    {
      "type": "Feature",
      "id": "cell-10-29",
      "properties": {
        "population": 5866.888,
        "density": 6856.845,
        "cell_area_sqkm": 0.855625,
        "row": 10,
        "col": 29,
        "source": "WorldPop"
      },
      "geometry": {
        "type": "Polygon",
        "coordinates": [
          [
            [
              73.98333231740003,
              18.5666669284
            ],
            [
              73.98333231740003,
              18.5750002617
            ],
            [
              73.97499898410003,
              18.5750002617
            ],
            [
              73.97499898410003,
              18.5666669284
            ],
            [
              73.98333231740003,
              18.5666669284
            ]
          ]
        ]
      }
    },
    {
      "type": "Feature",
      "id": "cell-10-30",
      "properties": {
        "population": 3465.739,
        "density": 4050.534,
        "cell_area_sqkm": 0.855625,
        "row": 10,
        "col": 30,
        "source": "WorldPop"
      },
      "geometry": {
        "type": "Polygon",
        "coordinates": [
          [
            [
              73.99166565070003,
              18.5666669284
            ],
            [
              73.99166565070003,
              18.5750002617
            ],
            [
              73.98333231740003,
              18.5750002617
            ],
            [
              73.98333231740003,
              18.5666669284
            ],
            [
              73.99166565070003,
              18.5666669284
            ]
          ]
        ]
      }
    },
    {
      "type": "Feature",
      "id": "cell-11-0",
      "properties": {
        "population": 2262.966,
        "density": 2644.811,
        "cell_area_sqkm": 0.855625,
        "row": 11,
        "col": 0,
        "source": "WorldPop"
      },
      "geometry": {
        "type": "Polygon",
        "coordinates": [
          [
            [
              73.74166565170003,
              18.5583335951
            ],
            [
              73.74166565170003,
              18.5666669284
            ],
            [
              73.73333231840003,
              18.5666669284
            ],
            [
              73.73333231840003,
              18.5583335951
            ],
            [
              73.74166565170003,
              18.5583335951
            ]
          ]
        ]
      }
    },
    {
      "type": "Feature",
      "id": "cell-11-1",
      "properties": {
        "population": 841.937,
        "density": 984.003,
        "cell_area_sqkm": 0.855625,
        "row": 11,
        "col": 1,
        "source": "WorldPop"
      },
      "geometry": {
        "type": "Polygon",
        "coordinates": [
          [
            [
              73.74999898500003,
              18.5583335951
            ],
            [
              73.74999898500003,
              18.5666669284
            ],
            [
              73.74166565170003,
              18.5666669284
            ],
            [
              73.74166565170003,
              18.5583335951
            ],
            [
              73.74999898500003,
              18.5583335951
            ]
          ]
        ]
      }
    },
    {
      "type": "Feature",
      "id": "cell-11-2",
      "properties": {
        "population": 1640.709,
        "density": 1917.556,
        "cell_area_sqkm": 0.855625,
        "row": 11,
        "col": 2,
        "source": "WorldPop"
      },
      "geometry": {
        "type": "Polygon",
        "coordinates": [
          [
            [
              73.75833231830003,
              18.5583335951
            ],
            [
              73.75833231830003,
              18.5666669284
            ],
            [
              73.74999898500003,
              18.5666669284
            ],
            [
              73.74999898500003,
              18.5583335951
            ],
            [
              73.75833231830003,
              18.5583335951
            ]
          ]
        ]
      }
    },
    {
      "type": "Feature",
      "id": "cell-11-3",
      "properties": {
        "population": 5175.575,
        "density": 6048.883,
        "cell_area_sqkm": 0.855625,
        "row": 11,
        "col": 3,
        "source": "WorldPop"
      },
      "geometry": {
        "type": "Polygon",
        "coordinates": [
          [
            [
              73.76666565160004,
              18.5583335951
            ],
            [
              73.76666565160004,
              18.5666669284
            ],
            [
              73.75833231830003,
              18.5666669284
            ],
            [
              73.75833231830003,
              18.5583335951
            ],
            [
              73.76666565160004,
              18.5583335951
            ]
          ]
        ]
      }
    },
    {
      "type": "Feature",
      "id": "cell-11-4",
      "properties": {
        "population": 9913.029,
        "density": 11585.717,
        "cell_area_sqkm": 0.855625,
        "row": 11,
        "col": 4,
        "source": "WorldPop"
      },
      "geometry": {
        "type": "Polygon",
        "coordinates": [
          [
            [
              73.77499898490004,
              18.5583335951
            ],
            [
              73.77499898490004,
              18.5666669284
            ],
            [
              73.76666565160004,
              18.5666669284
            ],
            [
              73.76666565160004,
              18.5583335951
            ],
            [
              73.77499898490004,
              18.5583335951
            ]
          ]
        ]
      }
    },
    {
      "type": "Feature",
      "id": "cell-11-5",
      "properties": {
        "population": 13055.185,
        "density": 15258.068,
        "cell_area_sqkm": 0.855625,
        "row": 11,
        "col": 5,
        "source": "WorldPop"
      },
      "geometry": {
        "type": "Polygon",
        "coordinates": [
          [
            [
              73.78333231820002,
              18.5583335951
            ],
            [
              73.78333231820002,
              18.5666669284
            ],
            [
              73.77499898490004,
              18.5666669284
            ],
            [
              73.77499898490004,
              18.5583335951
            ],
            [
              73.78333231820002,
              18.5583335951
            ]
          ]
        ]
      }
    },
    {
      "type": "Feature",
      "id": "cell-11-6",
      "properties": {
        "population": 10357.084,
        "density": 12104.7,
        "cell_area_sqkm": 0.855625,
        "row": 11,
        "col": 6,
        "source": "WorldPop"
      },
      "geometry": {
        "type": "Polygon",
        "coordinates": [
          [
            [
              73.79166565150003,
              18.5583335951
            ],
            [
              73.79166565150003,
              18.5666669284
            ],
            [
              73.78333231820002,
              18.5666669284
            ],
            [
              73.78333231820002,
              18.5583335951
            ],
            [
              73.79166565150003,
              18.5583335951
            ]
          ]
        ]
      }
    },
    {
      "type": "Feature",
      "id": "cell-11-7",
      "properties": {
        "population": 8228.604,
        "density": 9617.068,
        "cell_area_sqkm": 0.855625,
        "row": 11,
        "col": 7,
        "source": "WorldPop"
      },
      "geometry": {
        "type": "Polygon",
        "coordinates": [
          [
            [
              73.79999898480003,
              18.5583335951
            ],
            [
              73.79999898480003,
              18.5666669284
            ],
            [
              73.79166565150003,
              18.5666669284
            ],
            [
              73.79166565150003,
              18.5583335951
            ],
            [
              73.79999898480003,
              18.5583335951
            ]
          ]
        ]
      }
    },
    {
      "type": "Feature",
      "id": "cell-11-8",
      "properties": {
        "population": 12922.458,
        "density": 15102.946,
        "cell_area_sqkm": 0.855625,
        "row": 11,
        "col": 8,
        "source": "WorldPop"
      },
      "geometry": {
        "type": "Polygon",
        "coordinates": [
          [
            [
              73.80833231810003,
              18.5583335951
            ],
            [
              73.80833231810003,
              18.5666669284
            ],
            [
              73.79999898480003,
              18.5666669284
            ],
            [
              73.79999898480003,
              18.5583335951
            ],
            [
              73.80833231810003,
              18.5583335951
            ]
          ]
        ]
      }
    },
    {
      "type": "Feature",
      "id": "cell-11-9",
      "properties": {
        "population": 11606.584,
        "density": 13565.036,
        "cell_area_sqkm": 0.855625,
        "row": 11,
        "col": 9,
        "source": "WorldPop"
      },
      "geometry": {
        "type": "Polygon",
        "coordinates": [
          [
            [
              73.81666565140003,
              18.5583335951
            ],
            [
              73.81666565140003,
              18.5666669284
            ],
            [
              73.80833231810003,
              18.5666669284
            ],
            [
              73.80833231810003,
              18.5583335951
            ],
            [
              73.81666565140003,
              18.5583335951
            ]
          ]
        ]
      }
    },
    {
      "type": "Feature",
      "id": "cell-11-10",
      "properties": {
        "population": 5429.444,
        "density": 6345.589,
        "cell_area_sqkm": 0.855625,
        "row": 11,
        "col": 10,
        "source": "WorldPop"
      },
      "geometry": {
        "type": "Polygon",
        "coordinates": [
          [
            [
              73.82499898470003,
              18.5583335951
            ],
            [
              73.82499898470003,
              18.5666669284
            ],
            [
              73.81666565140003,
              18.5666669284
            ],
            [
              73.81666565140003,
              18.5583335951
            ],
            [
              73.82499898470003,
              18.5583335951
            ]
          ]
        ]
      }
    },
    {
      "type": "Feature",
      "id": "cell-11-11",
      "properties": {
        "population": 8639.679,
        "density": 10097.506,
        "cell_area_sqkm": 0.855625,
        "row": 11,
        "col": 11,
        "source": "WorldPop"
      },
      "geometry": {
        "type": "Polygon",
        "coordinates": [
          [
            [
              73.83333231800003,
              18.5583335951
            ],
            [
              73.83333231800003,
              18.5666669284
            ],
            [
              73.82499898470003,
              18.5666669284
            ],
            [
              73.82499898470003,
              18.5583335951
            ],
            [
              73.83333231800003,
              18.5583335951
            ]
          ]
        ]
      }
    },
    {
      "type": "Feature",
      "id": "cell-11-12",
      "properties": {
        "population": 10081.995,
        "density": 11783.194,
        "cell_area_sqkm": 0.855625,
        "row": 11,
        "col": 12,
        "source": "WorldPop"
      },
      "geometry": {
        "type": "Polygon",
        "coordinates": [
          [
            [
              73.84166565130003,
              18.5583335951
            ],
            [
              73.84166565130003,
              18.5666669284
            ],
            [
              73.83333231800003,
              18.5666669284
            ],
            [
              73.83333231800003,
              18.5583335951
            ],
            [
              73.84166565130003,
              18.5583335951
            ]
          ]
        ]
      }
    },
    {
      "type": "Feature",
      "id": "cell-11-13",
      "properties": {
        "population": 7171.23,
        "density": 8381.277,
        "cell_area_sqkm": 0.855625,
        "row": 11,
        "col": 13,
        "source": "WorldPop"
      },
      "geometry": {
        "type": "Polygon",
        "coordinates": [
          [
            [
              73.84999898460003,
              18.5583335951
            ],
            [
              73.84999898460003,
              18.5666669284
            ],
            [
              73.84166565130003,
              18.5666669284
            ],
            [
              73.84166565130003,
              18.5583335951
            ],
            [
              73.84999898460003,
              18.5583335951
            ]
          ]
        ]
      }
    },
    {
      "type": "Feature",
      "id": "cell-11-14",
      "properties": {
        "population": 7689.316,
        "density": 8986.783,
        "cell_area_sqkm": 0.855625,
        "row": 11,
        "col": 14,
        "source": "WorldPop"
      },
      "geometry": {
        "type": "Polygon",
        "coordinates": [
          [
            [
              73.85833231790004,
              18.5583335951
            ],
            [
              73.85833231790004,
              18.5666669284
            ],
            [
              73.84999898460003,
              18.5666669284
            ],
            [
              73.84999898460003,
              18.5583335951
            ],
            [
              73.85833231790004,
              18.5583335951
            ]
          ]
        ]
      }
    },
    {
      "type": "Feature",
      "id": "cell-11-15",
      "properties": {
        "population": 4625.544,
        "density": 5406.042,
        "cell_area_sqkm": 0.855625,
        "row": 11,
        "col": 15,
        "source": "WorldPop"
      },
      "geometry": {
        "type": "Polygon",
        "coordinates": [
          [
            [
              73.86666565120004,
              18.5583335951
            ],
            [
              73.86666565120004,
              18.5666669284
            ],
            [
              73.85833231790004,
              18.5666669284
            ],
            [
              73.85833231790004,
              18.5583335951
            ],
            [
              73.86666565120004,
              18.5583335951
            ]
          ]
        ]
      }
    },
    {
      "type": "Feature",
      "id": "cell-11-16",
      "properties": {
        "population": 2460.827,
        "density": 2876.057,
        "cell_area_sqkm": 0.855625,
        "row": 11,
        "col": 16,
        "source": "WorldPop"
      },
      "geometry": {
        "type": "Polygon",
        "coordinates": [
          [
            [
              73.87499898450002,
              18.5583335951
            ],
            [
              73.87499898450002,
              18.5666669284
            ],
            [
              73.86666565120004,
              18.5666669284
            ],
            [
              73.86666565120004,
              18.5583335951
            ],
            [
              73.87499898450002,
              18.5583335951
            ]
          ]
        ]
      }
    },
    {
      "type": "Feature",
      "id": "cell-11-17",
      "properties": {
        "population": 7063.028,
        "density": 8254.817,
        "cell_area_sqkm": 0.855625,
        "row": 11,
        "col": 17,
        "source": "WorldPop"
      },
      "geometry": {
        "type": "Polygon",
        "coordinates": [
          [
            [
              73.88333231780003,
              18.5583335951
            ],
            [
              73.88333231780003,
              18.5666669284
            ],
            [
              73.87499898450002,
              18.5666669284
            ],
            [
              73.87499898450002,
              18.5583335951
            ],
            [
              73.88333231780003,
              18.5583335951
            ]
          ]
        ]
      }
    },
    {
      "type": "Feature",
      "id": "cell-11-18",
      "properties": {
        "population": 5798.465,
        "density": 6776.876,
        "cell_area_sqkm": 0.855625,
        "row": 11,
        "col": 18,
        "source": "WorldPop"
      },
      "geometry": {
        "type": "Polygon",
        "coordinates": [
          [
            [
              73.89166565110003,
              18.5583335951
            ],
            [
              73.89166565110003,
              18.5666669284
            ],
            [
              73.88333231780003,
              18.5666669284
            ],
            [
              73.88333231780003,
              18.5583335951
            ],
            [
              73.89166565110003,
              18.5583335951
            ]
          ]
        ]
      }
    },
    {
      "type": "Feature",
      "id": "cell-11-19",
      "properties": {
        "population": 8004.22,
        "density": 9354.823,
        "cell_area_sqkm": 0.855625,
        "row": 11,
        "col": 19,
        "source": "WorldPop"
      },
      "geometry": {
        "type": "Polygon",
        "coordinates": [
          [
            [
              73.89999898440003,
              18.5583335951
            ],
            [
              73.89999898440003,
              18.5666669284
            ],
            [
              73.89166565110003,
              18.5666669284
            ],
            [
              73.89166565110003,
              18.5583335951
            ],
            [
              73.89999898440003,
              18.5583335951
            ]
          ]
        ]
      }
    },
    {
      "type": "Feature",
      "id": "cell-11-20",
      "properties": {
        "population": 5705.418,
        "density": 6668.13,
        "cell_area_sqkm": 0.855625,
        "row": 11,
        "col": 20,
        "source": "WorldPop"
      },
      "geometry": {
        "type": "Polygon",
        "coordinates": [
          [
            [
              73.90833231770003,
              18.5583335951
            ],
            [
              73.90833231770003,
              18.5666669284
            ],
            [
              73.89999898440003,
              18.5666669284
            ],
            [
              73.89999898440003,
              18.5583335951
            ],
            [
              73.90833231770003,
              18.5583335951
            ]
          ]
        ]
      }
    },
    {
      "type": "Feature",
      "id": "cell-11-21",
      "properties": {
        "population": 10724.2,
        "density": 12533.762,
        "cell_area_sqkm": 0.855625,
        "row": 11,
        "col": 21,
        "source": "WorldPop"
      },
      "geometry": {
        "type": "Polygon",
        "coordinates": [
          [
            [
              73.91666565100003,
              18.5583335951
            ],
            [
              73.91666565100003,
              18.5666669284
            ],
            [
              73.90833231770003,
              18.5666669284
            ],
            [
              73.90833231770003,
              18.5583335951
            ],
            [
              73.91666565100003,
              18.5583335951
            ]
          ]
        ]
      }
    },
    {
      "type": "Feature",
      "id": "cell-11-22",
      "properties": {
        "population": 9853.026,
        "density": 11515.59,
        "cell_area_sqkm": 0.855625,
        "row": 11,
        "col": 22,
        "source": "WorldPop"
      },
      "geometry": {
        "type": "Polygon",
        "coordinates": [
          [
            [
              73.92499898430003,
              18.5583335951
            ],
            [
              73.92499898430003,
              18.5666669284
            ],
            [
              73.91666565100003,
              18.5666669284
            ],
            [
              73.91666565100003,
              18.5583335951
            ],
            [
              73.92499898430003,
              18.5583335951
            ]
          ]
        ]
      }
    },
    {
      "type": "Feature",
      "id": "cell-11-23",
      "properties": {
        "population": 9968.383,
        "density": 11650.411,
        "cell_area_sqkm": 0.855625,
        "row": 11,
        "col": 23,
        "source": "WorldPop"
      },
      "geometry": {
        "type": "Polygon",
        "coordinates": [
          [
            [
              73.93333231760003,
              18.5583335951
            ],
            [
              73.93333231760003,
              18.5666669284
            ],
            [
              73.92499898430003,
              18.5666669284
            ],
            [
              73.92499898430003,
              18.5583335951
            ],
            [
              73.93333231760003,
              18.5583335951
            ]
          ]
        ]
      }
    },
    {
      "type": "Feature",
      "id": "cell-11-24",
      "properties": {
        "population": 9108.44,
        "density": 10645.365,
        "cell_area_sqkm": 0.855625,
        "row": 11,
        "col": 24,
        "source": "WorldPop"
      },
      "geometry": {
        "type": "Polygon",
        "coordinates": [
          [
            [
              73.94166565090003,
              18.5583335951
            ],
            [
              73.94166565090003,
              18.5666669284
            ],
            [
              73.93333231760003,
              18.5666669284
            ],
            [
              73.93333231760003,
              18.5583335951
            ],
            [
              73.94166565090003,
              18.5583335951
            ]
          ]
        ]
      }
    },
    {
      "type": "Feature",
      "id": "cell-11-25",
      "properties": {
        "population": 9448.009,
        "density": 11042.231,
        "cell_area_sqkm": 0.855625,
        "row": 11,
        "col": 25,
        "source": "WorldPop"
      },
      "geometry": {
        "type": "Polygon",
        "coordinates": [
          [
            [
              73.94999898420004,
              18.5583335951
            ],
            [
              73.94999898420004,
              18.5666669284
            ],
            [
              73.94166565090003,
              18.5666669284
            ],
            [
              73.94166565090003,
              18.5583335951
            ],
            [
              73.94999898420004,
              18.5583335951
            ]
          ]
        ]
      }
    },
    {
      "type": "Feature",
      "id": "cell-11-26",
      "properties": {
        "population": 7694.585,
        "density": 8992.941,
        "cell_area_sqkm": 0.855625,
        "row": 11,
        "col": 26,
        "source": "WorldPop"
      },
      "geometry": {
        "type": "Polygon",
        "coordinates": [
          [
            [
              73.95833231750004,
              18.5583335951
            ],
            [
              73.95833231750004,
              18.5666669284
            ],
            [
              73.94999898420004,
              18.5666669284
            ],
            [
              73.94999898420004,
              18.5583335951
            ],
            [
              73.95833231750004,
              18.5583335951
            ]
          ]
        ]
      }
    },
    {
      "type": "Feature",
      "id": "cell-11-27",
      "properties": {
        "population": 3316.414,
        "density": 3876.014,
        "cell_area_sqkm": 0.855625,
        "row": 11,
        "col": 27,
        "source": "WorldPop"
      },
      "geometry": {
        "type": "Polygon",
        "coordinates": [
          [
            [
              73.96666565080002,
              18.5583335951
            ],
            [
              73.96666565080002,
              18.5666669284
            ],
            [
              73.95833231750004,
              18.5666669284
            ],
            [
              73.95833231750004,
              18.5583335951
            ],
            [
              73.96666565080002,
              18.5583335951
            ]
          ]
        ]
      }
    },
    {
      "type": "Feature",
      "id": "cell-11-28",
      "properties": {
        "population": 523.146,
        "density": 611.42,
        "cell_area_sqkm": 0.855625,
        "row": 11,
        "col": 28,
        "source": "WorldPop"
      },
      "geometry": {
        "type": "Polygon",
        "coordinates": [
          [
            [
              73.97499898410003,
              18.5583335951
            ],
            [
              73.97499898410003,
              18.5666669284
            ],
            [
              73.96666565080002,
              18.5666669284
            ],
            [
              73.96666565080002,
              18.5583335951
            ],
            [
              73.97499898410003,
              18.5583335951
            ]
          ]
        ]
      }
    },
    {
      "type": "Feature",
      "id": "cell-11-29",
      "properties": {
        "population": 2277.631,
        "density": 2661.95,
        "cell_area_sqkm": 0.855625,
        "row": 11,
        "col": 29,
        "source": "WorldPop"
      },
      "geometry": {
        "type": "Polygon",
        "coordinates": [
          [
            [
              73.98333231740003,
              18.5583335951
            ],
            [
              73.98333231740003,
              18.5666669284
            ],
            [
              73.97499898410003,
              18.5666669284
            ],
            [
              73.97499898410003,
              18.5583335951
            ],
            [
              73.98333231740003,
              18.5583335951
            ]
          ]
        ]
      }
    },
    {
      "type": "Feature",
      "id": "cell-11-30",
      "properties": {
        "population": 1597.289,
        "density": 1866.809,
        "cell_area_sqkm": 0.855625,
        "row": 11,
        "col": 30,
        "source": "WorldPop"
      },
      "geometry": {
        "type": "Polygon",
        "coordinates": [
          [
            [
              73.99166565070003,
              18.5583335951
            ],
            [
              73.99166565070003,
              18.5666669284
            ],
            [
              73.98333231740003,
              18.5666669284
            ],
            [
              73.98333231740003,
              18.5583335951
            ],
            [
              73.99166565070003,
              18.5583335951
            ]
          ]
        ]
      }
    },
    {
      "type": "Feature",
      "id": "cell-12-0",
      "properties": {
        "population": 1183.395,
        "density": 1383.077,
        "cell_area_sqkm": 0.855625,
        "row": 12,
        "col": 0,
        "source": "WorldPop"
      },
      "geometry": {
        "type": "Polygon",
        "coordinates": [
          [
            [
              73.74166565170003,
              18.5500002618
            ],
            [
              73.74166565170003,
              18.5583335951
            ],
            [
              73.73333231840003,
              18.5583335951
            ],
            [
              73.73333231840003,
              18.5500002618
            ],
            [
              73.74166565170003,
              18.5500002618
            ]
          ]
        ]
      }
    },
    {
      "type": "Feature",
      "id": "cell-12-1",
      "properties": {
        "population": 2296.956,
        "density": 2684.536,
        "cell_area_sqkm": 0.855625,
        "row": 12,
        "col": 1,
        "source": "WorldPop"
      },
      "geometry": {
        "type": "Polygon",
        "coordinates": [
          [
            [
              73.74999898500003,
              18.5500002618
            ],
            [
              73.74999898500003,
              18.5583335951
            ],
            [
              73.74166565170003,
              18.5583335951
            ],
            [
              73.74166565170003,
              18.5500002618
            ],
            [
              73.74999898500003,
              18.5500002618
            ]
          ]
        ]
      }
    },
    {
      "type": "Feature",
      "id": "cell-12-2",
      "properties": {
        "population": 4766.569,
        "density": 5570.863,
        "cell_area_sqkm": 0.855625,
        "row": 12,
        "col": 2,
        "source": "WorldPop"
      },
      "geometry": {
        "type": "Polygon",
        "coordinates": [
          [
            [
              73.75833231830003,
              18.5500002618
            ],
            [
              73.75833231830003,
              18.5583335951
            ],
            [
              73.74999898500003,
              18.5583335951
            ],
            [
              73.74999898500003,
              18.5500002618
            ],
            [
              73.75833231830003,
              18.5500002618
            ]
          ]
        ]
      }
    },
    {
      "type": "Feature",
      "id": "cell-12-3",
      "properties": {
        "population": 5485.128,
        "density": 6410.668,
        "cell_area_sqkm": 0.855625,
        "row": 12,
        "col": 3,
        "source": "WorldPop"
      },
      "geometry": {
        "type": "Polygon",
        "coordinates": [
          [
            [
              73.76666565160004,
              18.5500002618
            ],
            [
              73.76666565160004,
              18.5583335951
            ],
            [
              73.75833231830003,
              18.5583335951
            ],
            [
              73.75833231830003,
              18.5500002618
            ],
            [
              73.76666565160004,
              18.5500002618
            ]
          ]
        ]
      }
    },
    {
      "type": "Feature",
      "id": "cell-12-4",
      "properties": {
        "population": 9447.939,
        "density": 11042.15,
        "cell_area_sqkm": 0.855625,
        "row": 12,
        "col": 4,
        "source": "WorldPop"
      },
      "geometry": {
        "type": "Polygon",
        "coordinates": [
          [
            [
              73.77499898490004,
              18.5500002618
            ],
            [
              73.77499898490004,
              18.5583335951
            ],
            [
              73.76666565160004,
              18.5583335951
            ],
            [
              73.76666565160004,
              18.5500002618
            ],
            [
              73.77499898490004,
              18.5500002618
            ]
          ]
        ]
      }
    },
    {
      "type": "Feature",
      "id": "cell-12-5",
      "properties": {
        "population": 8770.705,
        "density": 10250.642,
        "cell_area_sqkm": 0.855625,
        "row": 12,
        "col": 5,
        "source": "WorldPop"
      },
      "geometry": {
        "type": "Polygon",
        "coordinates": [
          [
            [
              73.78333231820002,
              18.5500002618
            ],
            [
              73.78333231820002,
              18.5583335951
            ],
            [
              73.77499898490004,
              18.5583335951
            ],
            [
              73.77499898490004,
              18.5500002618
            ],
            [
              73.78333231820002,
              18.5500002618
            ]
          ]
        ]
      }
    },
    {
      "type": "Feature",
      "id": "cell-12-6",
      "properties": {
        "population": 4289.52,
        "density": 5013.317,
        "cell_area_sqkm": 0.855625,
        "row": 12,
        "col": 6,
        "source": "WorldPop"
      },
      "geometry": {
        "type": "Polygon",
        "coordinates": [
          [
            [
              73.79166565150003,
              18.5500002618
            ],
            [
              73.79166565150003,
              18.5583335951
            ],
            [
              73.78333231820002,
              18.5583335951
            ],
            [
              73.78333231820002,
              18.5500002618
            ],
            [
              73.79166565150003,
              18.5500002618
            ]
          ]
        ]
      }
    },
    {
      "type": "Feature",
      "id": "cell-12-7",
      "properties": {
        "population": 10666.666,
        "density": 12466.52,
        "cell_area_sqkm": 0.855625,
        "row": 12,
        "col": 7,
        "source": "WorldPop"
      },
      "geometry": {
        "type": "Polygon",
        "coordinates": [
          [
            [
              73.79999898480003,
              18.5500002618
            ],
            [
              73.79999898480003,
              18.5583335951
            ],
            [
              73.79166565150003,
              18.5583335951
            ],
            [
              73.79166565150003,
              18.5500002618
            ],
            [
              73.79999898480003,
              18.5500002618
            ]
          ]
        ]
      }
    },
    {
      "type": "Feature",
      "id": "cell-12-8",
      "properties": {
        "population": 11411.757,
        "density": 13337.335,
        "cell_area_sqkm": 0.855625,
        "row": 12,
        "col": 8,
        "source": "WorldPop"
      },
      "geometry": {
        "type": "Polygon",
        "coordinates": [
          [
            [
              73.80833231810003,
              18.5500002618
            ],
            [
              73.80833231810003,
              18.5583335951
            ],
            [
              73.79999898480003,
              18.5583335951
            ],
            [
              73.79999898480003,
              18.5500002618
            ],
            [
              73.80833231810003,
              18.5500002618
            ]
          ]
        ]
      }
    },
    {
      "type": "Feature",
      "id": "cell-12-9",
      "properties": {
        "population": 10666.464,
        "density": 12466.284,
        "cell_area_sqkm": 0.855625,
        "row": 12,
        "col": 9,
        "source": "WorldPop"
      },
      "geometry": {
        "type": "Polygon",
        "coordinates": [
          [
            [
              73.81666565140003,
              18.5500002618
            ],
            [
              73.81666565140003,
              18.5583335951
            ],
            [
              73.80833231810003,
              18.5583335951
            ],
            [
              73.80833231810003,
              18.5500002618
            ],
            [
              73.81666565140003,
              18.5500002618
            ]
          ]
        ]
      }
    },
    {
      "type": "Feature",
      "id": "cell-12-10",
      "properties": {
        "population": 7310.79,
        "density": 8544.385,
        "cell_area_sqkm": 0.855625,
        "row": 12,
        "col": 10,
        "source": "WorldPop"
      },
      "geometry": {
        "type": "Polygon",
        "coordinates": [
          [
            [
              73.82499898470003,
              18.5500002618
            ],
            [
              73.82499898470003,
              18.5583335951
            ],
            [
              73.81666565140003,
              18.5583335951
            ],
            [
              73.81666565140003,
              18.5500002618
            ],
            [
              73.82499898470003,
              18.5500002618
            ]
          ]
        ]
      }
    },
    {
      "type": "Feature",
      "id": "cell-12-11",
      "properties": {
        "population": 5219.475,
        "density": 6100.19,
        "cell_area_sqkm": 0.855625,
        "row": 12,
        "col": 11,
        "source": "WorldPop"
      },
      "geometry": {
        "type": "Polygon",
        "coordinates": [
          [
            [
              73.83333231800003,
              18.5500002618
            ],
            [
              73.83333231800003,
              18.5583335951
            ],
            [
              73.82499898470003,
              18.5583335951
            ],
            [
              73.82499898470003,
              18.5500002618
            ],
            [
              73.83333231800003,
              18.5500002618
            ]
          ]
        ]
      }
    },
    {
      "type": "Feature",
      "id": "cell-12-12",
      "properties": {
        "population": 6939.178,
        "density": 8110.069,
        "cell_area_sqkm": 0.855625,
        "row": 12,
        "col": 12,
        "source": "WorldPop"
      },
      "geometry": {
        "type": "Polygon",
        "coordinates": [
          [
            [
              73.84166565130003,
              18.5500002618
            ],
            [
              73.84166565130003,
              18.5583335951
            ],
            [
              73.83333231800003,
              18.5583335951
            ],
            [
              73.83333231800003,
              18.5500002618
            ],
            [
              73.84166565130003,
              18.5500002618
            ]
          ]
        ]
      }
    },
    {
      "type": "Feature",
      "id": "cell-12-13",
      "properties": {
        "population": 6053.612,
        "density": 7075.076,
        "cell_area_sqkm": 0.855625,
        "row": 12,
        "col": 13,
        "source": "WorldPop"
      },
      "geometry": {
        "type": "Polygon",
        "coordinates": [
          [
            [
              73.84999898460003,
              18.5500002618
            ],
            [
              73.84999898460003,
              18.5583335951
            ],
            [
              73.84166565130003,
              18.5583335951
            ],
            [
              73.84166565130003,
              18.5500002618
            ],
            [
              73.84999898460003,
              18.5500002618
            ]
          ]
        ]
      }
    },
    {
      "type": "Feature",
      "id": "cell-12-14",
      "properties": {
        "population": 5471.142,
        "density": 6394.322,
        "cell_area_sqkm": 0.855625,
        "row": 12,
        "col": 14,
        "source": "WorldPop"
      },
      "geometry": {
        "type": "Polygon",
        "coordinates": [
          [
            [
              73.85833231790004,
              18.5500002618
            ],
            [
              73.85833231790004,
              18.5583335951
            ],
            [
              73.84999898460003,
              18.5583335951
            ],
            [
              73.84999898460003,
              18.5500002618
            ],
            [
              73.85833231790004,
              18.5500002618
            ]
          ]
        ]
      }
    },
    {
      "type": "Feature",
      "id": "cell-12-15",
      "properties": {
        "population": 4252.272,
        "density": 4969.785,
        "cell_area_sqkm": 0.855625,
        "row": 12,
        "col": 15,
        "source": "WorldPop"
      },
      "geometry": {
        "type": "Polygon",
        "coordinates": [
          [
            [
              73.86666565120004,
              18.5500002618
            ],
            [
              73.86666565120004,
              18.5583335951
            ],
            [
              73.85833231790004,
              18.5583335951
            ],
            [
              73.85833231790004,
              18.5500002618
            ],
            [
              73.86666565120004,
              18.5500002618
            ]
          ]
        ]
      }
    },
    {
      "type": "Feature",
      "id": "cell-12-16",
      "properties": {
        "population": 6639.024,
        "density": 7759.269,
        "cell_area_sqkm": 0.855625,
        "row": 12,
        "col": 16,
        "source": "WorldPop"
      },
      "geometry": {
        "type": "Polygon",
        "coordinates": [
          [
            [
              73.87499898450002,
              18.5500002618
            ],
            [
              73.87499898450002,
              18.5583335951
            ],
            [
              73.86666565120004,
              18.5583335951
            ],
            [
              73.86666565120004,
              18.5500002618
            ],
            [
              73.87499898450002,
              18.5500002618
            ]
          ]
        ]
      }
    },
    {
      "type": "Feature",
      "id": "cell-12-17",
      "properties": {
        "population": 9700.632,
        "density": 11337.481,
        "cell_area_sqkm": 0.855625,
        "row": 12,
        "col": 17,
        "source": "WorldPop"
      },
      "geometry": {
        "type": "Polygon",
        "coordinates": [
          [
            [
              73.88333231780003,
              18.5500002618
            ],
            [
              73.88333231780003,
              18.5583335951
            ],
            [
              73.87499898450002,
              18.5583335951
            ],
            [
              73.87499898450002,
              18.5500002618
            ],
            [
              73.88333231780003,
              18.5500002618
            ]
          ]
        ]
      }
    },
    {
      "type": "Feature",
      "id": "cell-12-18",
      "properties": {
        "population": 7126.241,
        "density": 8328.696,
        "cell_area_sqkm": 0.855625,
        "row": 12,
        "col": 18,
        "source": "WorldPop"
      },
      "geometry": {
        "type": "Polygon",
        "coordinates": [
          [
            [
              73.89166565110003,
              18.5500002618
            ],
            [
              73.89166565110003,
              18.5583335951
            ],
            [
              73.88333231780003,
              18.5583335951
            ],
            [
              73.88333231780003,
              18.5500002618
            ],
            [
              73.89166565110003,
              18.5500002618
            ]
          ]
        ]
      }
    },
    {
      "type": "Feature",
      "id": "cell-12-19",
      "properties": {
        "population": 11017.282,
        "density": 12876.298,
        "cell_area_sqkm": 0.855625,
        "row": 12,
        "col": 19,
        "source": "WorldPop"
      },
      "geometry": {
        "type": "Polygon",
        "coordinates": [
          [
            [
              73.89999898440003,
              18.5500002618
            ],
            [
              73.89999898440003,
              18.5583335951
            ],
            [
              73.89166565110003,
              18.5583335951
            ],
            [
              73.89166565110003,
              18.5500002618
            ],
            [
              73.89999898440003,
              18.5500002618
            ]
          ]
        ]
      }
    },
    {
      "type": "Feature",
      "id": "cell-12-20",
      "properties": {
        "population": 9124.884,
        "density": 10664.583,
        "cell_area_sqkm": 0.855625,
        "row": 12,
        "col": 20,
        "source": "WorldPop"
      },
      "geometry": {
        "type": "Polygon",
        "coordinates": [
          [
            [
              73.90833231770003,
              18.5500002618
            ],
            [
              73.90833231770003,
              18.5583335951
            ],
            [
              73.89999898440003,
              18.5583335951
            ],
            [
              73.89999898440003,
              18.5500002618
            ],
            [
              73.90833231770003,
              18.5500002618
            ]
          ]
        ]
      }
    },
    {
      "type": "Feature",
      "id": "cell-12-21",
      "properties": {
        "population": 9207.169,
        "density": 10760.753,
        "cell_area_sqkm": 0.855625,
        "row": 12,
        "col": 21,
        "source": "WorldPop"
      },
      "geometry": {
        "type": "Polygon",
        "coordinates": [
          [
            [
              73.91666565100003,
              18.5500002618
            ],
            [
              73.91666565100003,
              18.5583335951
            ],
            [
              73.90833231770003,
              18.5583335951
            ],
            [
              73.90833231770003,
              18.5500002618
            ],
            [
              73.91666565100003,
              18.5500002618
            ]
          ]
        ]
      }
    },
    {
      "type": "Feature",
      "id": "cell-12-22",
      "properties": {
        "population": 10941.016,
        "density": 12787.162,
        "cell_area_sqkm": 0.855625,
        "row": 12,
        "col": 22,
        "source": "WorldPop"
      },
      "geometry": {
        "type": "Polygon",
        "coordinates": [
          [
            [
              73.92499898430003,
              18.5500002618
            ],
            [
              73.92499898430003,
              18.5583335951
            ],
            [
              73.91666565100003,
              18.5583335951
            ],
            [
              73.91666565100003,
              18.5500002618
            ],
            [
              73.92499898430003,
              18.5500002618
            ]
          ]
        ]
      }
    },
    {
      "type": "Feature",
      "id": "cell-12-23",
      "properties": {
        "population": 12026.567,
        "density": 14055.886,
        "cell_area_sqkm": 0.855625,
        "row": 12,
        "col": 23,
        "source": "WorldPop"
      },
      "geometry": {
        "type": "Polygon",
        "coordinates": [
          [
            [
              73.93333231760003,
              18.5500002618
            ],
            [
              73.93333231760003,
              18.5583335951
            ],
            [
              73.92499898430003,
              18.5583335951
            ],
            [
              73.92499898430003,
              18.5500002618
            ],
            [
              73.93333231760003,
              18.5500002618
            ]
          ]
        ]
      }
    },
    {
      "type": "Feature",
      "id": "cell-12-24",
      "properties": {
        "population": 11766.678,
        "density": 13752.144,
        "cell_area_sqkm": 0.855625,
        "row": 12,
        "col": 24,
        "source": "WorldPop"
      },
      "geometry": {
        "type": "Polygon",
        "coordinates": [
          [
            [
              73.94166565090003,
              18.5500002618
            ],
            [
              73.94166565090003,
              18.5583335951
            ],
            [
              73.93333231760003,
              18.5583335951
            ],
            [
              73.93333231760003,
              18.5500002618
            ],
            [
              73.94166565090003,
              18.5500002618
            ]
          ]
        ]
      }
    },
    {
      "type": "Feature",
      "id": "cell-12-25",
      "properties": {
        "population": 9680.212,
        "density": 11313.615,
        "cell_area_sqkm": 0.855625,
        "row": 12,
        "col": 25,
        "source": "WorldPop"
      },
      "geometry": {
        "type": "Polygon",
        "coordinates": [
          [
            [
              73.94999898420004,
              18.5500002618
            ],
            [
              73.94999898420004,
              18.5583335951
            ],
            [
              73.94166565090003,
              18.5583335951
            ],
            [
              73.94166565090003,
              18.5500002618
            ],
            [
              73.94999898420004,
              18.5500002618
            ]
          ]
        ]
      }
    },
    {
      "type": "Feature",
      "id": "cell-12-26",
      "properties": {
        "population": 9062.828,
        "density": 10592.056,
        "cell_area_sqkm": 0.855625,
        "row": 12,
        "col": 26,
        "source": "WorldPop"
      },
      "geometry": {
        "type": "Polygon",
        "coordinates": [
          [
            [
              73.95833231750004,
              18.5500002618
            ],
            [
              73.95833231750004,
              18.5583335951
            ],
            [
              73.94999898420004,
              18.5583335951
            ],
            [
              73.94999898420004,
              18.5500002618
            ],
            [
              73.95833231750004,
              18.5500002618
            ]
          ]
        ]
      }
    },
    {
      "type": "Feature",
      "id": "cell-12-27",
      "properties": {
        "population": 5317.393,
        "density": 6214.63,
        "cell_area_sqkm": 0.855625,
        "row": 12,
        "col": 27,
        "source": "WorldPop"
      },
      "geometry": {
        "type": "Polygon",
        "coordinates": [
          [
            [
              73.96666565080002,
              18.5500002618
            ],
            [
              73.96666565080002,
              18.5583335951
            ],
            [
              73.95833231750004,
              18.5583335951
            ],
            [
              73.95833231750004,
              18.5500002618
            ],
            [
              73.96666565080002,
              18.5500002618
            ]
          ]
        ]
      }
    },
    {
      "type": "Feature",
      "id": "cell-12-28",
      "properties": {
        "population": 1191.442,
        "density": 1392.481,
        "cell_area_sqkm": 0.855625,
        "row": 12,
        "col": 28,
        "source": "WorldPop"
      },
      "geometry": {
        "type": "Polygon",
        "coordinates": [
          [
            [
              73.97499898410003,
              18.5500002618
            ],
            [
              73.97499898410003,
              18.5583335951
            ],
            [
              73.96666565080002,
              18.5583335951
            ],
            [
              73.96666565080002,
              18.5500002618
            ],
            [
              73.97499898410003,
              18.5500002618
            ]
          ]
        ]
      }
    },
    {
      "type": "Feature",
      "id": "cell-12-29",
      "properties": {
        "population": 1052.758,
        "density": 1230.397,
        "cell_area_sqkm": 0.855625,
        "row": 12,
        "col": 29,
        "source": "WorldPop"
      },
      "geometry": {
        "type": "Polygon",
        "coordinates": [
          [
            [
              73.98333231740003,
              18.5500002618
            ],
            [
              73.98333231740003,
              18.5583335951
            ],
            [
              73.97499898410003,
              18.5583335951
            ],
            [
              73.97499898410003,
              18.5500002618
            ],
            [
              73.98333231740003,
              18.5500002618
            ]
          ]
        ]
      }
    },
    {
      "type": "Feature",
      "id": "cell-12-30",
      "properties": {
        "population": 2928.308,
        "density": 3422.419,
        "cell_area_sqkm": 0.855625,
        "row": 12,
        "col": 30,
        "source": "WorldPop"
      },
      "geometry": {
        "type": "Polygon",
        "coordinates": [
          [
            [
              73.99166565070003,
              18.5500002618
            ],
            [
              73.99166565070003,
              18.5583335951
            ],
            [
              73.98333231740003,
              18.5583335951
            ],
            [
              73.98333231740003,
              18.5500002618
            ],
            [
              73.99166565070003,
              18.5500002618
            ]
          ]
        ]
      }
    },
    {
      "type": "Feature",
      "id": "cell-13-0",
      "properties": {
        "population": 224.241,
        "density": 262.079,
        "cell_area_sqkm": 0.855625,
        "row": 13,
        "col": 0,
        "source": "WorldPop"
      },
      "geometry": {
        "type": "Polygon",
        "coordinates": [
          [
            [
              73.74166565170003,
              18.5416669285
            ],
            [
              73.74166565170003,
              18.5500002618
            ],
            [
              73.73333231840003,
              18.5500002618
            ],
            [
              73.73333231840003,
              18.5416669285
            ],
            [
              73.74166565170003,
              18.5416669285
            ]
          ]
        ]
      }
    },
    {
      "type": "Feature",
      "id": "cell-13-1",
      "properties": {
        "population": 1195.78,
        "density": 1397.552,
        "cell_area_sqkm": 0.855625,
        "row": 13,
        "col": 1,
        "source": "WorldPop"
      },
      "geometry": {
        "type": "Polygon",
        "coordinates": [
          [
            [
              73.74999898500003,
              18.5416669285
            ],
            [
              73.74999898500003,
              18.5500002618
            ],
            [
              73.74166565170003,
              18.5500002618
            ],
            [
              73.74166565170003,
              18.5416669285
            ],
            [
              73.74999898500003,
              18.5416669285
            ]
          ]
        ]
      }
    },
    {
      "type": "Feature",
      "id": "cell-13-2",
      "properties": {
        "population": 1716.416,
        "density": 2006.038,
        "cell_area_sqkm": 0.855625,
        "row": 13,
        "col": 2,
        "source": "WorldPop"
      },
      "geometry": {
        "type": "Polygon",
        "coordinates": [
          [
            [
              73.75833231830003,
              18.5416669285
            ],
            [
              73.75833231830003,
              18.5500002618
            ],
            [
              73.74999898500003,
              18.5500002618
            ],
            [
              73.74999898500003,
              18.5416669285
            ],
            [
              73.75833231830003,
              18.5416669285
            ]
          ]
        ]
      }
    },
    {
      "type": "Feature",
      "id": "cell-13-3",
      "properties": {
        "population": 1986.282,
        "density": 2321.44,
        "cell_area_sqkm": 0.855625,
        "row": 13,
        "col": 3,
        "source": "WorldPop"
      },
      "geometry": {
        "type": "Polygon",
        "coordinates": [
          [
            [
              73.76666565160004,
              18.5416669285
            ],
            [
              73.76666565160004,
              18.5500002618
            ],
            [
              73.75833231830003,
              18.5500002618
            ],
            [
              73.75833231830003,
              18.5416669285
            ],
            [
              73.76666565160004,
              18.5416669285
            ]
          ]
        ]
      }
    },
    {
      "type": "Feature",
      "id": "cell-13-4",
      "properties": {
        "population": 3657.67,
        "density": 4274.852,
        "cell_area_sqkm": 0.855625,
        "row": 13,
        "col": 4,
        "source": "WorldPop"
      },
      "geometry": {
        "type": "Polygon",
        "coordinates": [
          [
            [
              73.77499898490004,
              18.5416669285
            ],
            [
              73.77499898490004,
              18.5500002618
            ],
            [
              73.76666565160004,
              18.5500002618
            ],
            [
              73.76666565160004,
              18.5416669285
            ],
            [
              73.77499898490004,
              18.5416669285
            ]
          ]
        ]
      }
    },
    {
      "type": "Feature",
      "id": "cell-13-5",
      "properties": {
        "population": 5636.635,
        "density": 6587.74,
        "cell_area_sqkm": 0.855625,
        "row": 13,
        "col": 5,
        "source": "WorldPop"
      },
      "geometry": {
        "type": "Polygon",
        "coordinates": [
          [
            [
              73.78333231820002,
              18.5416669285
            ],
            [
              73.78333231820002,
              18.5500002618
            ],
            [
              73.77499898490004,
              18.5500002618
            ],
            [
              73.77499898490004,
              18.5416669285
            ],
            [
              73.78333231820002,
              18.5416669285
            ]
          ]
        ]
      }
    },
    {
      "type": "Feature",
      "id": "cell-13-6",
      "properties": {
        "population": 8290.529,
        "density": 9689.443,
        "cell_area_sqkm": 0.855625,
        "row": 13,
        "col": 6,
        "source": "WorldPop"
      },
      "geometry": {
        "type": "Polygon",
        "coordinates": [
          [
            [
              73.79166565150003,
              18.5416669285
            ],
            [
              73.79166565150003,
              18.5500002618
            ],
            [
              73.78333231820002,
              18.5500002618
            ],
            [
              73.78333231820002,
              18.5416669285
            ],
            [
              73.79166565150003,
              18.5416669285
            ]
          ]
        ]
      }
    },
    {
      "type": "Feature",
      "id": "cell-13-7",
      "properties": {
        "population": 8868.158,
        "density": 10364.539,
        "cell_area_sqkm": 0.855625,
        "row": 13,
        "col": 7,
        "source": "WorldPop"
      },
      "geometry": {
        "type": "Polygon",
        "coordinates": [
          [
            [
              73.79999898480003,
              18.5416669285
            ],
            [
              73.79999898480003,
              18.5500002618
            ],
            [
              73.79166565150003,
              18.5500002618
            ],
            [
              73.79166565150003,
              18.5416669285
            ],
            [
              73.79999898480003,
              18.5416669285
            ]
          ]
        ]
      }
    },
    {
      "type": "Feature",
      "id": "cell-13-8",
      "properties": {
        "population": 7955.21,
        "density": 9297.543,
        "cell_area_sqkm": 0.855625,
        "row": 13,
        "col": 8,
        "source": "WorldPop"
      },
      "geometry": {
        "type": "Polygon",
        "coordinates": [
          [
            [
              73.80833231810003,
              18.5416669285
            ],
            [
              73.80833231810003,
              18.5500002618
            ],
            [
              73.79999898480003,
              18.5500002618
            ],
            [
              73.79999898480003,
              18.5416669285
            ],
            [
              73.80833231810003,
              18.5416669285
            ]
          ]
        ]
      }
    },
    {
      "type": "Feature",
      "id": "cell-13-9",
      "properties": {
        "population": 5583.131,
        "density": 6525.208,
        "cell_area_sqkm": 0.855625,
        "row": 13,
        "col": 9,
        "source": "WorldPop"
      },
      "geometry": {
        "type": "Polygon",
        "coordinates": [
          [
            [
              73.81666565140003,
              18.5416669285
            ],
            [
              73.81666565140003,
              18.5500002618
            ],
            [
              73.80833231810003,
              18.5500002618
            ],
            [
              73.80833231810003,
              18.5416669285
            ],
            [
              73.81666565140003,
              18.5416669285
            ]
          ]
        ]
      }
    },
    {
      "type": "Feature",
      "id": "cell-13-10",
      "properties": {
        "population": 8314.422,
        "density": 9717.367,
        "cell_area_sqkm": 0.855625,
        "row": 13,
        "col": 10,
        "source": "WorldPop"
      },
      "geometry": {
        "type": "Polygon",
        "coordinates": [
          [
            [
              73.82499898470003,
              18.5416669285
            ],
            [
              73.82499898470003,
              18.5500002618
            ],
            [
              73.81666565140003,
              18.5500002618
            ],
            [
              73.81666565140003,
              18.5416669285
            ],
            [
              73.82499898470003,
              18.5416669285
            ]
          ]
        ]
      }
    },
    {
      "type": "Feature",
      "id": "cell-13-11",
      "properties": {
        "population": 6517.744,
        "density": 7617.524,
        "cell_area_sqkm": 0.855625,
        "row": 13,
        "col": 11,
        "source": "WorldPop"
      },
      "geometry": {
        "type": "Polygon",
        "coordinates": [
          [
            [
              73.83333231800003,
              18.5416669285
            ],
            [
              73.83333231800003,
              18.5500002618
            ],
            [
              73.82499898470003,
              18.5500002618
            ],
            [
              73.82499898470003,
              18.5416669285
            ],
            [
              73.83333231800003,
              18.5416669285
            ]
          ]
        ]
      }
    },
    {
      "type": "Feature",
      "id": "cell-13-12",
      "properties": {
        "population": 5826.824,
        "density": 6810.021,
        "cell_area_sqkm": 0.855625,
        "row": 13,
        "col": 12,
        "source": "WorldPop"
      },
      "geometry": {
        "type": "Polygon",
        "coordinates": [
          [
            [
              73.84166565130003,
              18.5416669285
            ],
            [
              73.84166565130003,
              18.5500002618
            ],
            [
              73.83333231800003,
              18.5500002618
            ],
            [
              73.83333231800003,
              18.5416669285
            ],
            [
              73.84166565130003,
              18.5416669285
            ]
          ]
        ]
      }
    },
    {
      "type": "Feature",
      "id": "cell-13-13",
      "properties": {
        "population": 4278.637,
        "density": 5000.598,
        "cell_area_sqkm": 0.855625,
        "row": 13,
        "col": 13,
        "source": "WorldPop"
      },
      "geometry": {
        "type": "Polygon",
        "coordinates": [
          [
            [
              73.84999898460003,
              18.5416669285
            ],
            [
              73.84999898460003,
              18.5500002618
            ],
            [
              73.84166565130003,
              18.5500002618
            ],
            [
              73.84166565130003,
              18.5416669285
            ],
            [
              73.84999898460003,
              18.5416669285
            ]
          ]
        ]
      }
    },
    {
      "type": "Feature",
      "id": "cell-13-14",
      "properties": {
        "population": 2794.107,
        "density": 3265.575,
        "cell_area_sqkm": 0.855625,
        "row": 13,
        "col": 14,
        "source": "WorldPop"
      },
      "geometry": {
        "type": "Polygon",
        "coordinates": [
          [
            [
              73.85833231790004,
              18.5416669285
            ],
            [
              73.85833231790004,
              18.5500002618
            ],
            [
              73.84999898460003,
              18.5500002618
            ],
            [
              73.84999898460003,
              18.5416669285
            ],
            [
              73.85833231790004,
              18.5416669285
            ]
          ]
        ]
      }
    },
    {
      "type": "Feature",
      "id": "cell-13-15",
      "properties": {
        "population": 3956.433,
        "density": 4624.026,
        "cell_area_sqkm": 0.855625,
        "row": 13,
        "col": 15,
        "source": "WorldPop"
      },
      "geometry": {
        "type": "Polygon",
        "coordinates": [
          [
            [
              73.86666565120004,
              18.5416669285
            ],
            [
              73.86666565120004,
              18.5500002618
            ],
            [
              73.85833231790004,
              18.5500002618
            ],
            [
              73.85833231790004,
              18.5416669285
            ],
            [
              73.86666565120004,
              18.5416669285
            ]
          ]
        ]
      }
    },
    {
      "type": "Feature",
      "id": "cell-13-16",
      "properties": {
        "population": 7277.854,
        "density": 8505.893,
        "cell_area_sqkm": 0.855625,
        "row": 13,
        "col": 16,
        "source": "WorldPop"
      },
      "geometry": {
        "type": "Polygon",
        "coordinates": [
          [
            [
              73.87499898450002,
              18.5416669285
            ],
            [
              73.87499898450002,
              18.5500002618
            ],
            [
              73.86666565120004,
              18.5500002618
            ],
            [
              73.86666565120004,
              18.5416669285
            ],
            [
              73.87499898450002,
              18.5416669285
            ]
          ]
        ]
      }
    },
    {
      "type": "Feature",
      "id": "cell-13-17",
      "properties": {
        "population": 6611.686,
        "density": 7727.318,
        "cell_area_sqkm": 0.855625,
        "row": 13,
        "col": 17,
        "source": "WorldPop"
      },
      "geometry": {
        "type": "Polygon",
        "coordinates": [
          [
            [
              73.88333231780003,
              18.5416669285
            ],
            [
              73.88333231780003,
              18.5500002618
            ],
            [
              73.87499898450002,
              18.5500002618
            ],
            [
              73.87499898450002,
              18.5416669285
            ],
            [
              73.88333231780003,
              18.5416669285
            ]
          ]
        ]
      }
    },
    {
      "type": "Feature",
      "id": "cell-13-18",
      "properties": {
        "population": 8405.733,
        "density": 9824.086,
        "cell_area_sqkm": 0.855625,
        "row": 13,
        "col": 18,
        "source": "WorldPop"
      },
      "geometry": {
        "type": "Polygon",
        "coordinates": [
          [
            [
              73.89166565110003,
              18.5416669285
            ],
            [
              73.89166565110003,
              18.5500002618
            ],
            [
              73.88333231780003,
              18.5500002618
            ],
            [
              73.88333231780003,
              18.5416669285
            ],
            [
              73.89166565110003,
              18.5416669285
            ]
          ]
        ]
      }
    },
    {
      "type": "Feature",
      "id": "cell-13-19",
      "properties": {
        "population": 4482.682,
        "density": 5239.073,
        "cell_area_sqkm": 0.855625,
        "row": 13,
        "col": 19,
        "source": "WorldPop"
      },
      "geometry": {
        "type": "Polygon",
        "coordinates": [
          [
            [
              73.89999898440003,
              18.5416669285
            ],
            [
              73.89999898440003,
              18.5500002618
            ],
            [
              73.89166565110003,
              18.5500002618
            ],
            [
              73.89166565110003,
              18.5416669285
            ],
            [
              73.89999898440003,
              18.5416669285
            ]
          ]
        ]
      }
    },
    {
      "type": "Feature",
      "id": "cell-13-20",
      "properties": {
        "population": 11306.212,
        "density": 13213.98,
        "cell_area_sqkm": 0.855625,
        "row": 13,
        "col": 20,
        "source": "WorldPop"
      },
      "geometry": {
        "type": "Polygon",
        "coordinates": [
          [
            [
              73.90833231770003,
              18.5416669285
            ],
            [
              73.90833231770003,
              18.5500002618
            ],
            [
              73.89999898440003,
              18.5500002618
            ],
            [
              73.89999898440003,
              18.5416669285
            ],
            [
              73.90833231770003,
              18.5416669285
            ]
          ]
        ]
      }
    },
    {
      "type": "Feature",
      "id": "cell-13-21",
      "properties": {
        "population": 8367.984,
        "density": 9779.967,
        "cell_area_sqkm": 0.855625,
        "row": 13,
        "col": 21,
        "source": "WorldPop"
      },
      "geometry": {
        "type": "Polygon",
        "coordinates": [
          [
            [
              73.91666565100003,
              18.5416669285
            ],
            [
              73.91666565100003,
              18.5500002618
            ],
            [
              73.90833231770003,
              18.5500002618
            ],
            [
              73.90833231770003,
              18.5416669285
            ],
            [
              73.91666565100003,
              18.5416669285
            ]
          ]
        ]
      }
    },
    {
      "type": "Feature",
      "id": "cell-13-22",
      "properties": {
        "population": 11444.686,
        "density": 13375.82,
        "cell_area_sqkm": 0.855625,
        "row": 13,
        "col": 22,
        "source": "WorldPop"
      },
      "geometry": {
        "type": "Polygon",
        "coordinates": [
          [
            [
              73.92499898430003,
              18.5416669285
            ],
            [
              73.92499898430003,
              18.5500002618
            ],
            [
              73.91666565100003,
              18.5500002618
            ],
            [
              73.91666565100003,
              18.5416669285
            ],
            [
              73.92499898430003,
              18.5416669285
            ]
          ]
        ]
      }
    },
    {
      "type": "Feature",
      "id": "cell-13-23",
      "properties": {
        "population": 12218.163,
        "density": 14279.811,
        "cell_area_sqkm": 0.855625,
        "row": 13,
        "col": 23,
        "source": "WorldPop"
      },
      "geometry": {
        "type": "Polygon",
        "coordinates": [
          [
            [
              73.93333231760003,
              18.5416669285
            ],
            [
              73.93333231760003,
              18.5500002618
            ],
            [
              73.92499898430003,
              18.5500002618
            ],
            [
              73.92499898430003,
              18.5416669285
            ],
            [
              73.93333231760003,
              18.5416669285
            ]
          ]
        ]
      }
    },
    {
      "type": "Feature",
      "id": "cell-13-24",
      "properties": {
        "population": 11549.397,
        "density": 13498.2,
        "cell_area_sqkm": 0.855625,
        "row": 13,
        "col": 24,
        "source": "WorldPop"
      },
      "geometry": {
        "type": "Polygon",
        "coordinates": [
          [
            [
              73.94166565090003,
              18.5416669285
            ],
            [
              73.94166565090003,
              18.5500002618
            ],
            [
              73.93333231760003,
              18.5500002618
            ],
            [
              73.93333231760003,
              18.5416669285
            ],
            [
              73.94166565090003,
              18.5416669285
            ]
          ]
        ]
      }
    },
    {
      "type": "Feature",
      "id": "cell-13-25",
      "properties": {
        "population": 6841.654,
        "density": 7996.089,
        "cell_area_sqkm": 0.855625,
        "row": 13,
        "col": 25,
        "source": "WorldPop"
      },
      "geometry": {
        "type": "Polygon",
        "coordinates": [
          [
            [
              73.94999898420004,
              18.5416669285
            ],
            [
              73.94999898420004,
              18.5500002618
            ],
            [
              73.94166565090003,
              18.5500002618
            ],
            [
              73.94166565090003,
              18.5416669285
            ],
            [
              73.94999898420004,
              18.5416669285
            ]
          ]
        ]
      }
    },
    {
      "type": "Feature",
      "id": "cell-13-26",
      "properties": {
        "population": 3938.96,
        "density": 4603.606,
        "cell_area_sqkm": 0.855625,
        "row": 13,
        "col": 26,
        "source": "WorldPop"
      },
      "geometry": {
        "type": "Polygon",
        "coordinates": [
          [
            [
              73.95833231750004,
              18.5416669285
            ],
            [
              73.95833231750004,
              18.5500002618
            ],
            [
              73.94999898420004,
              18.5500002618
            ],
            [
              73.94999898420004,
              18.5416669285
            ],
            [
              73.95833231750004,
              18.5416669285
            ]
          ]
        ]
      }
    },
    {
      "type": "Feature",
      "id": "cell-13-27",
      "properties": {
        "population": 1817.053,
        "density": 2123.656,
        "cell_area_sqkm": 0.855625,
        "row": 13,
        "col": 27,
        "source": "WorldPop"
      },
      "geometry": {
        "type": "Polygon",
        "coordinates": [
          [
            [
              73.96666565080002,
              18.5416669285
            ],
            [
              73.96666565080002,
              18.5500002618
            ],
            [
              73.95833231750004,
              18.5500002618
            ],
            [
              73.95833231750004,
              18.5416669285
            ],
            [
              73.96666565080002,
              18.5416669285
            ]
          ]
        ]
      }
    },
    {
      "type": "Feature",
      "id": "cell-13-28",
      "properties": {
        "population": 872.32,
        "density": 1019.512,
        "cell_area_sqkm": 0.855625,
        "row": 13,
        "col": 28,
        "source": "WorldPop"
      },
      "geometry": {
        "type": "Polygon",
        "coordinates": [
          [
            [
              73.97499898410003,
              18.5416669285
            ],
            [
              73.97499898410003,
              18.5500002618
            ],
            [
              73.96666565080002,
              18.5500002618
            ],
            [
              73.96666565080002,
              18.5416669285
            ],
            [
              73.97499898410003,
              18.5416669285
            ]
          ]
        ]
      }
    },
    {
      "type": "Feature",
      "id": "cell-13-29",
      "properties": {
        "population": 666.116,
        "density": 778.513,
        "cell_area_sqkm": 0.855625,
        "row": 13,
        "col": 29,
        "source": "WorldPop"
      },
      "geometry": {
        "type": "Polygon",
        "coordinates": [
          [
            [
              73.98333231740003,
              18.5416669285
            ],
            [
              73.98333231740003,
              18.5500002618
            ],
            [
              73.97499898410003,
              18.5500002618
            ],
            [
              73.97499898410003,
              18.5416669285
            ],
            [
              73.98333231740003,
              18.5416669285
            ]
          ]
        ]
      }
    },
    {
      "type": "Feature",
      "id": "cell-13-30",
      "properties": {
        "population": 1624.273,
        "density": 1898.347,
        "cell_area_sqkm": 0.855625,
        "row": 13,
        "col": 30,
        "source": "WorldPop"
      },
      "geometry": {
        "type": "Polygon",
        "coordinates": [
          [
            [
              73.99166565070003,
              18.5416669285
            ],
            [
              73.99166565070003,
              18.5500002618
            ],
            [
              73.98333231740003,
              18.5500002618
            ],
            [
              73.98333231740003,
              18.5416669285
            ],
            [
              73.99166565070003,
              18.5416669285
            ]
          ]
        ]
      }
    },
    {
      "type": "Feature",
      "id": "cell-14-0",
      "properties": {
        "population": 221.446,
        "density": 258.812,
        "cell_area_sqkm": 0.855625,
        "row": 14,
        "col": 0,
        "source": "WorldPop"
      },
      "geometry": {
        "type": "Polygon",
        "coordinates": [
          [
            [
              73.74166565170003,
              18.5333335952
            ],
            [
              73.74166565170003,
              18.5416669285
            ],
            [
              73.73333231840003,
              18.5416669285
            ],
            [
              73.73333231840003,
              18.5333335952
            ],
            [
              73.74166565170003,
              18.5333335952
            ]
          ]
        ]
      }
    },
    {
      "type": "Feature",
      "id": "cell-14-1",
      "properties": {
        "population": 276.889,
        "density": 323.611,
        "cell_area_sqkm": 0.855625,
        "row": 14,
        "col": 1,
        "source": "WorldPop"
      },
      "geometry": {
        "type": "Polygon",
        "coordinates": [
          [
            [
              73.74999898500003,
              18.5333335952
            ],
            [
              73.74999898500003,
              18.5416669285
            ],
            [
              73.74166565170003,
              18.5416669285
            ],
            [
              73.74166565170003,
              18.5333335952
            ],
            [
              73.74999898500003,
              18.5333335952
            ]
          ]
        ]
      }
    },
    {
      "type": "Feature",
      "id": "cell-14-2",
      "properties": {
        "population": 126.687,
        "density": 148.063,
        "cell_area_sqkm": 0.855625,
        "row": 14,
        "col": 2,
        "source": "WorldPop"
      },
      "geometry": {
        "type": "Polygon",
        "coordinates": [
          [
            [
              73.75833231830003,
              18.5333335952
            ],
            [
              73.75833231830003,
              18.5416669285
            ],
            [
              73.74999898500003,
              18.5416669285
            ],
            [
              73.74999898500003,
              18.5333335952
            ],
            [
              73.75833231830003,
              18.5333335952
            ]
          ]
        ]
      }
    },
    {
      "type": "Feature",
      "id": "cell-14-3",
      "properties": {
        "population": 1398.744,
        "density": 1634.763,
        "cell_area_sqkm": 0.855625,
        "row": 14,
        "col": 3,
        "source": "WorldPop"
      },
      "geometry": {
        "type": "Polygon",
        "coordinates": [
          [
            [
              73.76666565160004,
              18.5333335952
            ],
            [
              73.76666565160004,
              18.5416669285
            ],
            [
              73.75833231830003,
              18.5416669285
            ],
            [
              73.75833231830003,
              18.5333335952
            ],
            [
              73.76666565160004,
              18.5333335952
            ]
          ]
        ]
      }
    },
    {
      "type": "Feature",
      "id": "cell-14-4",
      "properties": {
        "population": 1525.466,
        "density": 1782.867,
        "cell_area_sqkm": 0.855625,
        "row": 14,
        "col": 4,
        "source": "WorldPop"
      },
      "geometry": {
        "type": "Polygon",
        "coordinates": [
          [
            [
              73.77499898490004,
              18.5333335952
            ],
            [
              73.77499898490004,
              18.5416669285
            ],
            [
              73.76666565160004,
              18.5416669285
            ],
            [
              73.76666565160004,
              18.5333335952
            ],
            [
              73.77499898490004,
              18.5333335952
            ]
          ]
        ]
      }
    },
    {
      "type": "Feature",
      "id": "cell-14-5",
      "properties": {
        "population": 3332.243,
        "density": 3894.513,
        "cell_area_sqkm": 0.855625,
        "row": 14,
        "col": 5,
        "source": "WorldPop"
      },
      "geometry": {
        "type": "Polygon",
        "coordinates": [
          [
            [
              73.78333231820002,
              18.5333335952
            ],
            [
              73.78333231820002,
              18.5416669285
            ],
            [
              73.77499898490004,
              18.5416669285
            ],
            [
              73.77499898490004,
              18.5333335952
            ],
            [
              73.78333231820002,
              18.5333335952
            ]
          ]
        ]
      }
    },
    {
      "type": "Feature",
      "id": "cell-14-6",
      "properties": {
        "population": 7503.39,
        "density": 8769.485,
        "cell_area_sqkm": 0.855625,
        "row": 14,
        "col": 6,
        "source": "WorldPop"
      },
      "geometry": {
        "type": "Polygon",
        "coordinates": [
          [
            [
              73.79166565150003,
              18.5333335952
            ],
            [
              73.79166565150003,
              18.5416669285
            ],
            [
              73.78333231820002,
              18.5416669285
            ],
            [
              73.78333231820002,
              18.5333335952
            ],
            [
              73.79166565150003,
              18.5333335952
            ]
          ]
        ]
      }
    },
    {
      "type": "Feature",
      "id": "cell-14-7",
      "properties": {
        "population": 7907.089,
        "density": 9241.302,
        "cell_area_sqkm": 0.855625,
        "row": 14,
        "col": 7,
        "source": "WorldPop"
      },
      "geometry": {
        "type": "Polygon",
        "coordinates": [
          [
            [
              73.79999898480003,
              18.5333335952
            ],
            [
              73.79999898480003,
              18.5416669285
            ],
            [
              73.79166565150003,
              18.5416669285
            ],
            [
              73.79166565150003,
              18.5333335952
            ],
            [
              73.79999898480003,
              18.5333335952
            ]
          ]
        ]
      }
    },
    {
      "type": "Feature",
      "id": "cell-14-8",
      "properties": {
        "population": 5758.355,
        "density": 6729.999,
        "cell_area_sqkm": 0.855625,
        "row": 14,
        "col": 8,
        "source": "WorldPop"
      },
      "geometry": {
        "type": "Polygon",
        "coordinates": [
          [
            [
              73.80833231810003,
              18.5333335952
            ],
            [
              73.80833231810003,
              18.5416669285
            ],
            [
              73.79999898480003,
              18.5416669285
            ],
            [
              73.79999898480003,
              18.5333335952
            ],
            [
              73.80833231810003,
              18.5333335952
            ]
          ]
        ]
      }
    },
    {
      "type": "Feature",
      "id": "cell-14-9",
      "properties": {
        "population": 3600.415,
        "density": 4207.936,
        "cell_area_sqkm": 0.855625,
        "row": 14,
        "col": 9,
        "source": "WorldPop"
      },
      "geometry": {
        "type": "Polygon",
        "coordinates": [
          [
            [
              73.81666565140003,
              18.5333335952
            ],
            [
              73.81666565140003,
              18.5416669285
            ],
            [
              73.80833231810003,
              18.5416669285
            ],
            [
              73.80833231810003,
              18.5333335952
            ],
            [
              73.81666565140003,
              18.5333335952
            ]
          ]
        ]
      }
    },
    {
      "type": "Feature",
      "id": "cell-14-10",
      "properties": {
        "population": 3088.853,
        "density": 3610.055,
        "cell_area_sqkm": 0.855625,
        "row": 14,
        "col": 10,
        "source": "WorldPop"
      },
      "geometry": {
        "type": "Polygon",
        "coordinates": [
          [
            [
              73.82499898470003,
              18.5333335952
            ],
            [
              73.82499898470003,
              18.5416669285
            ],
            [
              73.81666565140003,
              18.5416669285
            ],
            [
              73.81666565140003,
              18.5333335952
            ],
            [
              73.82499898470003,
              18.5333335952
            ]
          ]
        ]
      }
    },
    {
      "type": "Feature",
      "id": "cell-14-11",
      "properties": {
        "population": 7724.062,
        "density": 9027.392,
        "cell_area_sqkm": 0.855625,
        "row": 14,
        "col": 11,
        "source": "WorldPop"
      },
      "geometry": {
        "type": "Polygon",
        "coordinates": [
          [
            [
              73.83333231800003,
              18.5333335952
            ],
            [
              73.83333231800003,
              18.5416669285
            ],
            [
              73.82499898470003,
              18.5416669285
            ],
            [
              73.82499898470003,
              18.5333335952
            ],
            [
              73.83333231800003,
              18.5333335952
            ]
          ]
        ]
      }
    },
    {
      "type": "Feature",
      "id": "cell-14-12",
      "properties": {
        "population": 7511.501,
        "density": 8778.965,
        "cell_area_sqkm": 0.855625,
        "row": 14,
        "col": 12,
        "source": "WorldPop"
      },
      "geometry": {
        "type": "Polygon",
        "coordinates": [
          [
            [
              73.84166565130003,
              18.5333335952
            ],
            [
              73.84166565130003,
              18.5416669285
            ],
            [
              73.83333231800003,
              18.5416669285
            ],
            [
              73.83333231800003,
              18.5333335952
            ],
            [
              73.84166565130003,
              18.5333335952
            ]
          ]
        ]
      }
    },
    {
      "type": "Feature",
      "id": "cell-14-13",
      "properties": {
        "population": 6038.91,
        "density": 7057.894,
        "cell_area_sqkm": 0.855625,
        "row": 14,
        "col": 13,
        "source": "WorldPop"
      },
      "geometry": {
        "type": "Polygon",
        "coordinates": [
          [
            [
              73.84999898460003,
              18.5333335952
            ],
            [
              73.84999898460003,
              18.5416669285
            ],
            [
              73.84166565130003,
              18.5416669285
            ],
            [
              73.84166565130003,
              18.5333335952
            ],
            [
              73.84999898460003,
              18.5333335952
            ]
          ]
        ]
      }
    },
    {
      "type": "Feature",
      "id": "cell-14-14",
      "properties": {
        "population": 4661.543,
        "density": 5448.115,
        "cell_area_sqkm": 0.855625,
        "row": 14,
        "col": 14,
        "source": "WorldPop"
      },
      "geometry": {
        "type": "Polygon",
        "coordinates": [
          [
            [
              73.85833231790004,
              18.5333335952
            ],
            [
              73.85833231790004,
              18.5416669285
            ],
            [
              73.84999898460003,
              18.5416669285
            ],
            [
              73.84999898460003,
              18.5333335952
            ],
            [
              73.85833231790004,
              18.5333335952
            ]
          ]
        ]
      }
    },
    {
      "type": "Feature",
      "id": "cell-14-15",
      "properties": {
        "population": 3916.958,
        "density": 4577.892,
        "cell_area_sqkm": 0.855625,
        "row": 14,
        "col": 15,
        "source": "WorldPop"
      },
      "geometry": {
        "type": "Polygon",
        "coordinates": [
          [
            [
              73.86666565120004,
              18.5333335952
            ],
            [
              73.86666565120004,
              18.5416669285
            ],
            [
              73.85833231790004,
              18.5416669285
            ],
            [
              73.85833231790004,
              18.5333335952
            ],
            [
              73.86666565120004,
              18.5333335952
            ]
          ]
        ]
      }
    },
    {
      "type": "Feature",
      "id": "cell-14-16",
      "properties": {
        "population": 5737.908,
        "density": 6706.102,
        "cell_area_sqkm": 0.855625,
        "row": 14,
        "col": 16,
        "source": "WorldPop"
      },
      "geometry": {
        "type": "Polygon",
        "coordinates": [
          [
            [
              73.87499898450002,
              18.5333335952
            ],
            [
              73.87499898450002,
              18.5416669285
            ],
            [
              73.86666565120004,
              18.5416669285
            ],
            [
              73.86666565120004,
              18.5333335952
            ],
            [
              73.87499898450002,
              18.5333335952
            ]
          ]
        ]
      }
    },
    {
      "type": "Feature",
      "id": "cell-14-17",
      "properties": {
        "population": 12382.345,
        "density": 14471.696,
        "cell_area_sqkm": 0.855625,
        "row": 14,
        "col": 17,
        "source": "WorldPop"
      },
      "geometry": {
        "type": "Polygon",
        "coordinates": [
          [
            [
              73.88333231780003,
              18.5333335952
            ],
            [
              73.88333231780003,
              18.5416669285
            ],
            [
              73.87499898450002,
              18.5416669285
            ],
            [
              73.87499898450002,
              18.5333335952
            ],
            [
              73.88333231780003,
              18.5333335952
            ]
          ]
        ]
      }
    },
    {
      "type": "Feature",
      "id": "cell-14-18",
      "properties": {
        "population": 11308.159,
        "density": 13216.256,
        "cell_area_sqkm": 0.855625,
        "row": 14,
        "col": 18,
        "source": "WorldPop"
      },
      "geometry": {
        "type": "Polygon",
        "coordinates": [
          [
            [
              73.89166565110003,
              18.5333335952
            ],
            [
              73.89166565110003,
              18.5416669285
            ],
            [
              73.88333231780003,
              18.5416669285
            ],
            [
              73.88333231780003,
              18.5333335952
            ],
            [
              73.89166565110003,
              18.5333335952
            ]
          ]
        ]
      }
    },
    {
      "type": "Feature",
      "id": "cell-14-19",
      "properties": {
        "population": 10393.155,
        "density": 12146.858,
        "cell_area_sqkm": 0.855625,
        "row": 14,
        "col": 19,
        "source": "WorldPop"
      },
      "geometry": {
        "type": "Polygon",
        "coordinates": [
          [
            [
              73.89999898440003,
              18.5333335952
            ],
            [
              73.89999898440003,
              18.5416669285
            ],
            [
              73.89166565110003,
              18.5416669285
            ],
            [
              73.89166565110003,
              18.5333335952
            ],
            [
              73.89999898440003,
              18.5333335952
            ]
          ]
        ]
      }
    },
    {
      "type": "Feature",
      "id": "cell-14-20",
      "properties": {
        "population": 6792.169,
        "density": 7938.254,
        "cell_area_sqkm": 0.855625,
        "row": 14,
        "col": 20,
        "source": "WorldPop"
      },
      "geometry": {
        "type": "Polygon",
        "coordinates": [
          [
            [
              73.90833231770003,
              18.5333335952
            ],
            [
              73.90833231770003,
              18.5416669285
            ],
            [
              73.89999898440003,
              18.5416669285
            ],
            [
              73.89999898440003,
              18.5333335952
            ],
            [
              73.90833231770003,
              18.5333335952
            ]
          ]
        ]
      }
    },
    {
      "type": "Feature",
      "id": "cell-14-21",
      "properties": {
        "population": 4716.699,
        "density": 5512.578,
        "cell_area_sqkm": 0.855625,
        "row": 14,
        "col": 21,
        "source": "WorldPop"
      },
      "geometry": {
        "type": "Polygon",
        "coordinates": [
          [
            [
              73.91666565100003,
              18.5333335952
            ],
            [
              73.91666565100003,
              18.5416669285
            ],
            [
              73.90833231770003,
              18.5416669285
            ],
            [
              73.90833231770003,
              18.5333335952
            ],
            [
              73.91666565100003,
              18.5333335952
            ]
          ]
        ]
      }
    },
    {
      "type": "Feature",
      "id": "cell-14-22",
      "properties": {
        "population": 3356.76,
        "density": 3923.167,
        "cell_area_sqkm": 0.855625,
        "row": 14,
        "col": 22,
        "source": "WorldPop"
      },
      "geometry": {
        "type": "Polygon",
        "coordinates": [
          [
            [
              73.92499898430003,
              18.5333335952
            ],
            [
              73.92499898430003,
              18.5416669285
            ],
            [
              73.91666565100003,
              18.5416669285
            ],
            [
              73.91666565100003,
              18.5333335952
            ],
            [
              73.92499898430003,
              18.5333335952
            ]
          ]
        ]
      }
    },
    {
      "type": "Feature",
      "id": "cell-14-23",
      "properties": {
        "population": 8458.745,
        "density": 9886.043,
        "cell_area_sqkm": 0.855625,
        "row": 14,
        "col": 23,
        "source": "WorldPop"
      },
      "geometry": {
        "type": "Polygon",
        "coordinates": [
          [
            [
              73.93333231760003,
              18.5333335952
            ],
            [
              73.93333231760003,
              18.5416669285
            ],
            [
              73.92499898430003,
              18.5416669285
            ],
            [
              73.92499898430003,
              18.5333335952
            ],
            [
              73.93333231760003,
              18.5333335952
            ]
          ]
        ]
      }
    },
    {
      "type": "Feature",
      "id": "cell-14-24",
      "properties": {
        "population": 6724.947,
        "density": 7859.69,
        "cell_area_sqkm": 0.855625,
        "row": 14,
        "col": 24,
        "source": "WorldPop"
      },
      "geometry": {
        "type": "Polygon",
        "coordinates": [
          [
            [
              73.94166565090003,
              18.5333335952
            ],
            [
              73.94166565090003,
              18.5416669285
            ],
            [
              73.93333231760003,
              18.5416669285
            ],
            [
              73.93333231760003,
              18.5333335952
            ],
            [
              73.94166565090003,
              18.5333335952
            ]
          ]
        ]
      }
    },
    {
      "type": "Feature",
      "id": "cell-14-25",
      "properties": {
        "population": 5817.124,
        "density": 6798.684,
        "cell_area_sqkm": 0.855625,
        "row": 14,
        "col": 25,
        "source": "WorldPop"
      },
      "geometry": {
        "type": "Polygon",
        "coordinates": [
          [
            [
              73.94999898420004,
              18.5333335952
            ],
            [
              73.94999898420004,
              18.5416669285
            ],
            [
              73.94166565090003,
              18.5416669285
            ],
            [
              73.94166565090003,
              18.5333335952
            ],
            [
              73.94999898420004,
              18.5333335952
            ]
          ]
        ]
      }
    },
    {
      "type": "Feature",
      "id": "cell-14-26",
      "properties": {
        "population": 2426.933,
        "density": 2836.445,
        "cell_area_sqkm": 0.855625,
        "row": 14,
        "col": 26,
        "source": "WorldPop"
      },
      "geometry": {
        "type": "Polygon",
        "coordinates": [
          [
            [
              73.95833231750004,
              18.5333335952
            ],
            [
              73.95833231750004,
              18.5416669285
            ],
            [
              73.94999898420004,
              18.5416669285
            ],
            [
              73.94999898420004,
              18.5333335952
            ],
            [
              73.95833231750004,
              18.5333335952
            ]
          ]
        ]
      }
    },
    {
      "type": "Feature",
      "id": "cell-14-27",
      "properties": {
        "population": 202.477,
        "density": 236.643,
        "cell_area_sqkm": 0.855625,
        "row": 14,
        "col": 27,
        "source": "WorldPop"
      },
      "geometry": {
        "type": "Polygon",
        "coordinates": [
          [
            [
              73.96666565080002,
              18.5333335952
            ],
            [
              73.96666565080002,
              18.5416669285
            ],
            [
              73.95833231750004,
              18.5416669285
            ],
            [
              73.95833231750004,
              18.5333335952
            ],
            [
              73.96666565080002,
              18.5333335952
            ]
          ]
        ]
      }
    },
    {
      "type": "Feature",
      "id": "cell-14-28",
      "properties": {
        "population": 0.736,
        "density": 0.86,
        "cell_area_sqkm": 0.855625,
        "row": 14,
        "col": 28,
        "source": "WorldPop"
      },
      "geometry": {
        "type": "Polygon",
        "coordinates": [
          [
            [
              73.97499898410003,
              18.5333335952
            ],
            [
              73.97499898410003,
              18.5416669285
            ],
            [
              73.96666565080002,
              18.5416669285
            ],
            [
              73.96666565080002,
              18.5333335952
            ],
            [
              73.97499898410003,
              18.5333335952
            ]
          ]
        ]
      }
    },
    {
      "type": "Feature",
      "id": "cell-14-29",
      "properties": {
        "population": 240.412,
        "density": 280.978,
        "cell_area_sqkm": 0.855625,
        "row": 14,
        "col": 29,
        "source": "WorldPop"
      },
      "geometry": {
        "type": "Polygon",
        "coordinates": [
          [
            [
              73.98333231740003,
              18.5333335952
            ],
            [
              73.98333231740003,
              18.5416669285
            ],
            [
              73.97499898410003,
              18.5416669285
            ],
            [
              73.97499898410003,
              18.5333335952
            ],
            [
              73.98333231740003,
              18.5333335952
            ]
          ]
        ]
      }
    },
    {
      "type": "Feature",
      "id": "cell-14-30",
      "properties": {
        "population": 1026.476,
        "density": 1199.68,
        "cell_area_sqkm": 0.855625,
        "row": 14,
        "col": 30,
        "source": "WorldPop"
      },
      "geometry": {
        "type": "Polygon",
        "coordinates": [
          [
            [
              73.99166565070003,
              18.5333335952
            ],
            [
              73.99166565070003,
              18.5416669285
            ],
            [
              73.98333231740003,
              18.5416669285
            ],
            [
              73.98333231740003,
              18.5333335952
            ],
            [
              73.99166565070003,
              18.5333335952
            ]
          ]
        ]
      }
    },
    {
      "type": "Feature",
      "id": "cell-15-0",
      "properties": {
        "population": 636.669,
        "density": 744.098,
        "cell_area_sqkm": 0.855625,
        "row": 15,
        "col": 0,
        "source": "WorldPop"
      },
      "geometry": {
        "type": "Polygon",
        "coordinates": [
          [
            [
              73.74166565170003,
              18.5250002619
            ],
            [
              73.74166565170003,
              18.5333335952
            ],
            [
              73.73333231840003,
              18.5333335952
            ],
            [
              73.73333231840003,
              18.5250002619
            ],
            [
              73.74166565170003,
              18.5250002619
            ]
          ]
        ]
      }
    },
    {
      "type": "Feature",
      "id": "cell-15-1",
      "properties": {
        "population": 176.329,
        "density": 206.082,
        "cell_area_sqkm": 0.855625,
        "row": 15,
        "col": 1,
        "source": "WorldPop"
      },
      "geometry": {
        "type": "Polygon",
        "coordinates": [
          [
            [
              73.74999898500003,
              18.5250002619
            ],
            [
              73.74999898500003,
              18.5333335952
            ],
            [
              73.74166565170003,
              18.5333335952
            ],
            [
              73.74166565170003,
              18.5250002619
            ],
            [
              73.74999898500003,
              18.5250002619
            ]
          ]
        ]
      }
    },
    {
      "type": "Feature",
      "id": "cell-15-2",
      "properties": {
        "population": 168.288,
        "density": 196.684,
        "cell_area_sqkm": 0.855625,
        "row": 15,
        "col": 2,
        "source": "WorldPop"
      },
      "geometry": {
        "type": "Polygon",
        "coordinates": [
          [
            [
              73.75833231830003,
              18.5250002619
            ],
            [
              73.75833231830003,
              18.5333335952
            ],
            [
              73.74999898500003,
              18.5333335952
            ],
            [
              73.74999898500003,
              18.5250002619
            ],
            [
              73.75833231830003,
              18.5250002619
            ]
          ]
        ]
      }
    },
    {
      "type": "Feature",
      "id": "cell-15-3",
      "properties": {
        "population": 1387.434,
        "density": 1621.544,
        "cell_area_sqkm": 0.855625,
        "row": 15,
        "col": 3,
        "source": "WorldPop"
      },
      "geometry": {
        "type": "Polygon",
        "coordinates": [
          [
            [
              73.76666565160004,
              18.5250002619
            ],
            [
              73.76666565160004,
              18.5333335952
            ],
            [
              73.75833231830003,
              18.5333335952
            ],
            [
              73.75833231830003,
              18.5250002619
            ],
            [
              73.76666565160004,
              18.5250002619
            ]
          ]
        ]
      }
    },
    {
      "type": "Feature",
      "id": "cell-15-4",
      "properties": {
        "population": 3304.235,
        "density": 3861.779,
        "cell_area_sqkm": 0.855625,
        "row": 15,
        "col": 4,
        "source": "WorldPop"
      },
      "geometry": {
        "type": "Polygon",
        "coordinates": [
          [
            [
              73.77499898490004,
              18.5250002619
            ],
            [
              73.77499898490004,
              18.5333335952
            ],
            [
              73.76666565160004,
              18.5333335952
            ],
            [
              73.76666565160004,
              18.5250002619
            ],
            [
              73.77499898490004,
              18.5250002619
            ]
          ]
        ]
      }
    },
    {
      "type": "Feature",
      "id": "cell-15-5",
      "properties": {
        "population": 3565.835,
        "density": 4167.521,
        "cell_area_sqkm": 0.855625,
        "row": 15,
        "col": 5,
        "source": "WorldPop"
      },
      "geometry": {
        "type": "Polygon",
        "coordinates": [
          [
            [
              73.78333231820002,
              18.5250002619
            ],
            [
              73.78333231820002,
              18.5333335952
            ],
            [
              73.77499898490004,
              18.5333335952
            ],
            [
              73.77499898490004,
              18.5250002619
            ],
            [
              73.78333231820002,
              18.5250002619
            ]
          ]
        ]
      }
    },
    {
      "type": "Feature",
      "id": "cell-15-6",
      "properties": {
        "population": 1774.844,
        "density": 2074.324,
        "cell_area_sqkm": 0.855625,
        "row": 15,
        "col": 6,
        "source": "WorldPop"
      },
      "geometry": {
        "type": "Polygon",
        "coordinates": [
          [
            [
              73.79166565150003,
              18.5250002619
            ],
            [
              73.79166565150003,
              18.5333335952
            ],
            [
              73.78333231820002,
              18.5333335952
            ],
            [
              73.78333231820002,
              18.5250002619
            ],
            [
              73.79166565150003,
              18.5250002619
            ]
          ]
        ]
      }
    },
    {
      "type": "Feature",
      "id": "cell-15-7",
      "properties": {
        "population": 1207.298,
        "density": 1411.013,
        "cell_area_sqkm": 0.855625,
        "row": 15,
        "col": 7,
        "source": "WorldPop"
      },
      "geometry": {
        "type": "Polygon",
        "coordinates": [
          [
            [
              73.79999898480003,
              18.5250002619
            ],
            [
              73.79999898480003,
              18.5333335952
            ],
            [
              73.79166565150003,
              18.5333335952
            ],
            [
              73.79166565150003,
              18.5250002619
            ],
            [
              73.79999898480003,
              18.5250002619
            ]
          ]
        ]
      }
    },
    {
      "type": "Feature",
      "id": "cell-15-8",
      "properties": {
        "population": 825.826,
        "density": 965.173,
        "cell_area_sqkm": 0.855625,
        "row": 15,
        "col": 8,
        "source": "WorldPop"
      },
      "geometry": {
        "type": "Polygon",
        "coordinates": [
          [
            [
              73.80833231810003,
              18.5250002619
            ],
            [
              73.80833231810003,
              18.5333335952
            ],
            [
              73.79999898480003,
              18.5333335952
            ],
            [
              73.79999898480003,
              18.5250002619
            ],
            [
              73.80833231810003,
              18.5250002619
            ]
          ]
        ]
      }
    },
    {
      "type": "Feature",
      "id": "cell-15-9",
      "properties": {
        "population": 2712.711,
        "density": 3170.443,
        "cell_area_sqkm": 0.855625,
        "row": 15,
        "col": 9,
        "source": "WorldPop"
      },
      "geometry": {
        "type": "Polygon",
        "coordinates": [
          [
            [
              73.81666565140003,
              18.5250002619
            ],
            [
              73.81666565140003,
              18.5333335952
            ],
            [
              73.80833231810003,
              18.5333335952
            ],
            [
              73.80833231810003,
              18.5250002619
            ],
            [
              73.81666565140003,
              18.5250002619
            ]
          ]
        ]
      }
    },
    {
      "type": "Feature",
      "id": "cell-15-10",
      "properties": {
        "population": 3568.32,
        "density": 4170.425,
        "cell_area_sqkm": 0.855625,
        "row": 15,
        "col": 10,
        "source": "WorldPop"
      },
      "geometry": {
        "type": "Polygon",
        "coordinates": [
          [
            [
              73.82499898470003,
              18.5250002619
            ],
            [
              73.82499898470003,
              18.5333335952
            ],
            [
              73.81666565140003,
              18.5333335952
            ],
            [
              73.81666565140003,
              18.5250002619
            ],
            [
              73.82499898470003,
              18.5250002619
            ]
          ]
        ]
      }
    },
    {
      "type": "Feature",
      "id": "cell-15-11",
      "properties": {
        "population": 10783.83,
        "density": 12603.454,
        "cell_area_sqkm": 0.855625,
        "row": 15,
        "col": 11,
        "source": "WorldPop"
      },
      "geometry": {
        "type": "Polygon",
        "coordinates": [
          [
            [
              73.83333231800003,
              18.5250002619
            ],
            [
              73.83333231800003,
              18.5333335952
            ],
            [
              73.82499898470003,
              18.5333335952
            ],
            [
              73.82499898470003,
              18.5250002619
            ],
            [
              73.83333231800003,
              18.5250002619
            ]
          ]
        ]
      }
    },
    {
      "type": "Feature",
      "id": "cell-15-12",
      "properties": {
        "population": 12354.16,
        "density": 14438.756,
        "cell_area_sqkm": 0.855625,
        "row": 15,
        "col": 12,
        "source": "WorldPop"
      },
      "geometry": {
        "type": "Polygon",
        "coordinates": [
          [
            [
              73.84166565130003,
              18.5250002619
            ],
            [
              73.84166565130003,
              18.5333335952
            ],
            [
              73.83333231800003,
              18.5333335952
            ],
            [
              73.83333231800003,
              18.5250002619
            ],
            [
              73.84166565130003,
              18.5250002619
            ]
          ]
        ]
      }
    },
    {
      "type": "Feature",
      "id": "cell-15-13",
      "properties": {
        "population": 12420.432,
        "density": 14516.209,
        "cell_area_sqkm": 0.855625,
        "row": 15,
        "col": 13,
        "source": "WorldPop"
      },
      "geometry": {
        "type": "Polygon",
        "coordinates": [
          [
            [
              73.84999898460003,
              18.5250002619
            ],
            [
              73.84999898460003,
              18.5333335952
            ],
            [
              73.84166565130003,
              18.5333335952
            ],
            [
              73.84166565130003,
              18.5250002619
            ],
            [
              73.84999898460003,
              18.5250002619
            ]
          ]
        ]
      }
    },
    {
      "type": "Feature",
      "id": "cell-15-14",
      "properties": {
        "population": 9839.43,
        "density": 11499.699,
        "cell_area_sqkm": 0.855625,
        "row": 15,
        "col": 14,
        "source": "WorldPop"
      },
      "geometry": {
        "type": "Polygon",
        "coordinates": [
          [
            [
              73.85833231790004,
              18.5250002619
            ],
            [
              73.85833231790004,
              18.5333335952
            ],
            [
              73.84999898460003,
              18.5333335952
            ],
            [
              73.84999898460003,
              18.5250002619
            ],
            [
              73.85833231790004,
              18.5250002619
            ]
          ]
        ]
      }
    },
    {
      "type": "Feature",
      "id": "cell-15-15",
      "properties": {
        "population": 7577.682,
        "density": 8856.312,
        "cell_area_sqkm": 0.855625,
        "row": 15,
        "col": 15,
        "source": "WorldPop"
      },
      "geometry": {
        "type": "Polygon",
        "coordinates": [
          [
            [
              73.86666565120004,
              18.5250002619
            ],
            [
              73.86666565120004,
              18.5333335952
            ],
            [
              73.85833231790004,
              18.5333335952
            ],
            [
              73.85833231790004,
              18.5250002619
            ],
            [
              73.86666565120004,
              18.5250002619
            ]
          ]
        ]
      }
    },
    {
      "type": "Feature",
      "id": "cell-15-16",
      "properties": {
        "population": 12128.788,
        "density": 14175.355,
        "cell_area_sqkm": 0.855625,
        "row": 15,
        "col": 16,
        "source": "WorldPop"
      },
      "geometry": {
        "type": "Polygon",
        "coordinates": [
          [
            [
              73.87499898450002,
              18.5250002619
            ],
            [
              73.87499898450002,
              18.5333335952
            ],
            [
              73.86666565120004,
              18.5333335952
            ],
            [
              73.86666565120004,
              18.5250002619
            ],
            [
              73.87499898450002,
              18.5250002619
            ]
          ]
        ]
      }
    },
    {
      "type": "Feature",
      "id": "cell-15-17",
      "properties": {
        "population": 13268.017,
        "density": 15506.813,
        "cell_area_sqkm": 0.855625,
        "row": 15,
        "col": 17,
        "source": "WorldPop"
      },
      "geometry": {
        "type": "Polygon",
        "coordinates": [
          [
            [
              73.88333231780003,
              18.5250002619
            ],
            [
              73.88333231780003,
              18.5333335952
            ],
            [
              73.87499898450002,
              18.5333335952
            ],
            [
              73.87499898450002,
              18.5250002619
            ],
            [
              73.88333231780003,
              18.5250002619
            ]
          ]
        ]
      }
    },
    {
      "type": "Feature",
      "id": "cell-15-18",
      "properties": {
        "population": 8536.456,
        "density": 9976.866,
        "cell_area_sqkm": 0.855625,
        "row": 15,
        "col": 18,
        "source": "WorldPop"
      },
      "geometry": {
        "type": "Polygon",
        "coordinates": [
          [
            [
              73.89166565110003,
              18.5250002619
            ],
            [
              73.89166565110003,
              18.5333335952
            ],
            [
              73.88333231780003,
              18.5333335952
            ],
            [
              73.88333231780003,
              18.5250002619
            ],
            [
              73.89166565110003,
              18.5250002619
            ]
          ]
        ]
      }
    },
    {
      "type": "Feature",
      "id": "cell-15-19",
      "properties": {
        "population": 9724.271,
        "density": 11365.108,
        "cell_area_sqkm": 0.855625,
        "row": 15,
        "col": 19,
        "source": "WorldPop"
      },
      "geometry": {
        "type": "Polygon",
        "coordinates": [
          [
            [
              73.89999898440003,
              18.5250002619
            ],
            [
              73.89999898440003,
              18.5333335952
            ],
            [
              73.89166565110003,
              18.5333335952
            ],
            [
              73.89166565110003,
              18.5250002619
            ],
            [
              73.89999898440003,
              18.5250002619
            ]
          ]
        ]
      }
    },
    {
      "type": "Feature",
      "id": "cell-15-20",
      "properties": {
        "population": 9884.984,
        "density": 11552.94,
        "cell_area_sqkm": 0.855625,
        "row": 15,
        "col": 20,
        "source": "WorldPop"
      },
      "geometry": {
        "type": "Polygon",
        "coordinates": [
          [
            [
              73.90833231770003,
              18.5250002619
            ],
            [
              73.90833231770003,
              18.5333335952
            ],
            [
              73.89999898440003,
              18.5333335952
            ],
            [
              73.89999898440003,
              18.5250002619
            ],
            [
              73.90833231770003,
              18.5250002619
            ]
          ]
        ]
      }
    },
    {
      "type": "Feature",
      "id": "cell-15-21",
      "properties": {
        "population": 9588.309,
        "density": 11206.204,
        "cell_area_sqkm": 0.855625,
        "row": 15,
        "col": 21,
        "source": "WorldPop"
      },
      "geometry": {
        "type": "Polygon",
        "coordinates": [
          [
            [
              73.91666565100003,
              18.5250002619
            ],
            [
              73.91666565100003,
              18.5333335952
            ],
            [
              73.90833231770003,
              18.5333335952
            ],
            [
              73.90833231770003,
              18.5250002619
            ],
            [
              73.91666565100003,
              18.5250002619
            ]
          ]
        ]
      }
    },
    {
      "type": "Feature",
      "id": "cell-15-22",
      "properties": {
        "population": 5951.642,
        "density": 6955.9,
        "cell_area_sqkm": 0.855625,
        "row": 15,
        "col": 22,
        "source": "WorldPop"
      },
      "geometry": {
        "type": "Polygon",
        "coordinates": [
          [
            [
              73.92499898430003,
              18.5250002619
            ],
            [
              73.92499898430003,
              18.5333335952
            ],
            [
              73.91666565100003,
              18.5333335952
            ],
            [
              73.91666565100003,
              18.5250002619
            ],
            [
              73.92499898430003,
              18.5250002619
            ]
          ]
        ]
      }
    },
    {
      "type": "Feature",
      "id": "cell-15-23",
      "properties": {
        "population": 7777.234,
        "density": 9089.536,
        "cell_area_sqkm": 0.855625,
        "row": 15,
        "col": 23,
        "source": "WorldPop"
      },
      "geometry": {
        "type": "Polygon",
        "coordinates": [
          [
            [
              73.93333231760003,
              18.5250002619
            ],
            [
              73.93333231760003,
              18.5333335952
            ],
            [
              73.92499898430003,
              18.5333335952
            ],
            [
              73.92499898430003,
              18.5250002619
            ],
            [
              73.93333231760003,
              18.5250002619
            ]
          ]
        ]
      }
    },
    {
      "type": "Feature",
      "id": "cell-15-24",
      "properties": {
        "population": 7047.812,
        "density": 8237.033,
        "cell_area_sqkm": 0.855625,
        "row": 15,
        "col": 24,
        "source": "WorldPop"
      },
      "geometry": {
        "type": "Polygon",
        "coordinates": [
          [
            [
              73.94166565090003,
              18.5250002619
            ],
            [
              73.94166565090003,
              18.5333335952
            ],
            [
              73.93333231760003,
              18.5333335952
            ],
            [
              73.93333231760003,
              18.5250002619
            ],
            [
              73.94166565090003,
              18.5250002619
            ]
          ]
        ]
      }
    },
    {
      "type": "Feature",
      "id": "cell-15-25",
      "properties": {
        "population": 6678.644,
        "density": 7805.574,
        "cell_area_sqkm": 0.855625,
        "row": 15,
        "col": 25,
        "source": "WorldPop"
      },
      "geometry": {
        "type": "Polygon",
        "coordinates": [
          [
            [
              73.94999898420004,
              18.5250002619
            ],
            [
              73.94999898420004,
              18.5333335952
            ],
            [
              73.94166565090003,
              18.5333335952
            ],
            [
              73.94166565090003,
              18.5250002619
            ],
            [
              73.94999898420004,
              18.5250002619
            ]
          ]
        ]
      }
    },
    {
      "type": "Feature",
      "id": "cell-15-26",
      "properties": {
        "population": 2999.149,
        "density": 3505.215,
        "cell_area_sqkm": 0.855625,
        "row": 15,
        "col": 26,
        "source": "WorldPop"
      },
      "geometry": {
        "type": "Polygon",
        "coordinates": [
          [
            [
              73.95833231750004,
              18.5250002619
            ],
            [
              73.95833231750004,
              18.5333335952
            ],
            [
              73.94999898420004,
              18.5333335952
            ],
            [
              73.94999898420004,
              18.5250002619
            ],
            [
              73.95833231750004,
              18.5250002619
            ]
          ]
        ]
      }
    },
    {
      "type": "Feature",
      "id": "cell-15-27",
      "properties": {
        "population": 2396.685,
        "density": 2801.093,
        "cell_area_sqkm": 0.855625,
        "row": 15,
        "col": 27,
        "source": "WorldPop"
      },
      "geometry": {
        "type": "Polygon",
        "coordinates": [
          [
            [
              73.96666565080002,
              18.5250002619
            ],
            [
              73.96666565080002,
              18.5333335952
            ],
            [
              73.95833231750004,
              18.5333335952
            ],
            [
              73.95833231750004,
              18.5250002619
            ],
            [
              73.96666565080002,
              18.5250002619
            ]
          ]
        ]
      }
    },
    {
      "type": "Feature",
      "id": "cell-15-28",
      "properties": {
        "population": 1314.362,
        "density": 1536.142,
        "cell_area_sqkm": 0.855625,
        "row": 15,
        "col": 28,
        "source": "WorldPop"
      },
      "geometry": {
        "type": "Polygon",
        "coordinates": [
          [
            [
              73.97499898410003,
              18.5250002619
            ],
            [
              73.97499898410003,
              18.5333335952
            ],
            [
              73.96666565080002,
              18.5333335952
            ],
            [
              73.96666565080002,
              18.5250002619
            ],
            [
              73.97499898410003,
              18.5250002619
            ]
          ]
        ]
      }
    },
    {
      "type": "Feature",
      "id": "cell-15-29",
      "properties": {
        "population": 1089.503,
        "density": 1273.341,
        "cell_area_sqkm": 0.855625,
        "row": 15,
        "col": 29,
        "source": "WorldPop"
      },
      "geometry": {
        "type": "Polygon",
        "coordinates": [
          [
            [
              73.98333231740003,
              18.5250002619
            ],
            [
              73.98333231740003,
              18.5333335952
            ],
            [
              73.97499898410003,
              18.5333335952
            ],
            [
              73.97499898410003,
              18.5250002619
            ],
            [
              73.98333231740003,
              18.5250002619
            ]
          ]
        ]
      }
    },
    {
      "type": "Feature",
      "id": "cell-15-30",
      "properties": {
        "population": 2112.539,
        "density": 2469.001,
        "cell_area_sqkm": 0.855625,
        "row": 15,
        "col": 30,
        "source": "WorldPop"
      },
      "geometry": {
        "type": "Polygon",
        "coordinates": [
          [
            [
              73.99166565070003,
              18.5250002619
            ],
            [
              73.99166565070003,
              18.5333335952
            ],
            [
              73.98333231740003,
              18.5333335952
            ],
            [
              73.98333231740003,
              18.5250002619
            ],
            [
              73.99166565070003,
              18.5250002619
            ]
          ]
        ]
      }
    },
    {
      "type": "Feature",
      "id": "cell-16-0",
      "properties": {
        "population": 372.79,
        "density": 435.694,
        "cell_area_sqkm": 0.855625,
        "row": 16,
        "col": 0,
        "source": "WorldPop"
      },
      "geometry": {
        "type": "Polygon",
        "coordinates": [
          [
            [
              73.74166565170003,
              18.5166669286
            ],
            [
              73.74166565170003,
              18.5250002619
            ],
            [
              73.73333231840003,
              18.5250002619
            ],
            [
              73.73333231840003,
              18.5166669286
            ],
            [
              73.74166565170003,
              18.5166669286
            ]
          ]
        ]
      }
    },
    {
      "type": "Feature",
      "id": "cell-16-1",
      "properties": {
        "population": 400.605,
        "density": 468.201,
        "cell_area_sqkm": 0.855625,
        "row": 16,
        "col": 1,
        "source": "WorldPop"
      },
      "geometry": {
        "type": "Polygon",
        "coordinates": [
          [
            [
              73.74999898500003,
              18.5166669286
            ],
            [
              73.74999898500003,
              18.5250002619
            ],
            [
              73.74166565170003,
              18.5250002619
            ],
            [
              73.74166565170003,
              18.5166669286
            ],
            [
              73.74999898500003,
              18.5166669286
            ]
          ]
        ]
      }
    },
    {
      "type": "Feature",
      "id": "cell-16-2",
      "properties": {
        "population": 303.236,
        "density": 354.403,
        "cell_area_sqkm": 0.855625,
        "row": 16,
        "col": 2,
        "source": "WorldPop"
      },
      "geometry": {
        "type": "Polygon",
        "coordinates": [
          [
            [
              73.75833231830003,
              18.5166669286
            ],
            [
              73.75833231830003,
              18.5250002619
            ],
            [
              73.74999898500003,
              18.5250002619
            ],
            [
              73.74999898500003,
              18.5166669286
            ],
            [
              73.75833231830003,
              18.5166669286
            ]
          ]
        ]
      }
    },
    {
      "type": "Feature",
      "id": "cell-16-3",
      "properties": {
        "population": 3691.58,
        "density": 4314.483,
        "cell_area_sqkm": 0.855625,
        "row": 16,
        "col": 3,
        "source": "WorldPop"
      },
      "geometry": {
        "type": "Polygon",
        "coordinates": [
          [
            [
              73.76666565160004,
              18.5166669286
            ],
            [
              73.76666565160004,
              18.5250002619
            ],
            [
              73.75833231830003,
              18.5250002619
            ],
            [
              73.75833231830003,
              18.5166669286
            ],
            [
              73.76666565160004,
              18.5166669286
            ]
          ]
        ]
      }
    },
    {
      "type": "Feature",
      "id": "cell-16-4",
      "properties": {
        "population": 9648.106,
        "density": 11276.092,
        "cell_area_sqkm": 0.855625,
        "row": 16,
        "col": 4,
        "source": "WorldPop"
      },
      "geometry": {
        "type": "Polygon",
        "coordinates": [
          [
            [
              73.77499898490004,
              18.5166669286
            ],
            [
              73.77499898490004,
              18.5250002619
            ],
            [
              73.76666565160004,
              18.5250002619
            ],
            [
              73.76666565160004,
              18.5166669286
            ],
            [
              73.77499898490004,
              18.5166669286
            ]
          ]
        ]
      }
    },
    {
      "type": "Feature",
      "id": "cell-16-5",
      "properties": {
        "population": 8209.084,
        "density": 9594.255,
        "cell_area_sqkm": 0.855625,
        "row": 16,
        "col": 5,
        "source": "WorldPop"
      },
      "geometry": {
        "type": "Polygon",
        "coordinates": [
          [
            [
              73.78333231820002,
              18.5166669286
            ],
            [
              73.78333231820002,
              18.5250002619
            ],
            [
              73.77499898490004,
              18.5250002619
            ],
            [
              73.77499898490004,
              18.5166669286
            ],
            [
              73.78333231820002,
              18.5166669286
            ]
          ]
        ]
      }
    },
    {
      "type": "Feature",
      "id": "cell-16-6",
      "properties": {
        "population": 552.664,
        "density": 645.918,
        "cell_area_sqkm": 0.855625,
        "row": 16,
        "col": 6,
        "source": "WorldPop"
      },
      "geometry": {
        "type": "Polygon",
        "coordinates": [
          [
            [
              73.79166565150003,
              18.5166669286
            ],
            [
              73.79166565150003,
              18.5250002619
            ],
            [
              73.78333231820002,
              18.5250002619
            ],
            [
              73.78333231820002,
              18.5166669286
            ],
            [
              73.79166565150003,
              18.5166669286
            ]
          ]
        ]
      }
    },
    {
      "type": "Feature",
      "id": "cell-16-7",
      "properties": {
        "population": 167.992,
        "density": 196.338,
        "cell_area_sqkm": 0.855625,
        "row": 16,
        "col": 7,
        "source": "WorldPop"
      },
      "geometry": {
        "type": "Polygon",
        "coordinates": [
          [
            [
              73.79999898480003,
              18.5166669286
            ],
            [
              73.79999898480003,
              18.5250002619
            ],
            [
              73.79166565150003,
              18.5250002619
            ],
            [
              73.79166565150003,
              18.5166669286
            ],
            [
              73.79999898480003,
              18.5166669286
            ]
          ]
        ]
      }
    },
    {
      "type": "Feature",
      "id": "cell-16-8",
      "properties": {
        "population": 1450.282,
        "density": 1694.997,
        "cell_area_sqkm": 0.855625,
        "row": 16,
        "col": 8,
        "source": "WorldPop"
      },
      "geometry": {
        "type": "Polygon",
        "coordinates": [
          [
            [
              73.80833231810003,
              18.5166669286
            ],
            [
              73.80833231810003,
              18.5250002619
            ],
            [
              73.79999898480003,
              18.5250002619
            ],
            [
              73.79999898480003,
              18.5166669286
            ],
            [
              73.80833231810003,
              18.5166669286
            ]
          ]
        ]
      }
    },
    {
      "type": "Feature",
      "id": "cell-16-9",
      "properties": {
        "population": 2653.324,
        "density": 3101.036,
        "cell_area_sqkm": 0.855625,
        "row": 16,
        "col": 9,
        "source": "WorldPop"
      },
      "geometry": {
        "type": "Polygon",
        "coordinates": [
          [
            [
              73.81666565140003,
              18.5166669286
            ],
            [
              73.81666565140003,
              18.5250002619
            ],
            [
              73.80833231810003,
              18.5250002619
            ],
            [
              73.80833231810003,
              18.5166669286
            ],
            [
              73.81666565140003,
              18.5166669286
            ]
          ]
        ]
      }
    },
    {
      "type": "Feature",
      "id": "cell-16-10",
      "properties": {
        "population": 1544.677,
        "density": 1805.32,
        "cell_area_sqkm": 0.855625,
        "row": 16,
        "col": 10,
        "source": "WorldPop"
      },
      "geometry": {
        "type": "Polygon",
        "coordinates": [
          [
            [
              73.82499898470003,
              18.5166669286
            ],
            [
              73.82499898470003,
              18.5250002619
            ],
            [
              73.81666565140003,
              18.5250002619
            ],
            [
              73.81666565140003,
              18.5166669286
            ],
            [
              73.82499898470003,
              18.5166669286
            ]
          ]
        ]
      }
    },
    {
      "type": "Feature",
      "id": "cell-16-11",
      "properties": {
        "population": 6513.757,
        "density": 7612.865,
        "cell_area_sqkm": 0.855625,
        "row": 16,
        "col": 11,
        "source": "WorldPop"
      },
      "geometry": {
        "type": "Polygon",
        "coordinates": [
          [
            [
              73.83333231800003,
              18.5166669286
            ],
            [
              73.83333231800003,
              18.5250002619
            ],
            [
              73.82499898470003,
              18.5250002619
            ],
            [
              73.82499898470003,
              18.5166669286
            ],
            [
              73.83333231800003,
              18.5166669286
            ]
          ]
        ]
      }
    },
    {
      "type": "Feature",
      "id": "cell-16-12",
      "properties": {
        "population": 9519.223,
        "density": 11125.461,
        "cell_area_sqkm": 0.855625,
        "row": 16,
        "col": 12,
        "source": "WorldPop"
      },
      "geometry": {
        "type": "Polygon",
        "coordinates": [
          [
            [
              73.84166565130003,
              18.5166669286
            ],
            [
              73.84166565130003,
              18.5250002619
            ],
            [
              73.83333231800003,
              18.5250002619
            ],
            [
              73.83333231800003,
              18.5166669286
            ],
            [
              73.84166565130003,
              18.5166669286
            ]
          ]
        ]
      }
    },
    {
      "type": "Feature",
      "id": "cell-16-13",
      "properties": {
        "population": 11892.878,
        "density": 13899.638,
        "cell_area_sqkm": 0.855625,
        "row": 16,
        "col": 13,
        "source": "WorldPop"
      },
      "geometry": {
        "type": "Polygon",
        "coordinates": [
          [
            [
              73.84999898460003,
              18.5166669286
            ],
            [
              73.84999898460003,
              18.5250002619
            ],
            [
              73.84166565130003,
              18.5250002619
            ],
            [
              73.84166565130003,
              18.5166669286
            ],
            [
              73.84999898460003,
              18.5166669286
            ]
          ]
        ]
      }
    },
    {
      "type": "Feature",
      "id": "cell-16-14",
      "properties": {
        "population": 11996.119,
        "density": 14020.3,
        "cell_area_sqkm": 0.855625,
        "row": 16,
        "col": 14,
        "source": "WorldPop"
      },
      "geometry": {
        "type": "Polygon",
        "coordinates": [
          [
            [
              73.85833231790004,
              18.5166669286
            ],
            [
              73.85833231790004,
              18.5250002619
            ],
            [
              73.84999898460003,
              18.5250002619
            ],
            [
              73.84999898460003,
              18.5166669286
            ],
            [
              73.85833231790004,
              18.5166669286
            ]
          ]
        ]
      }
    },
    {
      "type": "Feature",
      "id": "cell-16-15",
      "properties": {
        "population": 14623.59,
        "density": 17091.12,
        "cell_area_sqkm": 0.855625,
        "row": 16,
        "col": 15,
        "source": "WorldPop"
      },
      "geometry": {
        "type": "Polygon",
        "coordinates": [
          [
            [
              73.86666565120004,
              18.5166669286
            ],
            [
              73.86666565120004,
              18.5250002619
            ],
            [
              73.85833231790004,
              18.5250002619
            ],
            [
              73.85833231790004,
              18.5166669286
            ],
            [
              73.86666565120004,
              18.5166669286
            ]
          ]
        ]
      }
    },
    {
      "type": "Feature",
      "id": "cell-16-16",
      "properties": {
        "population": 14857.847,
        "density": 17364.905,
        "cell_area_sqkm": 0.855625,
        "row": 16,
        "col": 16,
        "source": "WorldPop"
      },
      "geometry": {
        "type": "Polygon",
        "coordinates": [
          [
            [
              73.87499898450002,
              18.5166669286
            ],
            [
              73.87499898450002,
              18.5250002619
            ],
            [
              73.86666565120004,
              18.5250002619
            ],
            [
              73.86666565120004,
              18.5166669286
            ],
            [
              73.87499898450002,
              18.5166669286
            ]
          ]
        ]
      }
    },
    {
      "type": "Feature",
      "id": "cell-16-17",
      "properties": {
        "population": 13666.503,
        "density": 15972.538,
        "cell_area_sqkm": 0.855625,
        "row": 16,
        "col": 17,
        "source": "WorldPop"
      },
      "geometry": {
        "type": "Polygon",
        "coordinates": [
          [
            [
              73.88333231780003,
              18.5166669286
            ],
            [
              73.88333231780003,
              18.5250002619
            ],
            [
              73.87499898450002,
              18.5250002619
            ],
            [
              73.87499898450002,
              18.5166669286
            ],
            [
              73.88333231780003,
              18.5166669286
            ]
          ]
        ]
      }
    },
    {
      "type": "Feature",
      "id": "cell-16-18",
      "properties": {
        "population": 8411.374,
        "density": 9830.678,
        "cell_area_sqkm": 0.855625,
        "row": 16,
        "col": 18,
        "source": "WorldPop"
      },
      "geometry": {
        "type": "Polygon",
        "coordinates": [
          [
            [
              73.89166565110003,
              18.5166669286
            ],
            [
              73.89166565110003,
              18.5250002619
            ],
            [
              73.88333231780003,
              18.5250002619
            ],
            [
              73.88333231780003,
              18.5166669286
            ],
            [
              73.89166565110003,
              18.5166669286
            ]
          ]
        ]
      }
    },
    {
      "type": "Feature",
      "id": "cell-16-19",
      "properties": {
        "population": 6175.417,
        "density": 7217.434,
        "cell_area_sqkm": 0.855625,
        "row": 16,
        "col": 19,
        "source": "WorldPop"
      },
      "geometry": {
        "type": "Polygon",
        "coordinates": [
          [
            [
              73.89999898440003,
              18.5166669286
            ],
            [
              73.89999898440003,
              18.5250002619
            ],
            [
              73.89166565110003,
              18.5250002619
            ],
            [
              73.89166565110003,
              18.5166669286
            ],
            [
              73.89999898440003,
              18.5166669286
            ]
          ]
        ]
      }
    },
    {
      "type": "Feature",
      "id": "cell-16-20",
      "properties": {
        "population": 10087.658,
        "density": 11789.812,
        "cell_area_sqkm": 0.855625,
        "row": 16,
        "col": 20,
        "source": "WorldPop"
      },
      "geometry": {
        "type": "Polygon",
        "coordinates": [
          [
            [
              73.90833231770003,
              18.5166669286
            ],
            [
              73.90833231770003,
              18.5250002619
            ],
            [
              73.89999898440003,
              18.5250002619
            ],
            [
              73.89999898440003,
              18.5166669286
            ],
            [
              73.90833231770003,
              18.5166669286
            ]
          ]
        ]
      }
    },
    {
      "type": "Feature",
      "id": "cell-16-21",
      "properties": {
        "population": 8918.324,
        "density": 10423.169,
        "cell_area_sqkm": 0.855625,
        "row": 16,
        "col": 21,
        "source": "WorldPop"
      },
      "geometry": {
        "type": "Polygon",
        "coordinates": [
          [
            [
              73.91666565100003,
              18.5166669286
            ],
            [
              73.91666565100003,
              18.5250002619
            ],
            [
              73.90833231770003,
              18.5250002619
            ],
            [
              73.90833231770003,
              18.5166669286
            ],
            [
              73.91666565100003,
              18.5166669286
            ]
          ]
        ]
      }
    },
    {
      "type": "Feature",
      "id": "cell-16-22",
      "properties": {
        "population": 6583.192,
        "density": 7694.015,
        "cell_area_sqkm": 0.855625,
        "row": 16,
        "col": 22,
        "source": "WorldPop"
      },
      "geometry": {
        "type": "Polygon",
        "coordinates": [
          [
            [
              73.92499898430003,
              18.5166669286
            ],
            [
              73.92499898430003,
              18.5250002619
            ],
            [
              73.91666565100003,
              18.5250002619
            ],
            [
              73.91666565100003,
              18.5166669286
            ],
            [
              73.92499898430003,
              18.5166669286
            ]
          ]
        ]
      }
    },
    {
      "type": "Feature",
      "id": "cell-16-23",
      "properties": {
        "population": 10451.064,
        "density": 12214.539,
        "cell_area_sqkm": 0.855625,
        "row": 16,
        "col": 23,
        "source": "WorldPop"
      },
      "geometry": {
        "type": "Polygon",
        "coordinates": [
          [
            [
              73.93333231760003,
              18.5166669286
            ],
            [
              73.93333231760003,
              18.5250002619
            ],
            [
              73.92499898430003,
              18.5250002619
            ],
            [
              73.92499898430003,
              18.5166669286
            ],
            [
              73.93333231760003,
              18.5166669286
            ]
          ]
        ]
      }
    },
    {
      "type": "Feature",
      "id": "cell-16-24",
      "properties": {
        "population": 8129.978,
        "density": 9501.8,
        "cell_area_sqkm": 0.855625,
        "row": 16,
        "col": 24,
        "source": "WorldPop"
      },
      "geometry": {
        "type": "Polygon",
        "coordinates": [
          [
            [
              73.94166565090003,
              18.5166669286
            ],
            [
              73.94166565090003,
              18.5250002619
            ],
            [
              73.93333231760003,
              18.5250002619
            ],
            [
              73.93333231760003,
              18.5166669286
            ],
            [
              73.94166565090003,
              18.5166669286
            ]
          ]
        ]
      }
    },
    {
      "type": "Feature",
      "id": "cell-16-25",
      "properties": {
        "population": 4851.725,
        "density": 5670.387,
        "cell_area_sqkm": 0.855625,
        "row": 16,
        "col": 25,
        "source": "WorldPop"
      },
      "geometry": {
        "type": "Polygon",
        "coordinates": [
          [
            [
              73.94999898420004,
              18.5166669286
            ],
            [
              73.94999898420004,
              18.5250002619
            ],
            [
              73.94166565090003,
              18.5250002619
            ],
            [
              73.94166565090003,
              18.5166669286
            ],
            [
              73.94999898420004,
              18.5166669286
            ]
          ]
        ]
      }
    },
    {
      "type": "Feature",
      "id": "cell-16-26",
      "properties": {
        "population": 2064.552,
        "density": 2412.917,
        "cell_area_sqkm": 0.855625,
        "row": 16,
        "col": 26,
        "source": "WorldPop"
      },
      "geometry": {
        "type": "Polygon",
        "coordinates": [
          [
            [
              73.95833231750004,
              18.5166669286
            ],
            [
              73.95833231750004,
              18.5250002619
            ],
            [
              73.94999898420004,
              18.5250002619
            ],
            [
              73.94999898420004,
              18.5166669286
            ],
            [
              73.95833231750004,
              18.5166669286
            ]
          ]
        ]
      }
    },
    {
      "type": "Feature",
      "id": "cell-16-27",
      "properties": {
        "population": 2673.264,
        "density": 3124.341,
        "cell_area_sqkm": 0.855625,
        "row": 16,
        "col": 27,
        "source": "WorldPop"
      },
      "geometry": {
        "type": "Polygon",
        "coordinates": [
          [
            [
              73.96666565080002,
              18.5166669286
            ],
            [
              73.96666565080002,
              18.5250002619
            ],
            [
              73.95833231750004,
              18.5250002619
            ],
            [
              73.95833231750004,
              18.5166669286
            ],
            [
              73.96666565080002,
              18.5166669286
            ]
          ]
        ]
      }
    },
    {
      "type": "Feature",
      "id": "cell-16-28",
      "properties": {
        "population": 2767.539,
        "density": 3234.523,
        "cell_area_sqkm": 0.855625,
        "row": 16,
        "col": 28,
        "source": "WorldPop"
      },
      "geometry": {
        "type": "Polygon",
        "coordinates": [
          [
            [
              73.97499898410003,
              18.5166669286
            ],
            [
              73.97499898410003,
              18.5250002619
            ],
            [
              73.96666565080002,
              18.5250002619
            ],
            [
              73.96666565080002,
              18.5166669286
            ],
            [
              73.97499898410003,
              18.5166669286
            ]
          ]
        ]
      }
    },
    {
      "type": "Feature",
      "id": "cell-16-29",
      "properties": {
        "population": 4831.384,
        "density": 5646.614,
        "cell_area_sqkm": 0.855625,
        "row": 16,
        "col": 29,
        "source": "WorldPop"
      },
      "geometry": {
        "type": "Polygon",
        "coordinates": [
          [
            [
              73.98333231740003,
              18.5166669286
            ],
            [
              73.98333231740003,
              18.5250002619
            ],
            [
              73.97499898410003,
              18.5250002619
            ],
            [
              73.97499898410003,
              18.5166669286
            ],
            [
              73.98333231740003,
              18.5166669286
            ]
          ]
        ]
      }
    },
    {
      "type": "Feature",
      "id": "cell-16-30",
      "properties": {
        "population": 3259.347,
        "density": 3809.317,
        "cell_area_sqkm": 0.855625,
        "row": 16,
        "col": 30,
        "source": "WorldPop"
      },
      "geometry": {
        "type": "Polygon",
        "coordinates": [
          [
            [
              73.99166565070003,
              18.5166669286
            ],
            [
              73.99166565070003,
              18.5250002619
            ],
            [
              73.98333231740003,
              18.5250002619
            ],
            [
              73.98333231740003,
              18.5166669286
            ],
            [
              73.99166565070003,
              18.5166669286
            ]
          ]
        ]
      }
    },
    {
      "type": "Feature",
      "id": "cell-17-0",
      "properties": {
        "population": 1281.802,
        "density": 1498.088,
        "cell_area_sqkm": 0.855625,
        "row": 17,
        "col": 0,
        "source": "WorldPop"
      },
      "geometry": {
        "type": "Polygon",
        "coordinates": [
          [
            [
              73.74166565170003,
              18.5083335953
            ],
            [
              73.74166565170003,
              18.5166669286
            ],
            [
              73.73333231840003,
              18.5166669286
            ],
            [
              73.73333231840003,
              18.5083335953
            ],
            [
              73.74166565170003,
              18.5083335953
            ]
          ]
        ]
      }
    },
    {
      "type": "Feature",
      "id": "cell-17-1",
      "properties": {
        "population": 326.169,
        "density": 381.206,
        "cell_area_sqkm": 0.855625,
        "row": 17,
        "col": 1,
        "source": "WorldPop"
      },
      "geometry": {
        "type": "Polygon",
        "coordinates": [
          [
            [
              73.74999898500003,
              18.5083335953
            ],
            [
              73.74999898500003,
              18.5166669286
            ],
            [
              73.74166565170003,
              18.5166669286
            ],
            [
              73.74166565170003,
              18.5083335953
            ],
            [
              73.74999898500003,
              18.5083335953
            ]
          ]
        ]
      }
    },
    {
      "type": "Feature",
      "id": "cell-17-2",
      "properties": {
        "population": 432.16,
        "density": 505.081,
        "cell_area_sqkm": 0.855625,
        "row": 17,
        "col": 2,
        "source": "WorldPop"
      },
      "geometry": {
        "type": "Polygon",
        "coordinates": [
          [
            [
              73.75833231830003,
              18.5083335953
            ],
            [
              73.75833231830003,
              18.5166669286
            ],
            [
              73.74999898500003,
              18.5166669286
            ],
            [
              73.74999898500003,
              18.5083335953
            ],
            [
              73.75833231830003,
              18.5083335953
            ]
          ]
        ]
      }
    },
    {
      "type": "Feature",
      "id": "cell-17-3",
      "properties": {
        "population": 3004.326,
        "density": 3511.265,
        "cell_area_sqkm": 0.855625,
        "row": 17,
        "col": 3,
        "source": "WorldPop"
      },
      "geometry": {
        "type": "Polygon",
        "coordinates": [
          [
            [
              73.76666565160004,
              18.5083335953
            ],
            [
              73.76666565160004,
              18.5166669286
            ],
            [
              73.75833231830003,
              18.5166669286
            ],
            [
              73.75833231830003,
              18.5083335953
            ],
            [
              73.76666565160004,
              18.5083335953
            ]
          ]
        ]
      }
    },
    {
      "type": "Feature",
      "id": "cell-17-4",
      "properties": {
        "population": 9034.782,
        "density": 10559.278,
        "cell_area_sqkm": 0.855625,
        "row": 17,
        "col": 4,
        "source": "WorldPop"
      },
      "geometry": {
        "type": "Polygon",
        "coordinates": [
          [
            [
              73.77499898490004,
              18.5083335953
            ],
            [
              73.77499898490004,
              18.5166669286
            ],
            [
              73.76666565160004,
              18.5166669286
            ],
            [
              73.76666565160004,
              18.5083335953
            ],
            [
              73.77499898490004,
              18.5083335953
            ]
          ]
        ]
      }
    },
    {
      "type": "Feature",
      "id": "cell-17-5",
      "properties": {
        "population": 9818.999,
        "density": 11475.821,
        "cell_area_sqkm": 0.855625,
        "row": 17,
        "col": 5,
        "source": "WorldPop"
      },
      "geometry": {
        "type": "Polygon",
        "coordinates": [
          [
            [
              73.78333231820002,
              18.5083335953
            ],
            [
              73.78333231820002,
              18.5166669286
            ],
            [
              73.77499898490004,
              18.5166669286
            ],
            [
              73.77499898490004,
              18.5083335953
            ],
            [
              73.78333231820002,
              18.5083335953
            ]
          ]
        ]
      }
    },
    {
      "type": "Feature",
      "id": "cell-17-6",
      "properties": {
        "population": 4794.956,
        "density": 5604.039,
        "cell_area_sqkm": 0.855625,
        "row": 17,
        "col": 6,
        "source": "WorldPop"
      },
      "geometry": {
        "type": "Polygon",
        "coordinates": [
          [
            [
              73.79166565150003,
              18.5083335953
            ],
            [
              73.79166565150003,
              18.5166669286
            ],
            [
              73.78333231820002,
              18.5166669286
            ],
            [
              73.78333231820002,
              18.5083335953
            ],
            [
              73.79166565150003,
              18.5083335953
            ]
          ]
        ]
      }
    },
    {
      "type": "Feature",
      "id": "cell-17-7",
      "properties": {
        "population": 3916.046,
        "density": 4576.825,
        "cell_area_sqkm": 0.855625,
        "row": 17,
        "col": 7,
        "source": "WorldPop"
      },
      "geometry": {
        "type": "Polygon",
        "coordinates": [
          [
            [
              73.79999898480003,
              18.5083335953
            ],
            [
              73.79999898480003,
              18.5166669286
            ],
            [
              73.79166565150003,
              18.5166669286
            ],
            [
              73.79166565150003,
              18.5083335953
            ],
            [
              73.79999898480003,
              18.5083335953
            ]
          ]
        ]
      }
    },
    {
      "type": "Feature",
      "id": "cell-17-8",
      "properties": {
        "population": 6822.06,
        "density": 7973.189,
        "cell_area_sqkm": 0.855625,
        "row": 17,
        "col": 8,
        "source": "WorldPop"
      },
      "geometry": {
        "type": "Polygon",
        "coordinates": [
          [
            [
              73.80833231810003,
              18.5083335953
            ],
            [
              73.80833231810003,
              18.5166669286
            ],
            [
              73.79999898480003,
              18.5166669286
            ],
            [
              73.79999898480003,
              18.5083335953
            ],
            [
              73.80833231810003,
              18.5083335953
            ]
          ]
        ]
      }
    },
    {
      "type": "Feature",
      "id": "cell-17-9",
      "properties": {
        "population": 8299.227,
        "density": 9699.607,
        "cell_area_sqkm": 0.855625,
        "row": 17,
        "col": 9,
        "source": "WorldPop"
      },
      "geometry": {
        "type": "Polygon",
        "coordinates": [
          [
            [
              73.81666565140003,
              18.5083335953
            ],
            [
              73.81666565140003,
              18.5166669286
            ],
            [
              73.80833231810003,
              18.5166669286
            ],
            [
              73.80833231810003,
              18.5083335953
            ],
            [
              73.81666565140003,
              18.5083335953
            ]
          ]
        ]
      }
    },
    {
      "type": "Feature",
      "id": "cell-17-10",
      "properties": {
        "population": 8584.414,
        "density": 10032.916,
        "cell_area_sqkm": 0.855625,
        "row": 17,
        "col": 10,
        "source": "WorldPop"
      },
      "geometry": {
        "type": "Polygon",
        "coordinates": [
          [
            [
              73.82499898470003,
              18.5083335953
            ],
            [
              73.82499898470003,
              18.5166669286
            ],
            [
              73.81666565140003,
              18.5166669286
            ],
            [
              73.81666565140003,
              18.5083335953
            ],
            [
              73.82499898470003,
              18.5083335953
            ]
          ]
        ]
      }
    },
    {
      "type": "Feature",
      "id": "cell-17-11",
      "properties": {
        "population": 10973.27,
        "density": 12824.859,
        "cell_area_sqkm": 0.855625,
        "row": 17,
        "col": 11,
        "source": "WorldPop"
      },
      "geometry": {
        "type": "Polygon",
        "coordinates": [
          [
            [
              73.83333231800003,
              18.5083335953
            ],
            [
              73.83333231800003,
              18.5166669286
            ],
            [
              73.82499898470003,
              18.5166669286
            ],
            [
              73.82499898470003,
              18.5083335953
            ],
            [
              73.83333231800003,
              18.5083335953
            ]
          ]
        ]
      }
    },
    {
      "type": "Feature",
      "id": "cell-17-12",
      "properties": {
        "population": 11437.027,
        "density": 13366.869,
        "cell_area_sqkm": 0.855625,
        "row": 17,
        "col": 12,
        "source": "WorldPop"
      },
      "geometry": {
        "type": "Polygon",
        "coordinates": [
          [
            [
              73.84166565130003,
              18.5083335953
            ],
            [
              73.84166565130003,
              18.5166669286
            ],
            [
              73.83333231800003,
              18.5166669286
            ],
            [
              73.83333231800003,
              18.5083335953
            ],
            [
              73.84166565130003,
              18.5083335953
            ]
          ]
        ]
      }
    },
    {
      "type": "Feature",
      "id": "cell-17-13",
      "properties": {
        "population": 12731.689,
        "density": 14879.988,
        "cell_area_sqkm": 0.855625,
        "row": 17,
        "col": 13,
        "source": "WorldPop"
      },
      "geometry": {
        "type": "Polygon",
        "coordinates": [
          [
            [
              73.84999898460003,
              18.5083335953
            ],
            [
              73.84999898460003,
              18.5166669286
            ],
            [
              73.84166565130003,
              18.5166669286
            ],
            [
              73.84166565130003,
              18.5083335953
            ],
            [
              73.84999898460003,
              18.5083335953
            ]
          ]
        ]
      }
    },
    {
      "type": "Feature",
      "id": "cell-17-14",
      "properties": {
        "population": 14420.354,
        "density": 16853.592,
        "cell_area_sqkm": 0.855625,
        "row": 17,
        "col": 14,
        "source": "WorldPop"
      },
      "geometry": {
        "type": "Polygon",
        "coordinates": [
          [
            [
              73.85833231790004,
              18.5083335953
            ],
            [
              73.85833231790004,
              18.5166669286
            ],
            [
              73.84999898460003,
              18.5166669286
            ],
            [
              73.84999898460003,
              18.5083335953
            ],
            [
              73.85833231790004,
              18.5083335953
            ]
          ]
        ]
      }
    },
    {
      "type": "Feature",
      "id": "cell-17-15",
      "properties": {
        "population": 13130.532,
        "density": 15346.13,
        "cell_area_sqkm": 0.855625,
        "row": 17,
        "col": 15,
        "source": "WorldPop"
      },
      "geometry": {
        "type": "Polygon",
        "coordinates": [
          [
            [
              73.86666565120004,
              18.5083335953
            ],
            [
              73.86666565120004,
              18.5166669286
            ],
            [
              73.85833231790004,
              18.5166669286
            ],
            [
              73.85833231790004,
              18.5083335953
            ],
            [
              73.86666565120004,
              18.5083335953
            ]
          ]
        ]
      }
    },
    {
      "type": "Feature",
      "id": "cell-17-16",
      "properties": {
        "population": 13442.188,
        "density": 15710.373,
        "cell_area_sqkm": 0.855625,
        "row": 17,
        "col": 16,
        "source": "WorldPop"
      },
      "geometry": {
        "type": "Polygon",
        "coordinates": [
          [
            [
              73.87499898450002,
              18.5083335953
            ],
            [
              73.87499898450002,
              18.5166669286
            ],
            [
              73.86666565120004,
              18.5166669286
            ],
            [
              73.86666565120004,
              18.5083335953
            ],
            [
              73.87499898450002,
              18.5083335953
            ]
          ]
        ]
      }
    },
    {
      "type": "Feature",
      "id": "cell-17-17",
      "properties": {
        "population": 12508.827,
        "density": 14619.521,
        "cell_area_sqkm": 0.855625,
        "row": 17,
        "col": 17,
        "source": "WorldPop"
      },
      "geometry": {
        "type": "Polygon",
        "coordinates": [
          [
            [
              73.88333231780003,
              18.5083335953
            ],
            [
              73.88333231780003,
              18.5166669286
            ],
            [
              73.87499898450002,
              18.5166669286
            ],
            [
              73.87499898450002,
              18.5083335953
            ],
            [
              73.88333231780003,
              18.5083335953
            ]
          ]
        ]
      }
    },
    {
      "type": "Feature",
      "id": "cell-17-18",
      "properties": {
        "population": 7803.482,
        "density": 9120.213,
        "cell_area_sqkm": 0.855625,
        "row": 17,
        "col": 18,
        "source": "WorldPop"
      },
      "geometry": {
        "type": "Polygon",
        "coordinates": [
          [
            [
              73.89166565110003,
              18.5083335953
            ],
            [
              73.89166565110003,
              18.5166669286
            ],
            [
              73.88333231780003,
              18.5166669286
            ],
            [
              73.88333231780003,
              18.5083335953
            ],
            [
              73.89166565110003,
              18.5083335953
            ]
          ]
        ]
      }
    },
    {
      "type": "Feature",
      "id": "cell-17-19",
      "properties": {
        "population": 2818.99,
        "density": 3294.655,
        "cell_area_sqkm": 0.855625,
        "row": 17,
        "col": 19,
        "source": "WorldPop"
      },
      "geometry": {
        "type": "Polygon",
        "coordinates": [
          [
            [
              73.89999898440003,
              18.5083335953
            ],
            [
              73.89999898440003,
              18.5166669286
            ],
            [
              73.89166565110003,
              18.5166669286
            ],
            [
              73.89166565110003,
              18.5083335953
            ],
            [
              73.89999898440003,
              18.5083335953
            ]
          ]
        ]
      }
    },
    {
      "type": "Feature",
      "id": "cell-17-20",
      "properties": {
        "population": 8370.271,
        "density": 9782.639,
        "cell_area_sqkm": 0.855625,
        "row": 17,
        "col": 20,
        "source": "WorldPop"
      },
      "geometry": {
        "type": "Polygon",
        "coordinates": [
          [
            [
              73.90833231770003,
              18.5083335953
            ],
            [
              73.90833231770003,
              18.5166669286
            ],
            [
              73.89999898440003,
              18.5166669286
            ],
            [
              73.89999898440003,
              18.5083335953
            ],
            [
              73.90833231770003,
              18.5083335953
            ]
          ]
        ]
      }
    },
    {
      "type": "Feature",
      "id": "cell-17-21",
      "properties": {
        "population": 7053.821,
        "density": 8244.057,
        "cell_area_sqkm": 0.855625,
        "row": 17,
        "col": 21,
        "source": "WorldPop"
      },
      "geometry": {
        "type": "Polygon",
        "coordinates": [
          [
            [
              73.91666565100003,
              18.5083335953
            ],
            [
              73.91666565100003,
              18.5166669286
            ],
            [
              73.90833231770003,
              18.5166669286
            ],
            [
              73.90833231770003,
              18.5083335953
            ],
            [
              73.91666565100003,
              18.5083335953
            ]
          ]
        ]
      }
    },
    {
      "type": "Feature",
      "id": "cell-17-22",
      "properties": {
        "population": 9150.083,
        "density": 10694.034,
        "cell_area_sqkm": 0.855625,
        "row": 17,
        "col": 22,
        "source": "WorldPop"
      },
      "geometry": {
        "type": "Polygon",
        "coordinates": [
          [
            [
              73.92499898430003,
              18.5083335953
            ],
            [
              73.92499898430003,
              18.5166669286
            ],
            [
              73.91666565100003,
              18.5166669286
            ],
            [
              73.91666565100003,
              18.5083335953
            ],
            [
              73.92499898430003,
              18.5083335953
            ]
          ]
        ]
      }
    },
    {
      "type": "Feature",
      "id": "cell-17-23",
      "properties": {
        "population": 12455.982,
        "density": 14557.759,
        "cell_area_sqkm": 0.855625,
        "row": 17,
        "col": 23,
        "source": "WorldPop"
      },
      "geometry": {
        "type": "Polygon",
        "coordinates": [
          [
            [
              73.93333231760003,
              18.5083335953
            ],
            [
              73.93333231760003,
              18.5166669286
            ],
            [
              73.92499898430003,
              18.5166669286
            ],
            [
              73.92499898430003,
              18.5083335953
            ],
            [
              73.93333231760003,
              18.5083335953
            ]
          ]
        ]
      }
    },
    {
      "type": "Feature",
      "id": "cell-17-24",
      "properties": {
        "population": 11244.947,
        "density": 13142.378,
        "cell_area_sqkm": 0.855625,
        "row": 17,
        "col": 24,
        "source": "WorldPop"
      },
      "geometry": {
        "type": "Polygon",
        "coordinates": [
          [
            [
              73.94166565090003,
              18.5083335953
            ],
            [
              73.94166565090003,
              18.5166669286
            ],
            [
              73.93333231760003,
              18.5166669286
            ],
            [
              73.93333231760003,
              18.5083335953
            ],
            [
              73.94166565090003,
              18.5083335953
            ]
          ]
        ]
      }
    },
    {
      "type": "Feature",
      "id": "cell-17-25",
      "properties": {
        "population": 8863.646,
        "density": 10359.264,
        "cell_area_sqkm": 0.855625,
        "row": 17,
        "col": 25,
        "source": "WorldPop"
      },
      "geometry": {
        "type": "Polygon",
        "coordinates": [
          [
            [
              73.94999898420004,
              18.5083335953
            ],
            [
              73.94999898420004,
              18.5166669286
            ],
            [
              73.94166565090003,
              18.5166669286
            ],
            [
              73.94166565090003,
              18.5083335953
            ],
            [
              73.94999898420004,
              18.5083335953
            ]
          ]
        ]
      }
    },
    {
      "type": "Feature",
      "id": "cell-17-26",
      "properties": {
        "population": 3530.024,
        "density": 4125.667,
        "cell_area_sqkm": 0.855625,
        "row": 17,
        "col": 26,
        "source": "WorldPop"
      },
      "geometry": {
        "type": "Polygon",
        "coordinates": [
          [
            [
              73.95833231750004,
              18.5083335953
            ],
            [
              73.95833231750004,
              18.5166669286
            ],
            [
              73.94999898420004,
              18.5166669286
            ],
            [
              73.94999898420004,
              18.5083335953
            ],
            [
              73.95833231750004,
              18.5083335953
            ]
          ]
        ]
      }
    },
    {
      "type": "Feature",
      "id": "cell-17-27",
      "properties": {
        "population": 5750.198,
        "density": 6720.465,
        "cell_area_sqkm": 0.855625,
        "row": 17,
        "col": 27,
        "source": "WorldPop"
      },
      "geometry": {
        "type": "Polygon",
        "coordinates": [
          [
            [
              73.96666565080002,
              18.5083335953
            ],
            [
              73.96666565080002,
              18.5166669286
            ],
            [
              73.95833231750004,
              18.5166669286
            ],
            [
              73.95833231750004,
              18.5083335953
            ],
            [
              73.96666565080002,
              18.5083335953
            ]
          ]
        ]
      }
    },
    {
      "type": "Feature",
      "id": "cell-17-28",
      "properties": {
        "population": 3409.263,
        "density": 3984.53,
        "cell_area_sqkm": 0.855625,
        "row": 17,
        "col": 28,
        "source": "WorldPop"
      },
      "geometry": {
        "type": "Polygon",
        "coordinates": [
          [
            [
              73.97499898410003,
              18.5083335953
            ],
            [
              73.97499898410003,
              18.5166669286
            ],
            [
              73.96666565080002,
              18.5166669286
            ],
            [
              73.96666565080002,
              18.5083335953
            ],
            [
              73.97499898410003,
              18.5083335953
            ]
          ]
        ]
      }
    },
    {
      "type": "Feature",
      "id": "cell-17-29",
      "properties": {
        "population": 1359.714,
        "density": 1589.147,
        "cell_area_sqkm": 0.855625,
        "row": 17,
        "col": 29,
        "source": "WorldPop"
      },
      "geometry": {
        "type": "Polygon",
        "coordinates": [
          [
            [
              73.98333231740003,
              18.5083335953
            ],
            [
              73.98333231740003,
              18.5166669286
            ],
            [
              73.97499898410003,
              18.5166669286
            ],
            [
              73.97499898410003,
              18.5083335953
            ],
            [
              73.98333231740003,
              18.5083335953
            ]
          ]
        ]
      }
    },
    {
      "type": "Feature",
      "id": "cell-17-30",
      "properties": {
        "population": 619.588,
        "density": 724.135,
        "cell_area_sqkm": 0.855625,
        "row": 17,
        "col": 30,
        "source": "WorldPop"
      },
      "geometry": {
        "type": "Polygon",
        "coordinates": [
          [
            [
              73.99166565070003,
              18.5083335953
            ],
            [
              73.99166565070003,
              18.5166669286
            ],
            [
              73.98333231740003,
              18.5166669286
            ],
            [
              73.98333231740003,
              18.5083335953
            ],
            [
              73.99166565070003,
              18.5083335953
            ]
          ]
        ]
      }
    },
    {
      "type": "Feature",
      "id": "cell-18-0",
      "properties": {
        "population": 3906.554,
        "density": 4565.732,
        "cell_area_sqkm": 0.855625,
        "row": 18,
        "col": 0,
        "source": "WorldPop"
      },
      "geometry": {
        "type": "Polygon",
        "coordinates": [
          [
            [
              73.74166565170003,
              18.500000262
            ],
            [
              73.74166565170003,
              18.5083335953
            ],
            [
              73.73333231840003,
              18.5083335953
            ],
            [
              73.73333231840003,
              18.500000262
            ],
            [
              73.74166565170003,
              18.500000262
            ]
          ]
        ]
      }
    },
    {
      "type": "Feature",
      "id": "cell-18-1",
      "properties": {
        "population": 4102.083,
        "density": 4794.253,
        "cell_area_sqkm": 0.855625,
        "row": 18,
        "col": 1,
        "source": "WorldPop"
      },
      "geometry": {
        "type": "Polygon",
        "coordinates": [
          [
            [
              73.74999898500003,
              18.500000262
            ],
            [
              73.74999898500003,
              18.5083335953
            ],
            [
              73.74166565170003,
              18.5083335953
            ],
            [
              73.74166565170003,
              18.500000262
            ],
            [
              73.74999898500003,
              18.500000262
            ]
          ]
        ]
      }
    },
    {
      "type": "Feature",
      "id": "cell-18-2",
      "properties": {
        "population": 2749.155,
        "density": 3213.037,
        "cell_area_sqkm": 0.855625,
        "row": 18,
        "col": 2,
        "source": "WorldPop"
      },
      "geometry": {
        "type": "Polygon",
        "coordinates": [
          [
            [
              73.75833231830003,
              18.500000262
            ],
            [
              73.75833231830003,
              18.5083335953
            ],
            [
              73.74999898500003,
              18.5083335953
            ],
            [
              73.74999898500003,
              18.500000262
            ],
            [
              73.75833231830003,
              18.500000262
            ]
          ]
        ]
      }
    },
    {
      "type": "Feature",
      "id": "cell-18-3",
      "properties": {
        "population": 4333.426,
        "density": 5064.632,
        "cell_area_sqkm": 0.855625,
        "row": 18,
        "col": 3,
        "source": "WorldPop"
      },
      "geometry": {
        "type": "Polygon",
        "coordinates": [
          [
            [
              73.76666565160004,
              18.500000262
            ],
            [
              73.76666565160004,
              18.5083335953
            ],
            [
              73.75833231830003,
              18.5083335953
            ],
            [
              73.75833231830003,
              18.500000262
            ],
            [
              73.76666565160004,
              18.500000262
            ]
          ]
        ]
      }
    },
    {
      "type": "Feature",
      "id": "cell-18-4",
      "properties": {
        "population": 4438.666,
        "density": 5187.63,
        "cell_area_sqkm": 0.855625,
        "row": 18,
        "col": 4,
        "source": "WorldPop"
      },
      "geometry": {
        "type": "Polygon",
        "coordinates": [
          [
            [
              73.77499898490004,
              18.500000262
            ],
            [
              73.77499898490004,
              18.5083335953
            ],
            [
              73.76666565160004,
              18.5083335953
            ],
            [
              73.76666565160004,
              18.500000262
            ],
            [
              73.77499898490004,
              18.500000262
            ]
          ]
        ]
      }
    },
    {
      "type": "Feature",
      "id": "cell-18-5",
      "properties": {
        "population": 1634.301,
        "density": 1910.066,
        "cell_area_sqkm": 0.855625,
        "row": 18,
        "col": 5,
        "source": "WorldPop"
      },
      "geometry": {
        "type": "Polygon",
        "coordinates": [
          [
            [
              73.78333231820002,
              18.500000262
            ],
            [
              73.78333231820002,
              18.5083335953
            ],
            [
              73.77499898490004,
              18.5083335953
            ],
            [
              73.77499898490004,
              18.500000262
            ],
            [
              73.78333231820002,
              18.500000262
            ]
          ]
        ]
      }
    },
    {
      "type": "Feature",
      "id": "cell-18-6",
      "properties": {
        "population": 3868.714,
        "density": 4521.506,
        "cell_area_sqkm": 0.855625,
        "row": 18,
        "col": 6,
        "source": "WorldPop"
      },
      "geometry": {
        "type": "Polygon",
        "coordinates": [
          [
            [
              73.79166565150003,
              18.500000262
            ],
            [
              73.79166565150003,
              18.5083335953
            ],
            [
              73.78333231820002,
              18.5083335953
            ],
            [
              73.78333231820002,
              18.500000262
            ],
            [
              73.79166565150003,
              18.500000262
            ]
          ]
        ]
      }
    },
    {
      "type": "Feature",
      "id": "cell-18-7",
      "properties": {
        "population": 10283.276,
        "density": 12018.439,
        "cell_area_sqkm": 0.855625,
        "row": 18,
        "col": 7,
        "source": "WorldPop"
      },
      "geometry": {
        "type": "Polygon",
        "coordinates": [
          [
            [
              73.79999898480003,
              18.500000262
            ],
            [
              73.79999898480003,
              18.5083335953
            ],
            [
              73.79166565150003,
              18.5083335953
            ],
            [
              73.79166565150003,
              18.500000262
            ],
            [
              73.79999898480003,
              18.500000262
            ]
          ]
        ]
      }
    },
    {
      "type": "Feature",
      "id": "cell-18-8",
      "properties": {
        "population": 11759.678,
        "density": 13743.962,
        "cell_area_sqkm": 0.855625,
        "row": 18,
        "col": 8,
        "source": "WorldPop"
      },
      "geometry": {
        "type": "Polygon",
        "coordinates": [
          [
            [
              73.80833231810003,
              18.500000262
            ],
            [
              73.80833231810003,
              18.5083335953
            ],
            [
              73.79999898480003,
              18.5083335953
            ],
            [
              73.79999898480003,
              18.500000262
            ],
            [
              73.80833231810003,
              18.500000262
            ]
          ]
        ]
      }
    },
    {
      "type": "Feature",
      "id": "cell-18-9",
      "properties": {
        "population": 12995.831,
        "density": 15188.7,
        "cell_area_sqkm": 0.855625,
        "row": 18,
        "col": 9,
        "source": "WorldPop"
      },
      "geometry": {
        "type": "Polygon",
        "coordinates": [
          [
            [
              73.81666565140003,
              18.500000262
            ],
            [
              73.81666565140003,
              18.5083335953
            ],
            [
              73.80833231810003,
              18.5083335953
            ],
            [
              73.80833231810003,
              18.500000262
            ],
            [
              73.81666565140003,
              18.500000262
            ]
          ]
        ]
      }
    },
    {
      "type": "Feature",
      "id": "cell-18-10",
      "properties": {
        "population": 11980.176,
        "density": 14001.666,
        "cell_area_sqkm": 0.855625,
        "row": 18,
        "col": 10,
        "source": "WorldPop"
      },
      "geometry": {
        "type": "Polygon",
        "coordinates": [
          [
            [
              73.82499898470003,
              18.500000262
            ],
            [
              73.82499898470003,
              18.5083335953
            ],
            [
              73.81666565140003,
              18.5083335953
            ],
            [
              73.81666565140003,
              18.500000262
            ],
            [
              73.82499898470003,
              18.500000262
            ]
          ]
        ]
      }
    },
    {
      "type": "Feature",
      "id": "cell-18-11",
      "properties": {
        "population": 12417.835,
        "density": 14513.175,
        "cell_area_sqkm": 0.855625,
        "row": 18,
        "col": 11,
        "source": "WorldPop"
      },
      "geometry": {
        "type": "Polygon",
        "coordinates": [
          [
            [
              73.83333231800003,
              18.500000262
            ],
            [
              73.83333231800003,
              18.5083335953
            ],
            [
              73.82499898470003,
              18.5083335953
            ],
            [
              73.82499898470003,
              18.500000262
            ],
            [
              73.83333231800003,
              18.500000262
            ]
          ]
        ]
      }
    },
    {
      "type": "Feature",
      "id": "cell-18-12",
      "properties": {
        "population": 11897.854,
        "density": 13905.455,
        "cell_area_sqkm": 0.855625,
        "row": 18,
        "col": 12,
        "source": "WorldPop"
      },
      "geometry": {
        "type": "Polygon",
        "coordinates": [
          [
            [
              73.84166565130003,
              18.500000262
            ],
            [
              73.84166565130003,
              18.5083335953
            ],
            [
              73.83333231800003,
              18.5083335953
            ],
            [
              73.83333231800003,
              18.500000262
            ],
            [
              73.84166565130003,
              18.500000262
            ]
          ]
        ]
      }
    },
    {
      "type": "Feature",
      "id": "cell-18-13",
      "properties": {
        "population": 13368.002,
        "density": 15623.669,
        "cell_area_sqkm": 0.855625,
        "row": 18,
        "col": 13,
        "source": "WorldPop"
      },
      "geometry": {
        "type": "Polygon",
        "coordinates": [
          [
            [
              73.84999898460003,
              18.500000262
            ],
            [
              73.84999898460003,
              18.5083335953
            ],
            [
              73.84166565130003,
              18.5083335953
            ],
            [
              73.84166565130003,
              18.500000262
            ],
            [
              73.84999898460003,
              18.500000262
            ]
          ]
        ]
      }
    },
    {
      "type": "Feature",
      "id": "cell-18-14",
      "properties": {
        "population": 13528.709,
        "density": 15811.493,
        "cell_area_sqkm": 0.855625,
        "row": 18,
        "col": 14,
        "source": "WorldPop"
      },
      "geometry": {
        "type": "Polygon",
        "coordinates": [
          [
            [
              73.85833231790004,
              18.500000262
            ],
            [
              73.85833231790004,
              18.5083335953
            ],
            [
              73.84999898460003,
              18.5083335953
            ],
            [
              73.84999898460003,
              18.500000262
            ],
            [
              73.85833231790004,
              18.500000262
            ]
          ]
        ]
      }
    },
    {
      "type": "Feature",
      "id": "cell-18-15",
      "properties": {
        "population": 13013.288,
        "density": 15209.102,
        "cell_area_sqkm": 0.855625,
        "row": 18,
        "col": 15,
        "source": "WorldPop"
      },
      "geometry": {
        "type": "Polygon",
        "coordinates": [
          [
            [
              73.86666565120004,
              18.500000262
            ],
            [
              73.86666565120004,
              18.5083335953
            ],
            [
              73.85833231790004,
              18.5083335953
            ],
            [
              73.85833231790004,
              18.500000262
            ],
            [
              73.86666565120004,
              18.500000262
            ]
          ]
        ]
      }
    },
    {
      "type": "Feature",
      "id": "cell-18-16",
      "properties": {
        "population": 13068.604,
        "density": 15273.753,
        "cell_area_sqkm": 0.855625,
        "row": 18,
        "col": 16,
        "source": "WorldPop"
      },
      "geometry": {
        "type": "Polygon",
        "coordinates": [
          [
            [
              73.87499898450002,
              18.500000262
            ],
            [
              73.87499898450002,
              18.5083335953
            ],
            [
              73.86666565120004,
              18.5083335953
            ],
            [
              73.86666565120004,
              18.500000262
            ],
            [
              73.87499898450002,
              18.500000262
            ]
          ]
        ]
      }
    },
    {
      "type": "Feature",
      "id": "cell-18-17",
      "properties": {
        "population": 11873.747,
        "density": 13877.279,
        "cell_area_sqkm": 0.855625,
        "row": 18,
        "col": 17,
        "source": "WorldPop"
      },
      "geometry": {
        "type": "Polygon",
        "coordinates": [
          [
            [
              73.88333231780003,
              18.500000262
            ],
            [
              73.88333231780003,
              18.5083335953
            ],
            [
              73.87499898450002,
              18.5083335953
            ],
            [
              73.87499898450002,
              18.500000262
            ],
            [
              73.88333231780003,
              18.500000262
            ]
          ]
        ]
      }
    },
    {
      "type": "Feature",
      "id": "cell-18-18",
      "properties": {
        "population": 7673.406,
        "density": 8968.188,
        "cell_area_sqkm": 0.855625,
        "row": 18,
        "col": 18,
        "source": "WorldPop"
      },
      "geometry": {
        "type": "Polygon",
        "coordinates": [
          [
            [
              73.89166565110003,
              18.500000262
            ],
            [
              73.89166565110003,
              18.5083335953
            ],
            [
              73.88333231780003,
              18.5083335953
            ],
            [
              73.88333231780003,
              18.500000262
            ],
            [
              73.89166565110003,
              18.500000262
            ]
          ]
        ]
      }
    },
    {
      "type": "Feature",
      "id": "cell-18-19",
      "properties": {
        "population": 6745.082,
        "density": 7883.222,
        "cell_area_sqkm": 0.855625,
        "row": 18,
        "col": 19,
        "source": "WorldPop"
      },
      "geometry": {
        "type": "Polygon",
        "coordinates": [
          [
            [
              73.89999898440003,
              18.500000262
            ],
            [
              73.89999898440003,
              18.5083335953
            ],
            [
              73.89166565110003,
              18.5083335953
            ],
            [
              73.89166565110003,
              18.500000262
            ],
            [
              73.89999898440003,
              18.500000262
            ]
          ]
        ]
      }
    },
    {
      "type": "Feature",
      "id": "cell-18-20",
      "properties": {
        "population": 8003.618,
        "density": 9354.119,
        "cell_area_sqkm": 0.855625,
        "row": 18,
        "col": 20,
        "source": "WorldPop"
      },
      "geometry": {
        "type": "Polygon",
        "coordinates": [
          [
            [
              73.90833231770003,
              18.500000262
            ],
            [
              73.90833231770003,
              18.5083335953
            ],
            [
              73.89999898440003,
              18.5083335953
            ],
            [
              73.89999898440003,
              18.500000262
            ],
            [
              73.90833231770003,
              18.500000262
            ]
          ]
        ]
      }
    },
    {
      "type": "Feature",
      "id": "cell-18-21",
      "properties": {
        "population": 8313.207,
        "density": 9715.947,
        "cell_area_sqkm": 0.855625,
        "row": 18,
        "col": 21,
        "source": "WorldPop"
      },
      "geometry": {
        "type": "Polygon",
        "coordinates": [
          [
            [
              73.91666565100003,
              18.500000262
            ],
            [
              73.91666565100003,
              18.5083335953
            ],
            [
              73.90833231770003,
              18.5083335953
            ],
            [
              73.90833231770003,
              18.500000262
            ],
            [
              73.91666565100003,
              18.500000262
            ]
          ]
        ]
      }
    },
    {
      "type": "Feature",
      "id": "cell-18-22",
      "properties": {
        "population": 10081.43,
        "density": 11782.533,
        "cell_area_sqkm": 0.855625,
        "row": 18,
        "col": 22,
        "source": "WorldPop"
      },
      "geometry": {
        "type": "Polygon",
        "coordinates": [
          [
            [
              73.92499898430003,
              18.500000262
            ],
            [
              73.92499898430003,
              18.5083335953
            ],
            [
              73.91666565100003,
              18.5083335953
            ],
            [
              73.91666565100003,
              18.500000262
            ],
            [
              73.92499898430003,
              18.500000262
            ]
          ]
        ]
      }
    },
    {
      "type": "Feature",
      "id": "cell-18-23",
      "properties": {
        "population": 12678.832,
        "density": 14818.211,
        "cell_area_sqkm": 0.855625,
        "row": 18,
        "col": 23,
        "source": "WorldPop"
      },
      "geometry": {
        "type": "Polygon",
        "coordinates": [
          [
            [
              73.93333231760003,
              18.500000262
            ],
            [
              73.93333231760003,
              18.5083335953
            ],
            [
              73.92499898430003,
              18.5083335953
            ],
            [
              73.92499898430003,
              18.500000262
            ],
            [
              73.93333231760003,
              18.500000262
            ]
          ]
        ]
      }
    },
    {
      "type": "Feature",
      "id": "cell-18-24",
      "properties": {
        "population": 12256.205,
        "density": 14324.272,
        "cell_area_sqkm": 0.855625,
        "row": 18,
        "col": 24,
        "source": "WorldPop"
      },
      "geometry": {
        "type": "Polygon",
        "coordinates": [
          [
            [
              73.94166565090003,
              18.500000262
            ],
            [
              73.94166565090003,
              18.5083335953
            ],
            [
              73.93333231760003,
              18.5083335953
            ],
            [
              73.93333231760003,
              18.500000262
            ],
            [
              73.94166565090003,
              18.500000262
            ]
          ]
        ]
      }
    },
    {
      "type": "Feature",
      "id": "cell-18-25",
      "properties": {
        "population": 8223.605,
        "density": 9611.226,
        "cell_area_sqkm": 0.855625,
        "row": 18,
        "col": 25,
        "source": "WorldPop"
      },
      "geometry": {
        "type": "Polygon",
        "coordinates": [
          [
            [
              73.94999898420004,
              18.500000262
            ],
            [
              73.94999898420004,
              18.5083335953
            ],
            [
              73.94166565090003,
              18.5083335953
            ],
            [
              73.94166565090003,
              18.500000262
            ],
            [
              73.94999898420004,
              18.500000262
            ]
          ]
        ]
      }
    },
    {
      "type": "Feature",
      "id": "cell-18-26",
      "properties": {
        "population": 9726.154,
        "density": 11367.31,
        "cell_area_sqkm": 0.855625,
        "row": 18,
        "col": 26,
        "source": "WorldPop"
      },
      "geometry": {
        "type": "Polygon",
        "coordinates": [
          [
            [
              73.95833231750004,
              18.500000262
            ],
            [
              73.95833231750004,
              18.5083335953
            ],
            [
              73.94999898420004,
              18.5083335953
            ],
            [
              73.94999898420004,
              18.500000262
            ],
            [
              73.95833231750004,
              18.500000262
            ]
          ]
        ]
      }
    },
    {
      "type": "Feature",
      "id": "cell-18-27",
      "properties": {
        "population": 5732.196,
        "density": 6699.426,
        "cell_area_sqkm": 0.855625,
        "row": 18,
        "col": 27,
        "source": "WorldPop"
      },
      "geometry": {
        "type": "Polygon",
        "coordinates": [
          [
            [
              73.96666565080002,
              18.500000262
            ],
            [
              73.96666565080002,
              18.5083335953
            ],
            [
              73.95833231750004,
              18.5083335953
            ],
            [
              73.95833231750004,
              18.500000262
            ],
            [
              73.96666565080002,
              18.500000262
            ]
          ]
        ]
      }
    },
    {
      "type": "Feature",
      "id": "cell-18-28",
      "properties": {
        "population": 2012.275,
        "density": 2351.818,
        "cell_area_sqkm": 0.855625,
        "row": 18,
        "col": 28,
        "source": "WorldPop"
      },
      "geometry": {
        "type": "Polygon",
        "coordinates": [
          [
            [
              73.97499898410003,
              18.500000262
            ],
            [
              73.97499898410003,
              18.5083335953
            ],
            [
              73.96666565080002,
              18.5083335953
            ],
            [
              73.96666565080002,
              18.500000262
            ],
            [
              73.97499898410003,
              18.500000262
            ]
          ]
        ]
      }
    },
    {
      "type": "Feature",
      "id": "cell-18-29",
      "properties": {
        "population": 1024.799,
        "density": 1197.72,
        "cell_area_sqkm": 0.855625,
        "row": 18,
        "col": 29,
        "source": "WorldPop"
      },
      "geometry": {
        "type": "Polygon",
        "coordinates": [
          [
            [
              73.98333231740003,
              18.500000262
            ],
            [
              73.98333231740003,
              18.5083335953
            ],
            [
              73.97499898410003,
              18.5083335953
            ],
            [
              73.97499898410003,
              18.500000262
            ],
            [
              73.98333231740003,
              18.500000262
            ]
          ]
        ]
      }
    },
    {
      "type": "Feature",
      "id": "cell-18-30",
      "properties": {
        "population": 688.709,
        "density": 804.92,
        "cell_area_sqkm": 0.855625,
        "row": 18,
        "col": 30,
        "source": "WorldPop"
      },
      "geometry": {
        "type": "Polygon",
        "coordinates": [
          [
            [
              73.99166565070003,
              18.500000262
            ],
            [
              73.99166565070003,
              18.5083335953
            ],
            [
              73.98333231740003,
              18.5083335953
            ],
            [
              73.98333231740003,
              18.500000262
            ],
            [
              73.99166565070003,
              18.500000262
            ]
          ]
        ]
      }
    },
    {
      "type": "Feature",
      "id": "cell-19-0",
      "properties": {
        "population": 2063.673,
        "density": 2411.889,
        "cell_area_sqkm": 0.855625,
        "row": 19,
        "col": 0,
        "source": "WorldPop"
      },
      "geometry": {
        "type": "Polygon",
        "coordinates": [
          [
            [
              73.74166565170003,
              18.4916669287
            ],
            [
              73.74166565170003,
              18.500000262
            ],
            [
              73.73333231840003,
              18.500000262
            ],
            [
              73.73333231840003,
              18.4916669287
            ],
            [
              73.74166565170003,
              18.4916669287
            ]
          ]
        ]
      }
    },
    {
      "type": "Feature",
      "id": "cell-19-1",
      "properties": {
        "population": 2410.304,
        "density": 2817.01,
        "cell_area_sqkm": 0.855625,
        "row": 19,
        "col": 1,
        "source": "WorldPop"
      },
      "geometry": {
        "type": "Polygon",
        "coordinates": [
          [
            [
              73.74999898500003,
              18.4916669287
            ],
            [
              73.74999898500003,
              18.500000262
            ],
            [
              73.74166565170003,
              18.500000262
            ],
            [
              73.74166565170003,
              18.4916669287
            ],
            [
              73.74999898500003,
              18.4916669287
            ]
          ]
        ]
      }
    },
    {
      "type": "Feature",
      "id": "cell-19-2",
      "properties": {
        "population": 3219.532,
        "density": 3762.785,
        "cell_area_sqkm": 0.855625,
        "row": 19,
        "col": 2,
        "source": "WorldPop"
      },
      "geometry": {
        "type": "Polygon",
        "coordinates": [
          [
            [
              73.75833231830003,
              18.4916669287
            ],
            [
              73.75833231830003,
              18.500000262
            ],
            [
              73.74999898500003,
              18.500000262
            ],
            [
              73.74999898500003,
              18.4916669287
            ],
            [
              73.75833231830003,
              18.4916669287
            ]
          ]
        ]
      }
    },
    {
      "type": "Feature",
      "id": "cell-19-3",
      "properties": {
        "population": 1224.884,
        "density": 1431.566,
        "cell_area_sqkm": 0.855625,
        "row": 19,
        "col": 3,
        "source": "WorldPop"
      },
      "geometry": {
        "type": "Polygon",
        "coordinates": [
          [
            [
              73.76666565160004,
              18.4916669287
            ],
            [
              73.76666565160004,
              18.500000262
            ],
            [
              73.75833231830003,
              18.500000262
            ],
            [
              73.75833231830003,
              18.4916669287
            ],
            [
              73.76666565160004,
              18.4916669287
            ]
          ]
        ]
      }
    },
    {
      "type": "Feature",
      "id": "cell-19-4",
      "properties": {
        "population": 604.093,
        "density": 706.025,
        "cell_area_sqkm": 0.855625,
        "row": 19,
        "col": 4,
        "source": "WorldPop"
      },
      "geometry": {
        "type": "Polygon",
        "coordinates": [
          [
            [
              73.77499898490004,
              18.4916669287
            ],
            [
              73.77499898490004,
              18.500000262
            ],
            [
              73.76666565160004,
              18.500000262
            ],
            [
              73.76666565160004,
              18.4916669287
            ],
            [
              73.77499898490004,
              18.4916669287
            ]
          ]
        ]
      }
    },
    {
      "type": "Feature",
      "id": "cell-19-5",
      "properties": {
        "population": 943.518,
        "density": 1102.724,
        "cell_area_sqkm": 0.855625,
        "row": 19,
        "col": 5,
        "source": "WorldPop"
      },
      "geometry": {
        "type": "Polygon",
        "coordinates": [
          [
            [
              73.78333231820002,
              18.4916669287
            ],
            [
              73.78333231820002,
              18.500000262
            ],
            [
              73.77499898490004,
              18.500000262
            ],
            [
              73.77499898490004,
              18.4916669287
            ],
            [
              73.78333231820002,
              18.4916669287
            ]
          ]
        ]
      }
    },
    {
      "type": "Feature",
      "id": "cell-19-6",
      "properties": {
        "population": 2822.037,
        "density": 3298.217,
        "cell_area_sqkm": 0.855625,
        "row": 19,
        "col": 6,
        "source": "WorldPop"
      },
      "geometry": {
        "type": "Polygon",
        "coordinates": [
          [
            [
              73.79166565150003,
              18.4916669287
            ],
            [
              73.79166565150003,
              18.500000262
            ],
            [
              73.78333231820002,
              18.500000262
            ],
            [
              73.78333231820002,
              18.4916669287
            ],
            [
              73.79166565150003,
              18.4916669287
            ]
          ]
        ]
      }
    },
    {
      "type": "Feature",
      "id": "cell-19-7",
      "properties": {
        "population": 5704.042,
        "density": 6666.522,
        "cell_area_sqkm": 0.855625,
        "row": 19,
        "col": 7,
        "source": "WorldPop"
      },
      "geometry": {
        "type": "Polygon",
        "coordinates": [
          [
            [
              73.79999898480003,
              18.4916669287
            ],
            [
              73.79999898480003,
              18.500000262
            ],
            [
              73.79166565150003,
              18.500000262
            ],
            [
              73.79166565150003,
              18.4916669287
            ],
            [
              73.79999898480003,
              18.4916669287
            ]
          ]
        ]
      }
    },
    {
      "type": "Feature",
      "id": "cell-19-8",
      "properties": {
        "population": 6591.087,
        "density": 7703.243,
        "cell_area_sqkm": 0.855625,
        "row": 19,
        "col": 8,
        "source": "WorldPop"
      },
      "geometry": {
        "type": "Polygon",
        "coordinates": [
          [
            [
              73.80833231810003,
              18.4916669287
            ],
            [
              73.80833231810003,
              18.500000262
            ],
            [
              73.79999898480003,
              18.500000262
            ],
            [
              73.79999898480003,
              18.4916669287
            ],
            [
              73.80833231810003,
              18.4916669287
            ]
          ]
        ]
      }
    },
    {
      "type": "Feature",
      "id": "cell-19-9",
      "properties": {
        "population": 11737.395,
        "density": 13717.919,
        "cell_area_sqkm": 0.855625,
        "row": 19,
        "col": 9,
        "source": "WorldPop"
      },
      "geometry": {
        "type": "Polygon",
        "coordinates": [
          [
            [
              73.81666565140003,
              18.4916669287
            ],
            [
              73.81666565140003,
              18.500000262
            ],
            [
              73.80833231810003,
              18.500000262
            ],
            [
              73.80833231810003,
              18.4916669287
            ],
            [
              73.81666565140003,
              18.4916669287
            ]
          ]
        ]
      }
    },
    {
      "type": "Feature",
      "id": "cell-19-10",
      "properties": {
        "population": 13228.145,
        "density": 15460.213,
        "cell_area_sqkm": 0.855625,
        "row": 19,
        "col": 10,
        "source": "WorldPop"
      },
      "geometry": {
        "type": "Polygon",
        "coordinates": [
          [
            [
              73.82499898470003,
              18.4916669287
            ],
            [
              73.82499898470003,
              18.500000262
            ],
            [
              73.81666565140003,
              18.500000262
            ],
            [
              73.81666565140003,
              18.4916669287
            ],
            [
              73.82499898470003,
              18.4916669287
            ]
          ]
        ]
      }
    },
    {
      "type": "Feature",
      "id": "cell-19-11",
      "properties": {
        "population": 11793.79,
        "density": 13783.831,
        "cell_area_sqkm": 0.855625,
        "row": 19,
        "col": 11,
        "source": "WorldPop"
      },
      "geometry": {
        "type": "Polygon",
        "coordinates": [
          [
            [
              73.83333231800003,
              18.4916669287
            ],
            [
              73.83333231800003,
              18.500000262
            ],
            [
              73.82499898470003,
              18.500000262
            ],
            [
              73.82499898470003,
              18.4916669287
            ],
            [
              73.83333231800003,
              18.4916669287
            ]
          ]
        ]
      }
    },
    {
      "type": "Feature",
      "id": "cell-19-12",
      "properties": {
        "population": 10339.773,
        "density": 12084.469,
        "cell_area_sqkm": 0.855625,
        "row": 19,
        "col": 12,
        "source": "WorldPop"
      },
      "geometry": {
        "type": "Polygon",
        "coordinates": [
          [
            [
              73.84166565130003,
              18.4916669287
            ],
            [
              73.84166565130003,
              18.500000262
            ],
            [
              73.83333231800003,
              18.500000262
            ],
            [
              73.83333231800003,
              18.4916669287
            ],
            [
              73.84166565130003,
              18.4916669287
            ]
          ]
        ]
      }
    },
    {
      "type": "Feature",
      "id": "cell-19-13",
      "properties": {
        "population": 9213.065,
        "density": 10767.644,
        "cell_area_sqkm": 0.855625,
        "row": 19,
        "col": 13,
        "source": "WorldPop"
      },
      "geometry": {
        "type": "Polygon",
        "coordinates": [
          [
            [
              73.84999898460003,
              18.4916669287
            ],
            [
              73.84999898460003,
              18.500000262
            ],
            [
              73.84166565130003,
              18.500000262
            ],
            [
              73.84166565130003,
              18.4916669287
            ],
            [
              73.84999898460003,
              18.4916669287
            ]
          ]
        ]
      }
    },
    {
      "type": "Feature",
      "id": "cell-19-14",
      "properties": {
        "population": 12715.089,
        "density": 14860.586,
        "cell_area_sqkm": 0.855625,
        "row": 19,
        "col": 14,
        "source": "WorldPop"
      },
      "geometry": {
        "type": "Polygon",
        "coordinates": [
          [
            [
              73.85833231790004,
              18.4916669287
            ],
            [
              73.85833231790004,
              18.500000262
            ],
            [
              73.84999898460003,
              18.500000262
            ],
            [
              73.84999898460003,
              18.4916669287
            ],
            [
              73.85833231790004,
              18.4916669287
            ]
          ]
        ]
      }
    },
    {
      "type": "Feature",
      "id": "cell-19-15",
      "properties": {
        "population": 13230.88,
        "density": 15463.41,
        "cell_area_sqkm": 0.855625,
        "row": 19,
        "col": 15,
        "source": "WorldPop"
      },
      "geometry": {
        "type": "Polygon",
        "coordinates": [
          [
            [
              73.86666565120004,
              18.4916669287
            ],
            [
              73.86666565120004,
              18.500000262
            ],
            [
              73.85833231790004,
              18.500000262
            ],
            [
              73.85833231790004,
              18.4916669287
            ],
            [
              73.86666565120004,
              18.4916669287
            ]
          ]
        ]
      }
    },
    {
      "type": "Feature",
      "id": "cell-19-16",
      "properties": {
        "population": 11401.74,
        "density": 13325.628,
        "cell_area_sqkm": 0.855625,
        "row": 19,
        "col": 16,
        "source": "WorldPop"
      },
      "geometry": {
        "type": "Polygon",
        "coordinates": [
          [
            [
              73.87499898450002,
              18.4916669287
            ],
            [
              73.87499898450002,
              18.500000262
            ],
            [
              73.86666565120004,
              18.500000262
            ],
            [
              73.86666565120004,
              18.4916669287
            ],
            [
              73.87499898450002,
              18.4916669287
            ]
          ]
        ]
      }
    },
    {
      "type": "Feature",
      "id": "cell-19-17",
      "properties": {
        "population": 7026.653,
        "density": 8212.304,
        "cell_area_sqkm": 0.855625,
        "row": 19,
        "col": 17,
        "source": "WorldPop"
      },
      "geometry": {
        "type": "Polygon",
        "coordinates": [
          [
            [
              73.88333231780003,
              18.4916669287
            ],
            [
              73.88333231780003,
              18.500000262
            ],
            [
              73.87499898450002,
              18.500000262
            ],
            [
              73.87499898450002,
              18.4916669287
            ],
            [
              73.88333231780003,
              18.4916669287
            ]
          ]
        ]
      }
    },
    {
      "type": "Feature",
      "id": "cell-19-18",
      "properties": {
        "population": 6727.346,
        "density": 7862.494,
        "cell_area_sqkm": 0.855625,
        "row": 19,
        "col": 18,
        "source": "WorldPop"
      },
      "geometry": {
        "type": "Polygon",
        "coordinates": [
          [
            [
              73.89166565110003,
              18.4916669287
            ],
            [
              73.89166565110003,
              18.500000262
            ],
            [
              73.88333231780003,
              18.500000262
            ],
            [
              73.88333231780003,
              18.4916669287
            ],
            [
              73.89166565110003,
              18.4916669287
            ]
          ]
        ]
      }
    },
    {
      "type": "Feature",
      "id": "cell-19-19",
      "properties": {
        "population": 8888.592,
        "density": 10388.42,
        "cell_area_sqkm": 0.855625,
        "row": 19,
        "col": 19,
        "source": "WorldPop"
      },
      "geometry": {
        "type": "Polygon",
        "coordinates": [
          [
            [
              73.89999898440003,
              18.4916669287
            ],
            [
              73.89999898440003,
              18.500000262
            ],
            [
              73.89166565110003,
              18.500000262
            ],
            [
              73.89166565110003,
              18.4916669287
            ],
            [
              73.89999898440003,
              18.4916669287
            ]
          ]
        ]
      }
    },
    {
      "type": "Feature",
      "id": "cell-19-20",
      "properties": {
        "population": 6871.766,
        "density": 8031.283,
        "cell_area_sqkm": 0.855625,
        "row": 19,
        "col": 20,
        "source": "WorldPop"
      },
      "geometry": {
        "type": "Polygon",
        "coordinates": [
          [
            [
              73.90833231770003,
              18.4916669287
            ],
            [
              73.90833231770003,
              18.500000262
            ],
            [
              73.89999898440003,
              18.500000262
            ],
            [
              73.89999898440003,
              18.4916669287
            ],
            [
              73.90833231770003,
              18.4916669287
            ]
          ]
        ]
      }
    },
    {
      "type": "Feature",
      "id": "cell-19-21",
      "properties": {
        "population": 3096.279,
        "density": 3618.733,
        "cell_area_sqkm": 0.855625,
        "row": 19,
        "col": 21,
        "source": "WorldPop"
      },
      "geometry": {
        "type": "Polygon",
        "coordinates": [
          [
            [
              73.91666565100003,
              18.4916669287
            ],
            [
              73.91666565100003,
              18.500000262
            ],
            [
              73.90833231770003,
              18.500000262
            ],
            [
              73.90833231770003,
              18.4916669287
            ],
            [
              73.91666565100003,
              18.4916669287
            ]
          ]
        ]
      }
    },
    {
      "type": "Feature",
      "id": "cell-19-22",
      "properties": {
        "population": 5664.844,
        "density": 6620.709,
        "cell_area_sqkm": 0.855625,
        "row": 19,
        "col": 22,
        "source": "WorldPop"
      },
      "geometry": {
        "type": "Polygon",
        "coordinates": [
          [
            [
              73.92499898430003,
              18.4916669287
            ],
            [
              73.92499898430003,
              18.500000262
            ],
            [
              73.91666565100003,
              18.500000262
            ],
            [
              73.91666565100003,
              18.4916669287
            ],
            [
              73.92499898430003,
              18.4916669287
            ]
          ]
        ]
      }
    },
    {
      "type": "Feature",
      "id": "cell-19-23",
      "properties": {
        "population": 10788.246,
        "density": 12608.615,
        "cell_area_sqkm": 0.855625,
        "row": 19,
        "col": 23,
        "source": "WorldPop"
      },
      "geometry": {
        "type": "Polygon",
        "coordinates": [
          [
            [
              73.93333231760003,
              18.4916669287
            ],
            [
              73.93333231760003,
              18.500000262
            ],
            [
              73.92499898430003,
              18.500000262
            ],
            [
              73.92499898430003,
              18.4916669287
            ],
            [
              73.93333231760003,
              18.4916669287
            ]
          ]
        ]
      }
    },
    {
      "type": "Feature",
      "id": "cell-19-24",
      "properties": {
        "population": 6997.614,
        "density": 8178.366,
        "cell_area_sqkm": 0.855625,
        "row": 19,
        "col": 24,
        "source": "WorldPop"
      },
      "geometry": {
        "type": "Polygon",
        "coordinates": [
          [
            [
              73.94166565090003,
              18.4916669287
            ],
            [
              73.94166565090003,
              18.500000262
            ],
            [
              73.93333231760003,
              18.500000262
            ],
            [
              73.93333231760003,
              18.4916669287
            ],
            [
              73.94166565090003,
              18.4916669287
            ]
          ]
        ]
      }
    },
    {
      "type": "Feature",
      "id": "cell-19-25",
      "properties": {
        "population": 7759.778,
        "density": 9069.135,
        "cell_area_sqkm": 0.855625,
        "row": 19,
        "col": 25,
        "source": "WorldPop"
      },
      "geometry": {
        "type": "Polygon",
        "coordinates": [
          [
            [
              73.94999898420004,
              18.4916669287
            ],
            [
              73.94999898420004,
              18.500000262
            ],
            [
              73.94166565090003,
              18.500000262
            ],
            [
              73.94166565090003,
              18.4916669287
            ],
            [
              73.94999898420004,
              18.4916669287
            ]
          ]
        ]
      }
    },
    {
      "type": "Feature",
      "id": "cell-19-26",
      "properties": {
        "population": 9483.884,
        "density": 11084.159,
        "cell_area_sqkm": 0.855625,
        "row": 19,
        "col": 26,
        "source": "WorldPop"
      },
      "geometry": {
        "type": "Polygon",
        "coordinates": [
          [
            [
              73.95833231750004,
              18.4916669287
            ],
            [
              73.95833231750004,
              18.500000262
            ],
            [
              73.94999898420004,
              18.500000262
            ],
            [
              73.94999898420004,
              18.4916669287
            ],
            [
              73.95833231750004,
              18.4916669287
            ]
          ]
        ]
      }
    },
    {
      "type": "Feature",
      "id": "cell-19-27",
      "properties": {
        "population": 6200.229,
        "density": 7246.433,
        "cell_area_sqkm": 0.855625,
        "row": 19,
        "col": 27,
        "source": "WorldPop"
      },
      "geometry": {
        "type": "Polygon",
        "coordinates": [
          [
            [
              73.96666565080002,
              18.4916669287
            ],
            [
              73.96666565080002,
              18.500000262
            ],
            [
              73.95833231750004,
              18.500000262
            ],
            [
              73.95833231750004,
              18.4916669287
            ],
            [
              73.96666565080002,
              18.4916669287
            ]
          ]
        ]
      }
    },
    {
      "type": "Feature",
      "id": "cell-19-28",
      "properties": {
        "population": 5606.359,
        "density": 6552.356,
        "cell_area_sqkm": 0.855625,
        "row": 19,
        "col": 28,
        "source": "WorldPop"
      },
      "geometry": {
        "type": "Polygon",
        "coordinates": [
          [
            [
              73.97499898410003,
              18.4916669287
            ],
            [
              73.97499898410003,
              18.500000262
            ],
            [
              73.96666565080002,
              18.500000262
            ],
            [
              73.96666565080002,
              18.4916669287
            ],
            [
              73.97499898410003,
              18.4916669287
            ]
          ]
        ]
      }
    },
    {
      "type": "Feature",
      "id": "cell-19-29",
      "properties": {
        "population": 3163.638,
        "density": 3697.459,
        "cell_area_sqkm": 0.855625,
        "row": 19,
        "col": 29,
        "source": "WorldPop"
      },
      "geometry": {
        "type": "Polygon",
        "coordinates": [
          [
            [
              73.98333231740003,
              18.4916669287
            ],
            [
              73.98333231740003,
              18.500000262
            ],
            [
              73.97499898410003,
              18.500000262
            ],
            [
              73.97499898410003,
              18.4916669287
            ],
            [
              73.98333231740003,
              18.4916669287
            ]
          ]
        ]
      }
    },
    {
      "type": "Feature",
      "id": "cell-19-30",
      "properties": {
        "population": 1491.267,
        "density": 1742.898,
        "cell_area_sqkm": 0.855625,
        "row": 19,
        "col": 30,
        "source": "WorldPop"
      },
      "geometry": {
        "type": "Polygon",
        "coordinates": [
          [
            [
              73.99166565070003,
              18.4916669287
            ],
            [
              73.99166565070003,
              18.500000262
            ],
            [
              73.98333231740003,
              18.500000262
            ],
            [
              73.98333231740003,
              18.4916669287
            ],
            [
              73.99166565070003,
              18.4916669287
            ]
          ]
        ]
      }
    },
    {
      "type": "Feature",
      "id": "cell-20-0",
      "properties": {
        "population": 433.91,
        "density": 507.126,
        "cell_area_sqkm": 0.855625,
        "row": 20,
        "col": 0,
        "source": "WorldPop"
      },
      "geometry": {
        "type": "Polygon",
        "coordinates": [
          [
            [
              73.74166565170003,
              18.4833335954
            ],
            [
              73.74166565170003,
              18.4916669287
            ],
            [
              73.73333231840003,
              18.4916669287
            ],
            [
              73.73333231840003,
              18.4833335954
            ],
            [
              73.74166565170003,
              18.4833335954
            ]
          ]
        ]
      }
    },
    {
      "type": "Feature",
      "id": "cell-20-1",
      "properties": {
        "population": 1438.986,
        "density": 1681.796,
        "cell_area_sqkm": 0.855625,
        "row": 20,
        "col": 1,
        "source": "WorldPop"
      },
      "geometry": {
        "type": "Polygon",
        "coordinates": [
          [
            [
              73.74999898500003,
              18.4833335954
            ],
            [
              73.74999898500003,
              18.4916669287
            ],
            [
              73.74166565170003,
              18.4916669287
            ],
            [
              73.74166565170003,
              18.4833335954
            ],
            [
              73.74999898500003,
              18.4833335954
            ]
          ]
        ]
      }
    },
    {
      "type": "Feature",
      "id": "cell-20-2",
      "properties": {
        "population": 670.543,
        "density": 783.688,
        "cell_area_sqkm": 0.855625,
        "row": 20,
        "col": 2,
        "source": "WorldPop"
      },
      "geometry": {
        "type": "Polygon",
        "coordinates": [
          [
            [
              73.75833231830003,
              18.4833335954
            ],
            [
              73.75833231830003,
              18.4916669287
            ],
            [
              73.74999898500003,
              18.4916669287
            ],
            [
              73.74999898500003,
              18.4833335954
            ],
            [
              73.75833231830003,
              18.4833335954
            ]
          ]
        ]
      }
    },
    {
      "type": "Feature",
      "id": "cell-20-3",
      "properties": {
        "population": 821.19,
        "density": 959.754,
        "cell_area_sqkm": 0.855625,
        "row": 20,
        "col": 3,
        "source": "WorldPop"
      },
      "geometry": {
        "type": "Polygon",
        "coordinates": [
          [
            [
              73.76666565160004,
              18.4833335954
            ],
            [
              73.76666565160004,
              18.4916669287
            ],
            [
              73.75833231830003,
              18.4916669287
            ],
            [
              73.75833231830003,
              18.4833335954
            ],
            [
              73.76666565160004,
              18.4833335954
            ]
          ]
        ]
      }
    },
    {
      "type": "Feature",
      "id": "cell-20-4",
      "properties": {
        "population": 105.347,
        "density": 123.123,
        "cell_area_sqkm": 0.855625,
        "row": 20,
        "col": 4,
        "source": "WorldPop"
      },
      "geometry": {
        "type": "Polygon",
        "coordinates": [
          [
            [
              73.77499898490004,
              18.4833335954
            ],
            [
              73.77499898490004,
              18.4916669287
            ],
            [
              73.76666565160004,
              18.4916669287
            ],
            [
              73.76666565160004,
              18.4833335954
            ],
            [
              73.77499898490004,
              18.4833335954
            ]
          ]
        ]
      }
    },
    {
      "type": "Feature",
      "id": "cell-20-5",
      "properties": {
        "population": 1281.734,
        "density": 1498.01,
        "cell_area_sqkm": 0.855625,
        "row": 20,
        "col": 5,
        "source": "WorldPop"
      },
      "geometry": {
        "type": "Polygon",
        "coordinates": [
          [
            [
              73.78333231820002,
              18.4833335954
            ],
            [
              73.78333231820002,
              18.4916669287
            ],
            [
              73.77499898490004,
              18.4916669287
            ],
            [
              73.77499898490004,
              18.4833335954
            ],
            [
              73.78333231820002,
              18.4833335954
            ]
          ]
        ]
      }
    },
    {
      "type": "Feature",
      "id": "cell-20-6",
      "properties": {
        "population": 5421.215,
        "density": 6335.971,
        "cell_area_sqkm": 0.855625,
        "row": 20,
        "col": 6,
        "source": "WorldPop"
      },
      "geometry": {
        "type": "Polygon",
        "coordinates": [
          [
            [
              73.79166565150003,
              18.4833335954
            ],
            [
              73.79166565150003,
              18.4916669287
            ],
            [
              73.78333231820002,
              18.4916669287
            ],
            [
              73.78333231820002,
              18.4833335954
            ],
            [
              73.79166565150003,
              18.4833335954
            ]
          ]
        ]
      }
    },
    {
      "type": "Feature",
      "id": "cell-20-7",
      "properties": {
        "population": 8246.847,
        "density": 9638.389,
        "cell_area_sqkm": 0.855625,
        "row": 20,
        "col": 7,
        "source": "WorldPop"
      },
      "geometry": {
        "type": "Polygon",
        "coordinates": [
          [
            [
              73.79999898480003,
              18.4833335954
            ],
            [
              73.79999898480003,
              18.4916669287
            ],
            [
              73.79166565150003,
              18.4916669287
            ],
            [
              73.79166565150003,
              18.4833335954
            ],
            [
              73.79999898480003,
              18.4833335954
            ]
          ]
        ]
      }
    },
    {
      "type": "Feature",
      "id": "cell-20-8",
      "properties": {
        "population": 8017.922,
        "density": 9370.836,
        "cell_area_sqkm": 0.855625,
        "row": 20,
        "col": 8,
        "source": "WorldPop"
      },
      "geometry": {
        "type": "Polygon",
        "coordinates": [
          [
            [
              73.80833231810003,
              18.4833335954
            ],
            [
              73.80833231810003,
              18.4916669287
            ],
            [
              73.79999898480003,
              18.4916669287
            ],
            [
              73.79999898480003,
              18.4833335954
            ],
            [
              73.80833231810003,
              18.4833335954
            ]
          ]
        ]
      }
    },
    {
      "type": "Feature",
      "id": "cell-20-9",
      "properties": {
        "population": 11339.839,
        "density": 13253.281,
        "cell_area_sqkm": 0.855625,
        "row": 20,
        "col": 9,
        "source": "WorldPop"
      },
      "geometry": {
        "type": "Polygon",
        "coordinates": [
          [
            [
              73.81666565140003,
              18.4833335954
            ],
            [
              73.81666565140003,
              18.4916669287
            ],
            [
              73.80833231810003,
              18.4916669287
            ],
            [
              73.80833231810003,
              18.4833335954
            ],
            [
              73.81666565140003,
              18.4833335954
            ]
          ]
        ]
      }
    },
    {
      "type": "Feature",
      "id": "cell-20-10",
      "properties": {
        "population": 12171.16,
        "density": 14224.877,
        "cell_area_sqkm": 0.855625,
        "row": 20,
        "col": 10,
        "source": "WorldPop"
      },
      "geometry": {
        "type": "Polygon",
        "coordinates": [
          [
            [
              73.82499898470003,
              18.4833335954
            ],
            [
              73.82499898470003,
              18.4916669287
            ],
            [
              73.81666565140003,
              18.4916669287
            ],
            [
              73.81666565140003,
              18.4833335954
            ],
            [
              73.82499898470003,
              18.4833335954
            ]
          ]
        ]
      }
    },
    {
      "type": "Feature",
      "id": "cell-20-11",
      "properties": {
        "population": 6545.462,
        "density": 7649.92,
        "cell_area_sqkm": 0.855625,
        "row": 20,
        "col": 11,
        "source": "WorldPop"
      },
      "geometry": {
        "type": "Polygon",
        "coordinates": [
          [
            [
              73.83333231800003,
              18.4833335954
            ],
            [
              73.83333231800003,
              18.4916669287
            ],
            [
              73.82499898470003,
              18.4916669287
            ],
            [
              73.82499898470003,
              18.4833335954
            ],
            [
              73.83333231800003,
              18.4833335954
            ]
          ]
        ]
      }
    },
    {
      "type": "Feature",
      "id": "cell-20-12",
      "properties": {
        "population": 3663.961,
        "density": 4282.205,
        "cell_area_sqkm": 0.855625,
        "row": 20,
        "col": 12,
        "source": "WorldPop"
      },
      "geometry": {
        "type": "Polygon",
        "coordinates": [
          [
            [
              73.84166565130003,
              18.4833335954
            ],
            [
              73.84166565130003,
              18.4916669287
            ],
            [
              73.83333231800003,
              18.4916669287
            ],
            [
              73.83333231800003,
              18.4833335954
            ],
            [
              73.84166565130003,
              18.4833335954
            ]
          ]
        ]
      }
    },
    {
      "type": "Feature",
      "id": "cell-20-13",
      "properties": {
        "population": 7180.059,
        "density": 8391.595,
        "cell_area_sqkm": 0.855625,
        "row": 20,
        "col": 13,
        "source": "WorldPop"
      },
      "geometry": {
        "type": "Polygon",
        "coordinates": [
          [
            [
              73.84999898460003,
              18.4833335954
            ],
            [
              73.84999898460003,
              18.4916669287
            ],
            [
              73.84166565130003,
              18.4916669287
            ],
            [
              73.84166565130003,
              18.4833335954
            ],
            [
              73.84999898460003,
              18.4833335954
            ]
          ]
        ]
      }
    },
    {
      "type": "Feature",
      "id": "cell-20-14",
      "properties": {
        "population": 11645.612,
        "density": 13610.65,
        "cell_area_sqkm": 0.855625,
        "row": 20,
        "col": 14,
        "source": "WorldPop"
      },
      "geometry": {
        "type": "Polygon",
        "coordinates": [
          [
            [
              73.85833231790004,
              18.4833335954
            ],
            [
              73.85833231790004,
              18.4916669287
            ],
            [
              73.84999898460003,
              18.4916669287
            ],
            [
              73.84999898460003,
              18.4833335954
            ],
            [
              73.85833231790004,
              18.4833335954
            ]
          ]
        ]
      }
    },
    {
      "type": "Feature",
      "id": "cell-20-15",
      "properties": {
        "population": 10260.688,
        "density": 11992.039,
        "cell_area_sqkm": 0.855625,
        "row": 20,
        "col": 15,
        "source": "WorldPop"
      },
      "geometry": {
        "type": "Polygon",
        "coordinates": [
          [
            [
              73.86666565120004,
              18.4833335954
            ],
            [
              73.86666565120004,
              18.4916669287
            ],
            [
              73.85833231790004,
              18.4916669287
            ],
            [
              73.85833231790004,
              18.4833335954
            ],
            [
              73.86666565120004,
              18.4833335954
            ]
          ]
        ]
      }
    },
    {
      "type": "Feature",
      "id": "cell-20-16",
      "properties": {
        "population": 8537.606,
        "density": 9978.211,
        "cell_area_sqkm": 0.855625,
        "row": 20,
        "col": 16,
        "source": "WorldPop"
      },
      "geometry": {
        "type": "Polygon",
        "coordinates": [
          [
            [
              73.87499898450002,
              18.4833335954
            ],
            [
              73.87499898450002,
              18.4916669287
            ],
            [
              73.86666565120004,
              18.4916669287
            ],
            [
              73.86666565120004,
              18.4833335954
            ],
            [
              73.87499898450002,
              18.4833335954
            ]
          ]
        ]
      }
    },
    {
      "type": "Feature",
      "id": "cell-20-17",
      "properties": {
        "population": 5740.078,
        "density": 6708.638,
        "cell_area_sqkm": 0.855625,
        "row": 20,
        "col": 17,
        "source": "WorldPop"
      },
      "geometry": {
        "type": "Polygon",
        "coordinates": [
          [
            [
              73.88333231780003,
              18.4833335954
            ],
            [
              73.88333231780003,
              18.4916669287
            ],
            [
              73.87499898450002,
              18.4916669287
            ],
            [
              73.87499898450002,
              18.4833335954
            ],
            [
              73.88333231780003,
              18.4833335954
            ]
          ]
        ]
      }
    },
    {
      "type": "Feature",
      "id": "cell-20-18",
      "properties": {
        "population": 7675.136,
        "density": 8970.21,
        "cell_area_sqkm": 0.855625,
        "row": 20,
        "col": 18,
        "source": "WorldPop"
      },
      "geometry": {
        "type": "Polygon",
        "coordinates": [
          [
            [
              73.89166565110003,
              18.4833335954
            ],
            [
              73.89166565110003,
              18.4916669287
            ],
            [
              73.88333231780003,
              18.4916669287
            ],
            [
              73.88333231780003,
              18.4833335954
            ],
            [
              73.89166565110003,
              18.4833335954
            ]
          ]
        ]
      }
    },
    {
      "type": "Feature",
      "id": "cell-20-19",
      "properties": {
        "population": 10572.985,
        "density": 12357.032,
        "cell_area_sqkm": 0.855625,
        "row": 20,
        "col": 19,
        "source": "WorldPop"
      },
      "geometry": {
        "type": "Polygon",
        "coordinates": [
          [
            [
              73.89999898440003,
              18.4833335954
            ],
            [
              73.89999898440003,
              18.4916669287
            ],
            [
              73.89166565110003,
              18.4916669287
            ],
            [
              73.89166565110003,
              18.4833335954
            ],
            [
              73.89999898440003,
              18.4833335954
            ]
          ]
        ]
      }
    },
    {
      "type": "Feature",
      "id": "cell-20-20",
      "properties": {
        "population": 7271.834,
        "density": 8498.857,
        "cell_area_sqkm": 0.855625,
        "row": 20,
        "col": 20,
        "source": "WorldPop"
      },
      "geometry": {
        "type": "Polygon",
        "coordinates": [
          [
            [
              73.90833231770003,
              18.4833335954
            ],
            [
              73.90833231770003,
              18.4916669287
            ],
            [
              73.89999898440003,
              18.4916669287
            ],
            [
              73.89999898440003,
              18.4833335954
            ],
            [
              73.90833231770003,
              18.4833335954
            ]
          ]
        ]
      }
    },
    {
      "type": "Feature",
      "id": "cell-20-21",
      "properties": {
        "population": 1005.667,
        "density": 1175.36,
        "cell_area_sqkm": 0.855625,
        "row": 20,
        "col": 21,
        "source": "WorldPop"
      },
      "geometry": {
        "type": "Polygon",
        "coordinates": [
          [
            [
              73.91666565100003,
              18.4833335954
            ],
            [
              73.91666565100003,
              18.4916669287
            ],
            [
              73.90833231770003,
              18.4916669287
            ],
            [
              73.90833231770003,
              18.4833335954
            ],
            [
              73.91666565100003,
              18.4833335954
            ]
          ]
        ]
      }
    },
    {
      "type": "Feature",
      "id": "cell-20-22",
      "properties": {
        "population": 1991.843,
        "density": 2327.939,
        "cell_area_sqkm": 0.855625,
        "row": 20,
        "col": 22,
        "source": "WorldPop"
      },
      "geometry": {
        "type": "Polygon",
        "coordinates": [
          [
            [
              73.92499898430003,
              18.4833335954
            ],
            [
              73.92499898430003,
              18.4916669287
            ],
            [
              73.91666565100003,
              18.4916669287
            ],
            [
              73.91666565100003,
              18.4833335954
            ],
            [
              73.92499898430003,
              18.4833335954
            ]
          ]
        ]
      }
    },
    {
      "type": "Feature",
      "id": "cell-20-23",
      "properties": {
        "population": 7787.646,
        "density": 9101.705,
        "cell_area_sqkm": 0.855625,
        "row": 20,
        "col": 23,
        "source": "WorldPop"
      },
      "geometry": {
        "type": "Polygon",
        "coordinates": [
          [
            [
              73.93333231760003,
              18.4833335954
            ],
            [
              73.93333231760003,
              18.4916669287
            ],
            [
              73.92499898430003,
              18.4916669287
            ],
            [
              73.92499898430003,
              18.4833335954
            ],
            [
              73.93333231760003,
              18.4833335954
            ]
          ]
        ]
      }
    },
    {
      "type": "Feature",
      "id": "cell-20-24",
      "properties": {
        "population": 9616.027,
        "density": 11238.6,
        "cell_area_sqkm": 0.855625,
        "row": 20,
        "col": 24,
        "source": "WorldPop"
      },
      "geometry": {
        "type": "Polygon",
        "coordinates": [
          [
            [
              73.94166565090003,
              18.4833335954
            ],
            [
              73.94166565090003,
              18.4916669287
            ],
            [
              73.93333231760003,
              18.4916669287
            ],
            [
              73.93333231760003,
              18.4833335954
            ],
            [
              73.94166565090003,
              18.4833335954
            ]
          ]
        ]
      }
    },
    {
      "type": "Feature",
      "id": "cell-20-25",
      "properties": {
        "population": 7209.69,
        "density": 8426.227,
        "cell_area_sqkm": 0.855625,
        "row": 20,
        "col": 25,
        "source": "WorldPop"
      },
      "geometry": {
        "type": "Polygon",
        "coordinates": [
          [
            [
              73.94999898420004,
              18.4833335954
            ],
            [
              73.94999898420004,
              18.4916669287
            ],
            [
              73.94166565090003,
              18.4916669287
            ],
            [
              73.94166565090003,
              18.4833335954
            ],
            [
              73.94999898420004,
              18.4833335954
            ]
          ]
        ]
      }
    },
    {
      "type": "Feature",
      "id": "cell-20-26",
      "properties": {
        "population": 10497.399,
        "density": 12268.692,
        "cell_area_sqkm": 0.855625,
        "row": 20,
        "col": 26,
        "source": "WorldPop"
      },
      "geometry": {
        "type": "Polygon",
        "coordinates": [
          [
            [
              73.95833231750004,
              18.4833335954
            ],
            [
              73.95833231750004,
              18.4916669287
            ],
            [
              73.94999898420004,
              18.4916669287
            ],
            [
              73.94999898420004,
              18.4833335954
            ],
            [
              73.95833231750004,
              18.4833335954
            ]
          ]
        ]
      }
    },
    {
      "type": "Feature",
      "id": "cell-20-27",
      "properties": {
        "population": 3355.547,
        "density": 3921.75,
        "cell_area_sqkm": 0.855625,
        "row": 20,
        "col": 27,
        "source": "WorldPop"
      },
      "geometry": {
        "type": "Polygon",
        "coordinates": [
          [
            [
              73.96666565080002,
              18.4833335954
            ],
            [
              73.96666565080002,
              18.4916669287
            ],
            [
              73.95833231750004,
              18.4916669287
            ],
            [
              73.95833231750004,
              18.4833335954
            ],
            [
              73.96666565080002,
              18.4833335954
            ]
          ]
        ]
      }
    },
    {
      "type": "Feature",
      "id": "cell-20-28",
      "properties": {
        "population": 2864.79,
        "density": 3348.184,
        "cell_area_sqkm": 0.855625,
        "row": 20,
        "col": 28,
        "source": "WorldPop"
      },
      "geometry": {
        "type": "Polygon",
        "coordinates": [
          [
            [
              73.97499898410003,
              18.4833335954
            ],
            [
              73.97499898410003,
              18.4916669287
            ],
            [
              73.96666565080002,
              18.4916669287
            ],
            [
              73.96666565080002,
              18.4833335954
            ],
            [
              73.97499898410003,
              18.4833335954
            ]
          ]
        ]
      }
    },
    {
      "type": "Feature",
      "id": "cell-20-29",
      "properties": {
        "population": 1297.678,
        "density": 1516.643,
        "cell_area_sqkm": 0.855625,
        "row": 20,
        "col": 29,
        "source": "WorldPop"
      },
      "geometry": {
        "type": "Polygon",
        "coordinates": [
          [
            [
              73.98333231740003,
              18.4833335954
            ],
            [
              73.98333231740003,
              18.4916669287
            ],
            [
              73.97499898410003,
              18.4916669287
            ],
            [
              73.97499898410003,
              18.4833335954
            ],
            [
              73.98333231740003,
              18.4833335954
            ]
          ]
        ]
      }
    },
    {
      "type": "Feature",
      "id": "cell-20-30",
      "properties": {
        "population": 1369.979,
        "density": 1601.144,
        "cell_area_sqkm": 0.855625,
        "row": 20,
        "col": 30,
        "source": "WorldPop"
      },
      "geometry": {
        "type": "Polygon",
        "coordinates": [
          [
            [
              73.99166565070003,
              18.4833335954
            ],
            [
              73.99166565070003,
              18.4916669287
            ],
            [
              73.98333231740003,
              18.4916669287
            ],
            [
              73.98333231740003,
              18.4833335954
            ],
            [
              73.99166565070003,
              18.4833335954
            ]
          ]
        ]
      }
    },
    {
      "type": "Feature",
      "id": "cell-21-0",
      "properties": {
        "population": 0.0,
        "density": 0.0,
        "cell_area_sqkm": 0.855625,
        "row": 21,
        "col": 0,
        "source": "WorldPop"
      },
      "geometry": {
        "type": "Polygon",
        "coordinates": [
          [
            [
              73.74166565170003,
              18.4750002621
            ],
            [
              73.74166565170003,
              18.4833335954
            ],
            [
              73.73333231840003,
              18.4833335954
            ],
            [
              73.73333231840003,
              18.4750002621
            ],
            [
              73.74166565170003,
              18.4750002621
            ]
          ]
        ]
      }
    },
    {
      "type": "Feature",
      "id": "cell-21-1",
      "properties": {
        "population": 0.594,
        "density": 0.694,
        "cell_area_sqkm": 0.855625,
        "row": 21,
        "col": 1,
        "source": "WorldPop"
      },
      "geometry": {
        "type": "Polygon",
        "coordinates": [
          [
            [
              73.74999898500003,
              18.4750002621
            ],
            [
              73.74999898500003,
              18.4833335954
            ],
            [
              73.74166565170003,
              18.4833335954
            ],
            [
              73.74166565170003,
              18.4750002621
            ],
            [
              73.74999898500003,
              18.4750002621
            ]
          ]
        ]
      }
    },
    {
      "type": "Feature",
      "id": "cell-21-2",
      "properties": {
        "population": 5.996,
        "density": 7.008,
        "cell_area_sqkm": 0.855625,
        "row": 21,
        "col": 2,
        "source": "WorldPop"
      },
      "geometry": {
        "type": "Polygon",
        "coordinates": [
          [
            [
              73.75833231830003,
              18.4750002621
            ],
            [
              73.75833231830003,
              18.4833335954
            ],
            [
              73.74999898500003,
              18.4833335954
            ],
            [
              73.74999898500003,
              18.4750002621
            ],
            [
              73.75833231830003,
              18.4750002621
            ]
          ]
        ]
      }
    },
    {
      "type": "Feature",
      "id": "cell-21-3",
      "properties": {
        "population": 180.691,
        "density": 211.18,
        "cell_area_sqkm": 0.855625,
        "row": 21,
        "col": 3,
        "source": "WorldPop"
      },
      "geometry": {
        "type": "Polygon",
        "coordinates": [
          [
            [
              73.76666565160004,
              18.4750002621
            ],
            [
              73.76666565160004,
              18.4833335954
            ],
            [
              73.75833231830003,
              18.4833335954
            ],
            [
              73.75833231830003,
              18.4750002621
            ],
            [
              73.76666565160004,
              18.4750002621
            ]
          ]
        ]
      }
    },
    {
      "type": "Feature",
      "id": "cell-21-4",
      "properties": {
        "population": 240.412,
        "density": 280.978,
        "cell_area_sqkm": 0.855625,
        "row": 21,
        "col": 4,
        "source": "WorldPop"
      },
      "geometry": {
        "type": "Polygon",
        "coordinates": [
          [
            [
              73.77499898490004,
              18.4750002621
            ],
            [
              73.77499898490004,
              18.4833335954
            ],
            [
              73.76666565160004,
              18.4833335954
            ],
            [
              73.76666565160004,
              18.4750002621
            ],
            [
              73.77499898490004,
              18.4750002621
            ]
          ]
        ]
      }
    },
    {
      "type": "Feature",
      "id": "cell-21-5",
      "properties": {
        "population": 716.754,
        "density": 837.696,
        "cell_area_sqkm": 0.855625,
        "row": 21,
        "col": 5,
        "source": "WorldPop"
      },
      "geometry": {
        "type": "Polygon",
        "coordinates": [
          [
            [
              73.78333231820002,
              18.4750002621
            ],
            [
              73.78333231820002,
              18.4833335954
            ],
            [
              73.77499898490004,
              18.4833335954
            ],
            [
              73.77499898490004,
              18.4750002621
            ],
            [
              73.78333231820002,
              18.4750002621
            ]
          ]
        ]
      }
    },
    {
      "type": "Feature",
      "id": "cell-21-6",
      "properties": {
        "population": 2287.975,
        "density": 2674.04,
        "cell_area_sqkm": 0.855625,
        "row": 21,
        "col": 6,
        "source": "WorldPop"
      },
      "geometry": {
        "type": "Polygon",
        "coordinates": [
          [
            [
              73.79166565150003,
              18.4750002621
            ],
            [
              73.79166565150003,
              18.4833335954
            ],
            [
              73.78333231820002,
              18.4833335954
            ],
            [
              73.78333231820002,
              18.4750002621
            ],
            [
              73.79166565150003,
              18.4750002621
            ]
          ]
        ]
      }
    },
    {
      "type": "Feature",
      "id": "cell-21-7",
      "properties": {
        "population": 8023.072,
        "density": 9376.855,
        "cell_area_sqkm": 0.855625,
        "row": 21,
        "col": 7,
        "source": "WorldPop"
      },
      "geometry": {
        "type": "Polygon",
        "coordinates": [
          [
            [
              73.79999898480003,
              18.4750002621
            ],
            [
              73.79999898480003,
              18.4833335954
            ],
            [
              73.79166565150003,
              18.4833335954
            ],
            [
              73.79166565150003,
              18.4750002621
            ],
            [
              73.79999898480003,
              18.4750002621
            ]
          ]
        ]
      }
    },
    {
      "type": "Feature",
      "id": "cell-21-8",
      "properties": {
        "population": 11664.755,
        "density": 13633.023,
        "cell_area_sqkm": 0.855625,
        "row": 21,
        "col": 8,
        "source": "WorldPop"
      },
      "geometry": {
        "type": "Polygon",
        "coordinates": [
          [
            [
              73.80833231810003,
              18.4750002621
            ],
            [
              73.80833231810003,
              18.4833335954
            ],
            [
              73.79999898480003,
              18.4833335954
            ],
            [
              73.79999898480003,
              18.4750002621
            ],
            [
              73.80833231810003,
              18.4750002621
            ]
          ]
        ]
      }
    },
    {
      "type": "Feature",
      "id": "cell-21-9",
      "properties": {
        "population": 9023.334,
        "density": 10545.898,
        "cell_area_sqkm": 0.855625,
        "row": 21,
        "col": 9,
        "source": "WorldPop"
      },
      "geometry": {
        "type": "Polygon",
        "coordinates": [
          [
            [
              73.81666565140003,
              18.4750002621
            ],
            [
              73.81666565140003,
              18.4833335954
            ],
            [
              73.80833231810003,
              18.4833335954
            ],
            [
              73.80833231810003,
              18.4750002621
            ],
            [
              73.81666565140003,
              18.4750002621
            ]
          ]
        ]
      }
    },
    {
      "type": "Feature",
      "id": "cell-21-10",
      "properties": {
        "population": 9694.393,
        "density": 11330.189,
        "cell_area_sqkm": 0.855625,
        "row": 21,
        "col": 10,
        "source": "WorldPop"
      },
      "geometry": {
        "type": "Polygon",
        "coordinates": [
          [
            [
              73.82499898470003,
              18.4750002621
            ],
            [
              73.82499898470003,
              18.4833335954
            ],
            [
              73.81666565140003,
              18.4833335954
            ],
            [
              73.81666565140003,
              18.4750002621
            ],
            [
              73.82499898470003,
              18.4750002621
            ]
          ]
        ]
      }
    },
    {
      "type": "Feature",
      "id": "cell-21-11",
      "properties": {
        "population": 10239.931,
        "density": 11967.779,
        "cell_area_sqkm": 0.855625,
        "row": 21,
        "col": 11,
        "source": "WorldPop"
      },
      "geometry": {
        "type": "Polygon",
        "coordinates": [
          [
            [
              73.83333231800003,
              18.4750002621
            ],
            [
              73.83333231800003,
              18.4833335954
            ],
            [
              73.82499898470003,
              18.4833335954
            ],
            [
              73.82499898470003,
              18.4750002621
            ],
            [
              73.83333231800003,
              18.4750002621
            ]
          ]
        ]
      }
    },
    {
      "type": "Feature",
      "id": "cell-21-12",
      "properties": {
        "population": 1939.459,
        "density": 2266.716,
        "cell_area_sqkm": 0.855625,
        "row": 21,
        "col": 12,
        "source": "WorldPop"
      },
      "geometry": {
        "type": "Polygon",
        "coordinates": [
          [
            [
              73.84166565130003,
              18.4750002621
            ],
            [
              73.84166565130003,
              18.4833335954
            ],
            [
              73.83333231800003,
              18.4833335954
            ],
            [
              73.83333231800003,
              18.4750002621
            ],
            [
              73.84166565130003,
              18.4750002621
            ]
          ]
        ]
      }
    },
    {
      "type": "Feature",
      "id": "cell-21-13",
      "properties": {
        "population": 2015.351,
        "density": 2355.414,
        "cell_area_sqkm": 0.855625,
        "row": 21,
        "col": 13,
        "source": "WorldPop"
      },
      "geometry": {
        "type": "Polygon",
        "coordinates": [
          [
            [
              73.84999898460003,
              18.4750002621
            ],
            [
              73.84999898460003,
              18.4833335954
            ],
            [
              73.84166565130003,
              18.4833335954
            ],
            [
              73.84166565130003,
              18.4750002621
            ],
            [
              73.84999898460003,
              18.4750002621
            ]
          ]
        ]
      }
    },
    {
      "type": "Feature",
      "id": "cell-21-14",
      "properties": {
        "population": 10597.269,
        "density": 12385.413,
        "cell_area_sqkm": 0.855625,
        "row": 21,
        "col": 14,
        "source": "WorldPop"
      },
      "geometry": {
        "type": "Polygon",
        "coordinates": [
          [
            [
              73.85833231790004,
              18.4750002621
            ],
            [
              73.85833231790004,
              18.4833335954
            ],
            [
              73.84999898460003,
              18.4833335954
            ],
            [
              73.84999898460003,
              18.4750002621
            ],
            [
              73.85833231790004,
              18.4750002621
            ]
          ]
        ]
      }
    },
    {
      "type": "Feature",
      "id": "cell-21-15",
      "properties": {
        "population": 9815.535,
        "density": 11471.772,
        "cell_area_sqkm": 0.855625,
        "row": 21,
        "col": 15,
        "source": "WorldPop"
      },
      "geometry": {
        "type": "Polygon",
        "coordinates": [
          [
            [
              73.86666565120004,
              18.4750002621
            ],
            [
              73.86666565120004,
              18.4833335954
            ],
            [
              73.85833231790004,
              18.4833335954
            ],
            [
              73.85833231790004,
              18.4750002621
            ],
            [
              73.86666565120004,
              18.4750002621
            ]
          ]
        ]
      }
    },
    {
      "type": "Feature",
      "id": "cell-21-16",
      "properties": {
        "population": 7027.947,
        "density": 8213.817,
        "cell_area_sqkm": 0.855625,
        "row": 21,
        "col": 16,
        "source": "WorldPop"
      },
      "geometry": {
        "type": "Polygon",
        "coordinates": [
          [
            [
              73.87499898450002,
              18.4750002621
            ],
            [
              73.87499898450002,
              18.4833335954
            ],
            [
              73.86666565120004,
              18.4833335954
            ],
            [
              73.86666565120004,
              18.4750002621
            ],
            [
              73.87499898450002,
              18.4750002621
            ]
          ]
        ]
      }
    },
    {
      "type": "Feature",
      "id": "cell-21-17",
      "properties": {
        "population": 6592.03,
        "density": 7704.345,
        "cell_area_sqkm": 0.855625,
        "row": 21,
        "col": 17,
        "source": "WorldPop"
      },
      "geometry": {
        "type": "Polygon",
        "coordinates": [
          [
            [
              73.88333231780003,
              18.4750002621
            ],
            [
              73.88333231780003,
              18.4833335954
            ],
            [
              73.87499898450002,
              18.4833335954
            ],
            [
              73.87499898450002,
              18.4750002621
            ],
            [
              73.88333231780003,
              18.4750002621
            ]
          ]
        ]
      }
    },
    {
      "type": "Feature",
      "id": "cell-21-18",
      "properties": {
        "population": 9191.895,
        "density": 10742.901,
        "cell_area_sqkm": 0.855625,
        "row": 21,
        "col": 18,
        "source": "WorldPop"
      },
      "geometry": {
        "type": "Polygon",
        "coordinates": [
          [
            [
              73.89166565110003,
              18.4750002621
            ],
            [
              73.89166565110003,
              18.4833335954
            ],
            [
              73.88333231780003,
              18.4833335954
            ],
            [
              73.88333231780003,
              18.4750002621
            ],
            [
              73.89166565110003,
              18.4750002621
            ]
          ]
        ]
      }
    },
    {
      "type": "Feature",
      "id": "cell-21-19",
      "properties": {
        "population": 11334.226,
        "density": 13246.721,
        "cell_area_sqkm": 0.855625,
        "row": 21,
        "col": 19,
        "source": "WorldPop"
      },
      "geometry": {
        "type": "Polygon",
        "coordinates": [
          [
            [
              73.89999898440003,
              18.4750002621
            ],
            [
              73.89999898440003,
              18.4833335954
            ],
            [
              73.89166565110003,
              18.4833335954
            ],
            [
              73.89166565110003,
              18.4750002621
            ],
            [
              73.89999898440003,
              18.4750002621
            ]
          ]
        ]
      }
    },
    {
      "type": "Feature",
      "id": "cell-21-20",
      "properties": {
        "population": 9582.251,
        "density": 11199.125,
        "cell_area_sqkm": 0.855625,
        "row": 21,
        "col": 20,
        "source": "WorldPop"
      },
      "geometry": {
        "type": "Polygon",
        "coordinates": [
          [
            [
              73.90833231770003,
              18.4750002621
            ],
            [
              73.90833231770003,
              18.4833335954
            ],
            [
              73.89999898440003,
              18.4833335954
            ],
            [
              73.89999898440003,
              18.4750002621
            ],
            [
              73.90833231770003,
              18.4750002621
            ]
          ]
        ]
      }
    },
    {
      "type": "Feature",
      "id": "cell-21-21",
      "properties": {
        "population": 5993.275,
        "density": 7004.558,
        "cell_area_sqkm": 0.855625,
        "row": 21,
        "col": 21,
        "source": "WorldPop"
      },
      "geometry": {
        "type": "Polygon",
        "coordinates": [
          [
            [
              73.91666565100003,
              18.4750002621
            ],
            [
              73.91666565100003,
              18.4833335954
            ],
            [
              73.90833231770003,
              18.4833335954
            ],
            [
              73.90833231770003,
              18.4750002621
            ],
            [
              73.91666565100003,
              18.4750002621
            ]
          ]
        ]
      }
    },
    {
      "type": "Feature",
      "id": "cell-21-22",
      "properties": {
        "population": 2654.358,
        "density": 3102.244,
        "cell_area_sqkm": 0.855625,
        "row": 21,
        "col": 22,
        "source": "WorldPop"
      },
      "geometry": {
        "type": "Polygon",
        "coordinates": [
          [
            [
              73.92499898430003,
              18.4750002621
            ],
            [
              73.92499898430003,
              18.4833335954
            ],
            [
              73.91666565100003,
              18.4833335954
            ],
            [
              73.91666565100003,
              18.4750002621
            ],
            [
              73.92499898430003,
              18.4750002621
            ]
          ]
        ]
      }
    },
    {
      "type": "Feature",
      "id": "cell-21-23",
      "properties": {
        "population": 7618.606,
        "density": 8904.142,
        "cell_area_sqkm": 0.855625,
        "row": 21,
        "col": 23,
        "source": "WorldPop"
      },
      "geometry": {
        "type": "Polygon",
        "coordinates": [
          [
            [
              73.93333231760003,
              18.4750002621
            ],
            [
              73.93333231760003,
              18.4833335954
            ],
            [
              73.92499898430003,
              18.4833335954
            ],
            [
              73.92499898430003,
              18.4750002621
            ],
            [
              73.93333231760003,
              18.4750002621
            ]
          ]
        ]
      }
    },
    {
      "type": "Feature",
      "id": "cell-21-24",
      "properties": {
        "population": 8683.433,
        "density": 10148.643,
        "cell_area_sqkm": 0.855625,
        "row": 21,
        "col": 24,
        "source": "WorldPop"
      },
      "geometry": {
        "type": "Polygon",
        "coordinates": [
          [
            [
              73.94166565090003,
              18.4750002621
            ],
            [
              73.94166565090003,
              18.4833335954
            ],
            [
              73.93333231760003,
              18.4833335954
            ],
            [
              73.93333231760003,
              18.4750002621
            ],
            [
              73.94166565090003,
              18.4750002621
            ]
          ]
        ]
      }
    },
    {
      "type": "Feature",
      "id": "cell-21-25",
      "properties": {
        "population": 7444.709,
        "density": 8700.902,
        "cell_area_sqkm": 0.855625,
        "row": 21,
        "col": 25,
        "source": "WorldPop"
      },
      "geometry": {
        "type": "Polygon",
        "coordinates": [
          [
            [
              73.94999898420004,
              18.4750002621
            ],
            [
              73.94999898420004,
              18.4833335954
            ],
            [
              73.94166565090003,
              18.4833335954
            ],
            [
              73.94166565090003,
              18.4750002621
            ],
            [
              73.94999898420004,
              18.4750002621
            ]
          ]
        ]
      }
    },
    {
      "type": "Feature",
      "id": "cell-21-26",
      "properties": {
        "population": 8448.513,
        "density": 9874.084,
        "cell_area_sqkm": 0.855625,
        "row": 21,
        "col": 26,
        "source": "WorldPop"
      },
      "geometry": {
        "type": "Polygon",
        "coordinates": [
          [
            [
              73.95833231750004,
              18.4750002621
            ],
            [
              73.95833231750004,
              18.4833335954
            ],
            [
              73.94999898420004,
              18.4833335954
            ],
            [
              73.94999898420004,
              18.4750002621
            ],
            [
              73.95833231750004,
              18.4750002621
            ]
          ]
        ]
      }
    },
    {
      "type": "Feature",
      "id": "cell-21-27",
      "properties": {
        "population": 6443.26,
        "density": 7530.472,
        "cell_area_sqkm": 0.855625,
        "row": 21,
        "col": 27,
        "source": "WorldPop"
      },
      "geometry": {
        "type": "Polygon",
        "coordinates": [
          [
            [
              73.96666565080002,
              18.4750002621
            ],
            [
              73.96666565080002,
              18.4833335954
            ],
            [
              73.95833231750004,
              18.4833335954
            ],
            [
              73.95833231750004,
              18.4750002621
            ],
            [
              73.96666565080002,
              18.4750002621
            ]
          ]
        ]
      }
    },
    {
      "type": "Feature",
      "id": "cell-21-28",
      "properties": {
        "population": 1522.691,
        "density": 1779.624,
        "cell_area_sqkm": 0.855625,
        "row": 21,
        "col": 28,
        "source": "WorldPop"
      },
      "geometry": {
        "type": "Polygon",
        "coordinates": [
          [
            [
              73.97499898410003,
              18.4750002621
            ],
            [
              73.97499898410003,
              18.4833335954
            ],
            [
              73.96666565080002,
              18.4833335954
            ],
            [
              73.96666565080002,
              18.4750002621
            ],
            [
              73.97499898410003,
              18.4750002621
            ]
          ]
        ]
      }
    },
    {
      "type": "Feature",
      "id": "cell-21-29",
      "properties": {
        "population": 3091.016,
        "density": 3612.583,
        "cell_area_sqkm": 0.855625,
        "row": 21,
        "col": 29,
        "source": "WorldPop"
      },
      "geometry": {
        "type": "Polygon",
        "coordinates": [
          [
            [
              73.98333231740003,
              18.4750002621
            ],
            [
              73.98333231740003,
              18.4833335954
            ],
            [
              73.97499898410003,
              18.4833335954
            ],
            [
              73.97499898410003,
              18.4750002621
            ],
            [
              73.98333231740003,
              18.4750002621
            ]
          ]
        ]
      }
    },
    {
      "type": "Feature",
      "id": "cell-21-30",
      "properties": {
        "population": 1063.882,
        "density": 1243.398,
        "cell_area_sqkm": 0.855625,
        "row": 21,
        "col": 30,
        "source": "WorldPop"
      },
      "geometry": {
        "type": "Polygon",
        "coordinates": [
          [
            [
              73.99166565070003,
              18.4750002621
            ],
            [
              73.99166565070003,
              18.4833335954
            ],
            [
              73.98333231740003,
              18.4833335954
            ],
            [
              73.98333231740003,
              18.4750002621
            ],
            [
              73.99166565070003,
              18.4750002621
            ]
          ]
        ]
      }
    },
    {
      "type": "Feature",
      "id": "cell-22-0",
      "properties": {
        "population": 0.532,
        "density": 0.621,
        "cell_area_sqkm": 0.855625,
        "row": 22,
        "col": 0,
        "source": "WorldPop"
      },
      "geometry": {
        "type": "Polygon",
        "coordinates": [
          [
            [
              73.74166565170003,
              18.4666669288
            ],
            [
              73.74166565170003,
              18.4750002621
            ],
            [
              73.73333231840003,
              18.4750002621
            ],
            [
              73.73333231840003,
              18.4666669288
            ],
            [
              73.74166565170003,
              18.4666669288
            ]
          ]
        ]
      }
    },
    {
      "type": "Feature",
      "id": "cell-22-1",
      "properties": {
        "population": 104.461,
        "density": 122.087,
        "cell_area_sqkm": 0.855625,
        "row": 22,
        "col": 1,
        "source": "WorldPop"
      },
      "geometry": {
        "type": "Polygon",
        "coordinates": [
          [
            [
              73.74999898500003,
              18.4666669288
            ],
            [
              73.74999898500003,
              18.4750002621
            ],
            [
              73.74166565170003,
              18.4750002621
            ],
            [
              73.74166565170003,
              18.4666669288
            ],
            [
              73.74999898500003,
              18.4666669288
            ]
          ]
        ]
      }
    },
    {
      "type": "Feature",
      "id": "cell-22-2",
      "properties": {
        "population": 443.739,
        "density": 518.614,
        "cell_area_sqkm": 0.855625,
        "row": 22,
        "col": 2,
        "source": "WorldPop"
      },
      "geometry": {
        "type": "Polygon",
        "coordinates": [
          [
            [
              73.75833231830003,
              18.4666669288
            ],
            [
              73.75833231830003,
              18.4750002621
            ],
            [
              73.74999898500003,
              18.4750002621
            ],
            [
              73.74999898500003,
              18.4666669288
            ],
            [
              73.75833231830003,
              18.4666669288
            ]
          ]
        ]
      }
    },
    {
      "type": "Feature",
      "id": "cell-22-3",
      "properties": {
        "population": 2394.722,
        "density": 2798.799,
        "cell_area_sqkm": 0.855625,
        "row": 22,
        "col": 3,
        "source": "WorldPop"
      },
      "geometry": {
        "type": "Polygon",
        "coordinates": [
          [
            [
              73.76666565160004,
              18.4666669288
            ],
            [
              73.76666565160004,
              18.4750002621
            ],
            [
              73.75833231830003,
              18.4750002621
            ],
            [
              73.75833231830003,
              18.4666669288
            ],
            [
              73.76666565160004,
              18.4666669288
            ]
          ]
        ]
      }
    },
    {
      "type": "Feature",
      "id": "cell-22-4",
      "properties": {
        "population": 2898.639,
        "density": 3387.745,
        "cell_area_sqkm": 0.855625,
        "row": 22,
        "col": 4,
        "source": "WorldPop"
      },
      "geometry": {
        "type": "Polygon",
        "coordinates": [
          [
            [
              73.77499898490004,
              18.4666669288
            ],
            [
              73.77499898490004,
              18.4750002621
            ],
            [
              73.76666565160004,
              18.4750002621
            ],
            [
              73.76666565160004,
              18.4666669288
            ],
            [
              73.77499898490004,
              18.4666669288
            ]
          ]
        ]
      }
    },
    {
      "type": "Feature",
      "id": "cell-22-5",
      "properties": {
        "population": 2057.347,
        "density": 2404.496,
        "cell_area_sqkm": 0.855625,
        "row": 22,
        "col": 5,
        "source": "WorldPop"
      },
      "geometry": {
        "type": "Polygon",
        "coordinates": [
          [
            [
              73.78333231820002,
              18.4666669288
            ],
            [
              73.78333231820002,
              18.4750002621
            ],
            [
              73.77499898490004,
              18.4750002621
            ],
            [
              73.77499898490004,
              18.4666669288
            ],
            [
              73.78333231820002,
              18.4666669288
            ]
          ]
        ]
      }
    },
    {
      "type": "Feature",
      "id": "cell-22-6",
      "properties": {
        "population": 3957.288,
        "density": 4625.026,
        "cell_area_sqkm": 0.855625,
        "row": 22,
        "col": 6,
        "source": "WorldPop"
      },
      "geometry": {
        "type": "Polygon",
        "coordinates": [
          [
            [
              73.79166565150003,
              18.4666669288
            ],
            [
              73.79166565150003,
              18.4750002621
            ],
            [
              73.78333231820002,
              18.4750002621
            ],
            [
              73.78333231820002,
              18.4666669288
            ],
            [
              73.79166565150003,
              18.4666669288
            ]
          ]
        ]
      }
    },
    {
      "type": "Feature",
      "id": "cell-22-7",
      "properties": {
        "population": 5804.916,
        "density": 6784.416,
        "cell_area_sqkm": 0.855625,
        "row": 22,
        "col": 7,
        "source": "WorldPop"
      },
      "geometry": {
        "type": "Polygon",
        "coordinates": [
          [
            [
              73.79999898480003,
              18.4666669288
            ],
            [
              73.79999898480003,
              18.4750002621
            ],
            [
              73.79166565150003,
              18.4750002621
            ],
            [
              73.79166565150003,
              18.4666669288
            ],
            [
              73.79999898480003,
              18.4666669288
            ]
          ]
        ]
      }
    },
    {
      "type": "Feature",
      "id": "cell-22-8",
      "properties": {
        "population": 3887.56,
        "density": 4543.533,
        "cell_area_sqkm": 0.855625,
        "row": 22,
        "col": 8,
        "source": "WorldPop"
      },
      "geometry": {
        "type": "Polygon",
        "coordinates": [
          [
            [
              73.80833231810003,
              18.4666669288
            ],
            [
              73.80833231810003,
              18.4750002621
            ],
            [
              73.79999898480003,
              18.4750002621
            ],
            [
              73.79999898480003,
              18.4666669288
            ],
            [
              73.80833231810003,
              18.4666669288
            ]
          ]
        ]
      }
    },
    {
      "type": "Feature",
      "id": "cell-22-9",
      "properties": {
        "population": 7770.92,
        "density": 9082.156,
        "cell_area_sqkm": 0.855625,
        "row": 22,
        "col": 9,
        "source": "WorldPop"
      },
      "geometry": {
        "type": "Polygon",
        "coordinates": [
          [
            [
              73.81666565140003,
              18.4666669288
            ],
            [
              73.81666565140003,
              18.4750002621
            ],
            [
              73.80833231810003,
              18.4750002621
            ],
            [
              73.80833231810003,
              18.4666669288
            ],
            [
              73.81666565140003,
              18.4666669288
            ]
          ]
        ]
      }
    },
    {
      "type": "Feature",
      "id": "cell-22-10",
      "properties": {
        "population": 10839.283,
        "density": 12668.264,
        "cell_area_sqkm": 0.855625,
        "row": 22,
        "col": 10,
        "source": "WorldPop"
      },
      "geometry": {
        "type": "Polygon",
        "coordinates": [
          [
            [
              73.82499898470003,
              18.4666669288
            ],
            [
              73.82499898470003,
              18.4750002621
            ],
            [
              73.81666565140003,
              18.4750002621
            ],
            [
              73.81666565140003,
              18.4666669288
            ],
            [
              73.82499898470003,
              18.4666669288
            ]
          ]
        ]
      }
    },
    {
      "type": "Feature",
      "id": "cell-22-11",
      "properties": {
        "population": 9014.976,
        "density": 10536.129,
        "cell_area_sqkm": 0.855625,
        "row": 22,
        "col": 11,
        "source": "WorldPop"
      },
      "geometry": {
        "type": "Polygon",
        "coordinates": [
          [
            [
              73.83333231800003,
              18.4666669288
            ],
            [
              73.83333231800003,
              18.4750002621
            ],
            [
              73.82499898470003,
              18.4750002621
            ],
            [
              73.82499898470003,
              18.4666669288
            ],
            [
              73.83333231800003,
              18.4666669288
            ]
          ]
        ]
      }
    },
    {
      "type": "Feature",
      "id": "cell-22-12",
      "properties": {
        "population": 2887.348,
        "density": 3374.548,
        "cell_area_sqkm": 0.855625,
        "row": 22,
        "col": 12,
        "source": "WorldPop"
      },
      "geometry": {
        "type": "Polygon",
        "coordinates": [
          [
            [
              73.84166565130003,
              18.4666669288
            ],
            [
              73.84166565130003,
              18.4750002621
            ],
            [
              73.83333231800003,
              18.4750002621
            ],
            [
              73.83333231800003,
              18.4666669288
            ],
            [
              73.84166565130003,
              18.4666669288
            ]
          ]
        ]
      }
    },
    {
      "type": "Feature",
      "id": "cell-22-13",
      "properties": {
        "population": 4928.933,
        "density": 5760.623,
        "cell_area_sqkm": 0.855625,
        "row": 22,
        "col": 13,
        "source": "WorldPop"
      },
      "geometry": {
        "type": "Polygon",
        "coordinates": [
          [
            [
              73.84999898460003,
              18.4666669288
            ],
            [
              73.84999898460003,
              18.4750002621
            ],
            [
              73.84166565130003,
              18.4750002621
            ],
            [
              73.84166565130003,
              18.4666669288
            ],
            [
              73.84999898460003,
              18.4666669288
            ]
          ]
        ]
      }
    },
    {
      "type": "Feature",
      "id": "cell-22-14",
      "properties": {
        "population": 10728.914,
        "density": 12539.271,
        "cell_area_sqkm": 0.855625,
        "row": 22,
        "col": 14,
        "source": "WorldPop"
      },
      "geometry": {
        "type": "Polygon",
        "coordinates": [
          [
            [
              73.85833231790004,
              18.4666669288
            ],
            [
              73.85833231790004,
              18.4750002621
            ],
            [
              73.84999898460003,
              18.4750002621
            ],
            [
              73.84999898460003,
              18.4666669288
            ],
            [
              73.85833231790004,
              18.4666669288
            ]
          ]
        ]
      }
    },
    {
      "type": "Feature",
      "id": "cell-22-15",
      "properties": {
        "population": 11269.327,
        "density": 13170.872,
        "cell_area_sqkm": 0.855625,
        "row": 22,
        "col": 15,
        "source": "WorldPop"
      },
      "geometry": {
        "type": "Polygon",
        "coordinates": [
          [
            [
              73.86666565120004,
              18.4666669288
            ],
            [
              73.86666565120004,
              18.4750002621
            ],
            [
              73.85833231790004,
              18.4750002621
            ],
            [
              73.85833231790004,
              18.4666669288
            ],
            [
              73.86666565120004,
              18.4666669288
            ]
          ]
        ]
      }
    },
    {
      "type": "Feature",
      "id": "cell-22-16",
      "properties": {
        "population": 8107.424,
        "density": 9475.441,
        "cell_area_sqkm": 0.855625,
        "row": 22,
        "col": 16,
        "source": "WorldPop"
      },
      "geometry": {
        "type": "Polygon",
        "coordinates": [
          [
            [
              73.87499898450002,
              18.4666669288
            ],
            [
              73.87499898450002,
              18.4750002621
            ],
            [
              73.86666565120004,
              18.4750002621
            ],
            [
              73.86666565120004,
              18.4666669288
            ],
            [
              73.87499898450002,
              18.4666669288
            ]
          ]
        ]
      }
    },
    {
      "type": "Feature",
      "id": "cell-22-17",
      "properties": {
        "population": 8177.897,
        "density": 9557.805,
        "cell_area_sqkm": 0.855625,
        "row": 22,
        "col": 17,
        "source": "WorldPop"
      },
      "geometry": {
        "type": "Polygon",
        "coordinates": [
          [
            [
              73.88333231780003,
              18.4666669288
            ],
            [
              73.88333231780003,
              18.4750002621
            ],
            [
              73.87499898450002,
              18.4750002621
            ],
            [
              73.87499898450002,
              18.4666669288
            ],
            [
              73.88333231780003,
              18.4666669288
            ]
          ]
        ]
      }
    },
    {
      "type": "Feature",
      "id": "cell-22-18",
      "properties": {
        "population": 10369.612,
        "density": 12119.342,
        "cell_area_sqkm": 0.855625,
        "row": 22,
        "col": 18,
        "source": "WorldPop"
      },
      "geometry": {
        "type": "Polygon",
        "coordinates": [
          [
            [
              73.89166565110003,
              18.4666669288
            ],
            [
              73.89166565110003,
              18.4750002621
            ],
            [
              73.88333231780003,
              18.4750002621
            ],
            [
              73.88333231780003,
              18.4666669288
            ],
            [
              73.89166565110003,
              18.4666669288
            ]
          ]
        ]
      }
    },
    {
      "type": "Feature",
      "id": "cell-22-19",
      "properties": {
        "population": 7831.506,
        "density": 9152.966,
        "cell_area_sqkm": 0.855625,
        "row": 22,
        "col": 19,
        "source": "WorldPop"
      },
      "geometry": {
        "type": "Polygon",
        "coordinates": [
          [
            [
              73.89999898440003,
              18.4666669288
            ],
            [
              73.89999898440003,
              18.4750002621
            ],
            [
              73.89166565110003,
              18.4750002621
            ],
            [
              73.89166565110003,
              18.4666669288
            ],
            [
              73.89999898440003,
              18.4666669288
            ]
          ]
        ]
      }
    },
    {
      "type": "Feature",
      "id": "cell-22-20",
      "properties": {
        "population": 7473.43,
        "density": 8734.469,
        "cell_area_sqkm": 0.855625,
        "row": 22,
        "col": 20,
        "source": "WorldPop"
      },
      "geometry": {
        "type": "Polygon",
        "coordinates": [
          [
            [
              73.90833231770003,
              18.4666669288
            ],
            [
              73.90833231770003,
              18.4750002621
            ],
            [
              73.89999898440003,
              18.4750002621
            ],
            [
              73.89999898440003,
              18.4666669288
            ],
            [
              73.90833231770003,
              18.4666669288
            ]
          ]
        ]
      }
    },
    {
      "type": "Feature",
      "id": "cell-22-21",
      "properties": {
        "population": 5687.587,
        "density": 6647.29,
        "cell_area_sqkm": 0.855625,
        "row": 22,
        "col": 21,
        "source": "WorldPop"
      },
      "geometry": {
        "type": "Polygon",
        "coordinates": [
          [
            [
              73.91666565100003,
              18.4666669288
            ],
            [
              73.91666565100003,
              18.4750002621
            ],
            [
              73.90833231770003,
              18.4750002621
            ],
            [
              73.90833231770003,
              18.4666669288
            ],
            [
              73.91666565100003,
              18.4666669288
            ]
          ]
        ]
      }
    },
    {
      "type": "Feature",
      "id": "cell-22-22",
      "properties": {
        "population": 6530.931,
        "density": 7632.936,
        "cell_area_sqkm": 0.855625,
        "row": 22,
        "col": 22,
        "source": "WorldPop"
      },
      "geometry": {
        "type": "Polygon",
        "coordinates": [
          [
            [
              73.92499898430003,
              18.4666669288
            ],
            [
              73.92499898430003,
              18.4750002621
            ],
            [
              73.91666565100003,
              18.4750002621
            ],
            [
              73.91666565100003,
              18.4666669288
            ],
            [
              73.92499898430003,
              18.4666669288
            ]
          ]
        ]
      }
    },
    {
      "type": "Feature",
      "id": "cell-22-23",
      "properties": {
        "population": 3396.677,
        "density": 3969.819,
        "cell_area_sqkm": 0.855625,
        "row": 22,
        "col": 23,
        "source": "WorldPop"
      },
      "geometry": {
        "type": "Polygon",
        "coordinates": [
          [
            [
              73.93333231760003,
              18.4666669288
            ],
            [
              73.93333231760003,
              18.4750002621
            ],
            [
              73.92499898430003,
              18.4750002621
            ],
            [
              73.92499898430003,
              18.4666669288
            ],
            [
              73.93333231760003,
              18.4666669288
            ]
          ]
        ]
      }
    },
    {
      "type": "Feature",
      "id": "cell-22-24",
      "properties": {
        "population": 4577.776,
        "density": 5350.213,
        "cell_area_sqkm": 0.855625,
        "row": 22,
        "col": 24,
        "source": "WorldPop"
      },
      "geometry": {
        "type": "Polygon",
        "coordinates": [
          [
            [
              73.94166565090003,
              18.4666669288
            ],
            [
              73.94166565090003,
              18.4750002621
            ],
            [
              73.93333231760003,
              18.4750002621
            ],
            [
              73.93333231760003,
              18.4666669288
            ],
            [
              73.94166565090003,
              18.4666669288
            ]
          ]
        ]
      }
    },
    {
      "type": "Feature",
      "id": "cell-22-25",
      "properties": {
        "population": 2474.546,
        "density": 2892.092,
        "cell_area_sqkm": 0.855625,
        "row": 22,
        "col": 25,
        "source": "WorldPop"
      },
      "geometry": {
        "type": "Polygon",
        "coordinates": [
          [
            [
              73.94999898420004,
              18.4666669288
            ],
            [
              73.94999898420004,
              18.4750002621
            ],
            [
              73.94166565090003,
              18.4750002621
            ],
            [
              73.94166565090003,
              18.4666669288
            ],
            [
              73.94999898420004,
              18.4666669288
            ]
          ]
        ]
      }
    },
    {
      "type": "Feature",
      "id": "cell-22-26",
      "properties": {
        "population": 4582.297,
        "density": 5355.497,
        "cell_area_sqkm": 0.855625,
        "row": 22,
        "col": 26,
        "source": "WorldPop"
      },
      "geometry": {
        "type": "Polygon",
        "coordinates": [
          [
            [
              73.95833231750004,
              18.4666669288
            ],
            [
              73.95833231750004,
              18.4750002621
            ],
            [
              73.94999898420004,
              18.4750002621
            ],
            [
              73.94999898420004,
              18.4666669288
            ],
            [
              73.95833231750004,
              18.4666669288
            ]
          ]
        ]
      }
    },
    {
      "type": "Feature",
      "id": "cell-22-27",
      "properties": {
        "population": 4988.351,
        "density": 5830.066,
        "cell_area_sqkm": 0.855625,
        "row": 22,
        "col": 27,
        "source": "WorldPop"
      },
      "geometry": {
        "type": "Polygon",
        "coordinates": [
          [
            [
              73.96666565080002,
              18.4666669288
            ],
            [
              73.96666565080002,
              18.4750002621
            ],
            [
              73.95833231750004,
              18.4750002621
            ],
            [
              73.95833231750004,
              18.4666669288
            ],
            [
              73.96666565080002,
              18.4666669288
            ]
          ]
        ]
      }
    },
    {
      "type": "Feature",
      "id": "cell-22-28",
      "properties": {
        "population": 1204.168,
        "density": 1407.355,
        "cell_area_sqkm": 0.855625,
        "row": 22,
        "col": 28,
        "source": "WorldPop"
      },
      "geometry": {
        "type": "Polygon",
        "coordinates": [
          [
            [
              73.97499898410003,
              18.4666669288
            ],
            [
              73.97499898410003,
              18.4750002621
            ],
            [
              73.96666565080002,
              18.4750002621
            ],
            [
              73.96666565080002,
              18.4666669288
            ],
            [
              73.97499898410003,
              18.4666669288
            ]
          ]
        ]
      }
    },
    {
      "type": "Feature",
      "id": "cell-22-29",
      "properties": {
        "population": 5358.559,
        "density": 6262.743,
        "cell_area_sqkm": 0.855625,
        "row": 22,
        "col": 29,
        "source": "WorldPop"
      },
      "geometry": {
        "type": "Polygon",
        "coordinates": [
          [
            [
              73.98333231740003,
              18.4666669288
            ],
            [
              73.98333231740003,
              18.4750002621
            ],
            [
              73.97499898410003,
              18.4750002621
            ],
            [
              73.97499898410003,
              18.4666669288
            ],
            [
              73.98333231740003,
              18.4666669288
            ]
          ]
        ]
      }
    },
    {
      "type": "Feature",
      "id": "cell-22-30",
      "properties": {
        "population": 1226.032,
        "density": 1432.908,
        "cell_area_sqkm": 0.855625,
        "row": 22,
        "col": 30,
        "source": "WorldPop"
      },
      "geometry": {
        "type": "Polygon",
        "coordinates": [
          [
            [
              73.99166565070003,
              18.4666669288
            ],
            [
              73.99166565070003,
              18.4750002621
            ],
            [
              73.98333231740003,
              18.4750002621
            ],
            [
              73.98333231740003,
              18.4666669288
            ],
            [
              73.99166565070003,
              18.4666669288
            ]
          ]
        ]
      }
    },
    {
      "type": "Feature",
      "id": "cell-23-0",
      "properties": {
        "population": 3.624,
        "density": 4.236,
        "cell_area_sqkm": 0.855625,
        "row": 23,
        "col": 0,
        "source": "WorldPop"
      },
      "geometry": {
        "type": "Polygon",
        "coordinates": [
          [
            [
              73.74166565170003,
              18.4583335955
            ],
            [
              73.74166565170003,
              18.4666669288
            ],
            [
              73.73333231840003,
              18.4666669288
            ],
            [
              73.73333231840003,
              18.4583335955
            ],
            [
              73.74166565170003,
              18.4583335955
            ]
          ]
        ]
      }
    },
    {
      "type": "Feature",
      "id": "cell-23-1",
      "properties": {
        "population": 862.835,
        "density": 1008.427,
        "cell_area_sqkm": 0.855625,
        "row": 23,
        "col": 1,
        "source": "WorldPop"
      },
      "geometry": {
        "type": "Polygon",
        "coordinates": [
          [
            [
              73.74999898500003,
              18.4583335955
            ],
            [
              73.74999898500003,
              18.4666669288
            ],
            [
              73.74166565170003,
              18.4666669288
            ],
            [
              73.74166565170003,
              18.4583335955
            ],
            [
              73.74999898500003,
              18.4583335955
            ]
          ]
        ]
      }
    },
    {
      "type": "Feature",
      "id": "cell-23-2",
      "properties": {
        "population": 1597.981,
        "density": 1867.619,
        "cell_area_sqkm": 0.855625,
        "row": 23,
        "col": 2,
        "source": "WorldPop"
      },
      "geometry": {
        "type": "Polygon",
        "coordinates": [
          [
            [
              73.75833231830003,
              18.4583335955
            ],
            [
              73.75833231830003,
              18.4666669288
            ],
            [
              73.74999898500003,
              18.4666669288
            ],
            [
              73.74999898500003,
              18.4583335955
            ],
            [
              73.75833231830003,
              18.4583335955
            ]
          ]
        ]
      }
    },
    {
      "type": "Feature",
      "id": "cell-23-3",
      "properties": {
        "population": 4786.445,
        "density": 5594.092,
        "cell_area_sqkm": 0.855625,
        "row": 23,
        "col": 3,
        "source": "WorldPop"
      },
      "geometry": {
        "type": "Polygon",
        "coordinates": [
          [
            [
              73.76666565160004,
              18.4583335955
            ],
            [
              73.76666565160004,
              18.4666669288
            ],
            [
              73.75833231830003,
              18.4666669288
            ],
            [
              73.75833231830003,
              18.4583335955
            ],
            [
              73.76666565160004,
              18.4583335955
            ]
          ]
        ]
      }
    },
    {
      "type": "Feature",
      "id": "cell-23-4",
      "properties": {
        "population": 6688.474,
        "density": 7817.063,
        "cell_area_sqkm": 0.855625,
        "row": 23,
        "col": 4,
        "source": "WorldPop"
      },
      "geometry": {
        "type": "Polygon",
        "coordinates": [
          [
            [
              73.77499898490004,
              18.4583335955
            ],
            [
              73.77499898490004,
              18.4666669288
            ],
            [
              73.76666565160004,
              18.4666669288
            ],
            [
              73.76666565160004,
              18.4583335955
            ],
            [
              73.77499898490004,
              18.4583335955
            ]
          ]
        ]
      }
    },
    {
      "type": "Feature",
      "id": "cell-23-5",
      "properties": {
        "population": 7080.164,
        "density": 8274.844,
        "cell_area_sqkm": 0.855625,
        "row": 23,
        "col": 5,
        "source": "WorldPop"
      },
      "geometry": {
        "type": "Polygon",
        "coordinates": [
          [
            [
              73.78333231820002,
              18.4583335955
            ],
            [
              73.78333231820002,
              18.4666669288
            ],
            [
              73.77499898490004,
              18.4666669288
            ],
            [
              73.77499898490004,
              18.4583335955
            ],
            [
              73.78333231820002,
              18.4583335955
            ]
          ]
        ]
      }
    },
    {
      "type": "Feature",
      "id": "cell-23-6",
      "properties": {
        "population": 7719.767,
        "density": 9022.372,
        "cell_area_sqkm": 0.855625,
        "row": 23,
        "col": 6,
        "source": "WorldPop"
      },
      "geometry": {
        "type": "Polygon",
        "coordinates": [
          [
            [
              73.79166565150003,
              18.4583335955
            ],
            [
              73.79166565150003,
              18.4666669288
            ],
            [
              73.78333231820002,
              18.4666669288
            ],
            [
              73.78333231820002,
              18.4583335955
            ],
            [
              73.79166565150003,
              18.4583335955
            ]
          ]
        ]
      }
    },
    {
      "type": "Feature",
      "id": "cell-23-7",
      "properties": {
        "population": 4515.985,
        "density": 5277.995,
        "cell_area_sqkm": 0.855625,
        "row": 23,
        "col": 7,
        "source": "WorldPop"
      },
      "geometry": {
        "type": "Polygon",
        "coordinates": [
          [
            [
              73.79999898480003,
              18.4583335955
            ],
            [
              73.79999898480003,
              18.4666669288
            ],
            [
              73.79166565150003,
              18.4666669288
            ],
            [
              73.79166565150003,
              18.4583335955
            ],
            [
              73.79999898480003,
              18.4583335955
            ]
          ]
        ]
      }
    },
    {
      "type": "Feature",
      "id": "cell-23-8",
      "properties": {
        "population": 5307.641,
        "density": 6203.232,
        "cell_area_sqkm": 0.855625,
        "row": 23,
        "col": 8,
        "source": "WorldPop"
      },
      "geometry": {
        "type": "Polygon",
        "coordinates": [
          [
            [
              73.80833231810003,
              18.4583335955
            ],
            [
              73.80833231810003,
              18.4666669288
            ],
            [
              73.79999898480003,
              18.4666669288
            ],
            [
              73.79999898480003,
              18.4583335955
            ],
            [
              73.80833231810003,
              18.4583335955
            ]
          ]
        ]
      }
    },
    {
      "type": "Feature",
      "id": "cell-23-9",
      "properties": {
        "population": 9454.666,
        "density": 11050.012,
        "cell_area_sqkm": 0.855625,
        "row": 23,
        "col": 9,
        "source": "WorldPop"
      },
      "geometry": {
        "type": "Polygon",
        "coordinates": [
          [
            [
              73.81666565140003,
              18.4583335955
            ],
            [
              73.81666565140003,
              18.4666669288
            ],
            [
              73.80833231810003,
              18.4666669288
            ],
            [
              73.80833231810003,
              18.4583335955
            ],
            [
              73.81666565140003,
              18.4583335955
            ]
          ]
        ]
      }
    },
    {
      "type": "Feature",
      "id": "cell-23-10",
      "properties": {
        "population": 12726.525,
        "density": 14873.952,
        "cell_area_sqkm": 0.855625,
        "row": 23,
        "col": 10,
        "source": "WorldPop"
      },
      "geometry": {
        "type": "Polygon",
        "coordinates": [
          [
            [
              73.82499898470003,
              18.4583335955
            ],
            [
              73.82499898470003,
              18.4666669288
            ],
            [
              73.81666565140003,
              18.4666669288
            ],
            [
              73.81666565140003,
              18.4583335955
            ],
            [
              73.82499898470003,
              18.4583335955
            ]
          ]
        ]
      }
    },
    {
      "type": "Feature",
      "id": "cell-23-11",
      "properties": {
        "population": 9308.557,
        "density": 10879.248,
        "cell_area_sqkm": 0.855625,
        "row": 23,
        "col": 11,
        "source": "WorldPop"
      },
      "geometry": {
        "type": "Polygon",
        "coordinates": [
          [
            [
              73.83333231800003,
              18.4583335955
            ],
            [
              73.83333231800003,
              18.4666669288
            ],
            [
              73.82499898470003,
              18.4666669288
            ],
            [
              73.82499898470003,
              18.4583335955
            ],
            [
              73.83333231800003,
              18.4583335955
            ]
          ]
        ]
      }
    },
    {
      "type": "Feature",
      "id": "cell-23-12",
      "properties": {
        "population": 6216.53,
        "density": 7265.484,
        "cell_area_sqkm": 0.855625,
        "row": 23,
        "col": 12,
        "source": "WorldPop"
      },
      "geometry": {
        "type": "Polygon",
        "coordinates": [
          [
            [
              73.84166565130003,
              18.4583335955
            ],
            [
              73.84166565130003,
              18.4666669288
            ],
            [
              73.83333231800003,
              18.4666669288
            ],
            [
              73.83333231800003,
              18.4583335955
            ],
            [
              73.84166565130003,
              18.4583335955
            ]
          ]
        ]
      }
    },
    {
      "type": "Feature",
      "id": "cell-23-13",
      "properties": {
        "population": 6917.204,
        "density": 8084.387,
        "cell_area_sqkm": 0.855625,
        "row": 23,
        "col": 13,
        "source": "WorldPop"
      },
      "geometry": {
        "type": "Polygon",
        "coordinates": [
          [
            [
              73.84999898460003,
              18.4583335955
            ],
            [
              73.84999898460003,
              18.4666669288
            ],
            [
              73.84166565130003,
              18.4666669288
            ],
            [
              73.84166565130003,
              18.4583335955
            ],
            [
              73.84999898460003,
              18.4583335955
            ]
          ]
        ]
      }
    },
    {
      "type": "Feature",
      "id": "cell-23-14",
      "properties": {
        "population": 9995.84,
        "density": 11682.501,
        "cell_area_sqkm": 0.855625,
        "row": 23,
        "col": 14,
        "source": "WorldPop"
      },
      "geometry": {
        "type": "Polygon",
        "coordinates": [
          [
            [
              73.85833231790004,
              18.4583335955
            ],
            [
              73.85833231790004,
              18.4666669288
            ],
            [
              73.84999898460003,
              18.4666669288
            ],
            [
              73.84999898460003,
              18.4583335955
            ],
            [
              73.85833231790004,
              18.4583335955
            ]
          ]
        ]
      }
    },
    {
      "type": "Feature",
      "id": "cell-23-15",
      "properties": {
        "population": 10553.759,
        "density": 12334.561,
        "cell_area_sqkm": 0.855625,
        "row": 23,
        "col": 15,
        "source": "WorldPop"
      },
      "geometry": {
        "type": "Polygon",
        "coordinates": [
          [
            [
              73.86666565120004,
              18.4583335955
            ],
            [
              73.86666565120004,
              18.4666669288
            ],
            [
              73.85833231790004,
              18.4666669288
            ],
            [
              73.85833231790004,
              18.4583335955
            ],
            [
              73.86666565120004,
              18.4583335955
            ]
          ]
        ]
      }
    },
    {
      "type": "Feature",
      "id": "cell-23-16",
      "properties": {
        "population": 9939.07,
        "density": 11616.152,
        "cell_area_sqkm": 0.855625,
        "row": 23,
        "col": 16,
        "source": "WorldPop"
      },
      "geometry": {
        "type": "Polygon",
        "coordinates": [
          [
            [
              73.87499898450002,
              18.4583335955
            ],
            [
              73.87499898450002,
              18.4666669288
            ],
            [
              73.86666565120004,
              18.4666669288
            ],
            [
              73.86666565120004,
              18.4583335955
            ],
            [
              73.87499898450002,
              18.4583335955
            ]
          ]
        ]
      }
    },
    {
      "type": "Feature",
      "id": "cell-23-17",
      "properties": {
        "population": 10554.886,
        "density": 12335.878,
        "cell_area_sqkm": 0.855625,
        "row": 23,
        "col": 17,
        "source": "WorldPop"
      },
      "geometry": {
        "type": "Polygon",
        "coordinates": [
          [
            [
              73.88333231780003,
              18.4583335955
            ],
            [
              73.88333231780003,
              18.4666669288
            ],
            [
              73.87499898450002,
              18.4666669288
            ],
            [
              73.87499898450002,
              18.4583335955
            ],
            [
              73.88333231780003,
              18.4583335955
            ]
          ]
        ]
      }
    },
    {
      "type": "Feature",
      "id": "cell-23-18",
      "properties": {
        "population": 9158.833,
        "density": 10704.261,
        "cell_area_sqkm": 0.855625,
        "row": 23,
        "col": 18,
        "source": "WorldPop"
      },
      "geometry": {
        "type": "Polygon",
        "coordinates": [
          [
            [
              73.89166565110003,
              18.4583335955
            ],
            [
              73.89166565110003,
              18.4666669288
            ],
            [
              73.88333231780003,
              18.4666669288
            ],
            [
              73.88333231780003,
              18.4583335955
            ],
            [
              73.89166565110003,
              18.4583335955
            ]
          ]
        ]
      }
    },
    {
      "type": "Feature",
      "id": "cell-23-19",
      "properties": {
        "population": 5739.917,
        "density": 6708.449,
        "cell_area_sqkm": 0.855625,
        "row": 23,
        "col": 19,
        "source": "WorldPop"
      },
      "geometry": {
        "type": "Polygon",
        "coordinates": [
          [
            [
              73.89999898440003,
              18.4583335955
            ],
            [
              73.89999898440003,
              18.4666669288
            ],
            [
              73.89166565110003,
              18.4666669288
            ],
            [
              73.89166565110003,
              18.4583335955
            ],
            [
              73.89999898440003,
              18.4583335955
            ]
          ]
        ]
      }
    },
    {
      "type": "Feature",
      "id": "cell-23-20",
      "properties": {
        "population": 5791.458,
        "density": 6768.687,
        "cell_area_sqkm": 0.855625,
        "row": 23,
        "col": 20,
        "source": "WorldPop"
      },
      "geometry": {
        "type": "Polygon",
        "coordinates": [
          [
            [
              73.90833231770003,
              18.4583335955
            ],
            [
              73.90833231770003,
              18.4666669288
            ],
            [
              73.89999898440003,
              18.4666669288
            ],
            [
              73.89999898440003,
              18.4583335955
            ],
            [
              73.90833231770003,
              18.4583335955
            ]
          ]
        ]
      }
    },
    {
      "type": "Feature",
      "id": "cell-23-21",
      "properties": {
        "population": 8746.884,
        "density": 10222.801,
        "cell_area_sqkm": 0.855625,
        "row": 23,
        "col": 21,
        "source": "WorldPop"
      },
      "geometry": {
        "type": "Polygon",
        "coordinates": [
          [
            [
              73.91666565100003,
              18.4583335955
            ],
            [
              73.91666565100003,
              18.4666669288
            ],
            [
              73.90833231770003,
              18.4666669288
            ],
            [
              73.90833231770003,
              18.4583335955
            ],
            [
              73.91666565100003,
              18.4583335955
            ]
          ]
        ]
      }
    },
    {
      "type": "Feature",
      "id": "cell-23-22",
      "properties": {
        "population": 7130.152,
        "density": 8333.268,
        "cell_area_sqkm": 0.855625,
        "row": 23,
        "col": 22,
        "source": "WorldPop"
      },
      "geometry": {
        "type": "Polygon",
        "coordinates": [
          [
            [
              73.92499898430003,
              18.4583335955
            ],
            [
              73.92499898430003,
              18.4666669288
            ],
            [
              73.91666565100003,
              18.4666669288
            ],
            [
              73.91666565100003,
              18.4583335955
            ],
            [
              73.92499898430003,
              18.4583335955
            ]
          ]
        ]
      }
    },
    {
      "type": "Feature",
      "id": "cell-23-23",
      "properties": {
        "population": 2909.166,
        "density": 3400.047,
        "cell_area_sqkm": 0.855625,
        "row": 23,
        "col": 23,
        "source": "WorldPop"
      },
      "geometry": {
        "type": "Polygon",
        "coordinates": [
          [
            [
              73.93333231760003,
              18.4583335955
            ],
            [
              73.93333231760003,
              18.4666669288
            ],
            [
              73.92499898430003,
              18.4666669288
            ],
            [
              73.92499898430003,
              18.4583335955
            ],
            [
              73.93333231760003,
              18.4583335955
            ]
          ]
        ]
      }
    },
    {
      "type": "Feature",
      "id": "cell-23-24",
      "properties": {
        "population": 3719.21,
        "density": 4346.776,
        "cell_area_sqkm": 0.855625,
        "row": 23,
        "col": 24,
        "source": "WorldPop"
      },
      "geometry": {
        "type": "Polygon",
        "coordinates": [
          [
            [
              73.94166565090003,
              18.4583335955
            ],
            [
              73.94166565090003,
              18.4666669288
            ],
            [
              73.93333231760003,
              18.4666669288
            ],
            [
              73.93333231760003,
              18.4583335955
            ],
            [
              73.94166565090003,
              18.4583335955
            ]
          ]
        ]
      }
    },
    {
      "type": "Feature",
      "id": "cell-23-25",
      "properties": {
        "population": 2181.853,
        "density": 2550.011,
        "cell_area_sqkm": 0.855625,
        "row": 23,
        "col": 25,
        "source": "WorldPop"
      },
      "geometry": {
        "type": "Polygon",
        "coordinates": [
          [
            [
              73.94999898420004,
              18.4583335955
            ],
            [
              73.94999898420004,
              18.4666669288
            ],
            [
              73.94166565090003,
              18.4666669288
            ],
            [
              73.94166565090003,
              18.4583335955
            ],
            [
              73.94999898420004,
              18.4583335955
            ]
          ]
        ]
      }
    },
    {
      "type": "Feature",
      "id": "cell-23-26",
      "properties": {
        "population": 3496.355,
        "density": 4086.317,
        "cell_area_sqkm": 0.855625,
        "row": 23,
        "col": 26,
        "source": "WorldPop"
      },
      "geometry": {
        "type": "Polygon",
        "coordinates": [
          [
            [
              73.95833231750004,
              18.4583335955
            ],
            [
              73.95833231750004,
              18.4666669288
            ],
            [
              73.94999898420004,
              18.4666669288
            ],
            [
              73.94999898420004,
              18.4583335955
            ],
            [
              73.95833231750004,
              18.4583335955
            ]
          ]
        ]
      }
    },
    {
      "type": "Feature",
      "id": "cell-23-27",
      "properties": {
        "population": 5445.893,
        "density": 6364.813,
        "cell_area_sqkm": 0.855625,
        "row": 23,
        "col": 27,
        "source": "WorldPop"
      },
      "geometry": {
        "type": "Polygon",
        "coordinates": [
          [
            [
              73.96666565080002,
              18.4583335955
            ],
            [
              73.96666565080002,
              18.4666669288
            ],
            [
              73.95833231750004,
              18.4666669288
            ],
            [
              73.95833231750004,
              18.4583335955
            ],
            [
              73.96666565080002,
              18.4583335955
            ]
          ]
        ]
      }
    },
    {
      "type": "Feature",
      "id": "cell-23-28",
      "properties": {
        "population": 1975.73,
        "density": 2309.107,
        "cell_area_sqkm": 0.855625,
        "row": 23,
        "col": 28,
        "source": "WorldPop"
      },
      "geometry": {
        "type": "Polygon",
        "coordinates": [
          [
            [
              73.97499898410003,
              18.4583335955
            ],
            [
              73.97499898410003,
              18.4666669288
            ],
            [
              73.96666565080002,
              18.4666669288
            ],
            [
              73.96666565080002,
              18.4583335955
            ],
            [
              73.97499898410003,
              18.4583335955
            ]
          ]
        ]
      }
    },
    {
      "type": "Feature",
      "id": "cell-23-29",
      "properties": {
        "population": 1991.582,
        "density": 2327.634,
        "cell_area_sqkm": 0.855625,
        "row": 23,
        "col": 29,
        "source": "WorldPop"
      },
      "geometry": {
        "type": "Polygon",
        "coordinates": [
          [
            [
              73.98333231740003,
              18.4583335955
            ],
            [
              73.98333231740003,
              18.4666669288
            ],
            [
              73.97499898410003,
              18.4666669288
            ],
            [
              73.97499898410003,
              18.4583335955
            ],
            [
              73.98333231740003,
              18.4583335955
            ]
          ]
        ]
      }
    },
    {
      "type": "Feature",
      "id": "cell-23-30",
      "properties": {
        "population": 557.564,
        "density": 651.646,
        "cell_area_sqkm": 0.855625,
        "row": 23,
        "col": 30,
        "source": "WorldPop"
      },
      "geometry": {
        "type": "Polygon",
        "coordinates": [
          [
            [
              73.99166565070003,
              18.4583335955
            ],
            [
              73.99166565070003,
              18.4666669288
            ],
            [
              73.98333231740003,
              18.4666669288
            ],
            [
              73.98333231740003,
              18.4583335955
            ],
            [
              73.99166565070003,
              18.4583335955
            ]
          ]
        ]
      }
    },
    {
      "type": "Feature",
      "id": "cell-24-0",
      "properties": {
        "population": 63.488,
        "density": 74.2,
        "cell_area_sqkm": 0.855625,
        "row": 24,
        "col": 0,
        "source": "WorldPop"
      },
      "geometry": {
        "type": "Polygon",
        "coordinates": [
          [
            [
              73.74166565170003,
              18.4500002622
            ],
            [
              73.74166565170003,
              18.4583335955
            ],
            [
              73.73333231840003,
              18.4583335955
            ],
            [
              73.73333231840003,
              18.4500002622
            ],
            [
              73.74166565170003,
              18.4500002622
            ]
          ]
        ]
      }
    },
    {
      "type": "Feature",
      "id": "cell-24-1",
      "properties": {
        "population": 514.983,
        "density": 601.88,
        "cell_area_sqkm": 0.855625,
        "row": 24,
        "col": 1,
        "source": "WorldPop"
      },
      "geometry": {
        "type": "Polygon",
        "coordinates": [
          [
            [
              73.74999898500003,
              18.4500002622
            ],
            [
              73.74999898500003,
              18.4583335955
            ],
            [
              73.74166565170003,
              18.4583335955
            ],
            [
              73.74166565170003,
              18.4500002622
            ],
            [
              73.74999898500003,
              18.4500002622
            ]
          ]
        ]
      }
    },
    {
      "type": "Feature",
      "id": "cell-24-2",
      "properties": {
        "population": 1225.162,
        "density": 1431.892,
        "cell_area_sqkm": 0.855625,
        "row": 24,
        "col": 2,
        "source": "WorldPop"
      },
      "geometry": {
        "type": "Polygon",
        "coordinates": [
          [
            [
              73.75833231830003,
              18.4500002622
            ],
            [
              73.75833231830003,
              18.4583335955
            ],
            [
              73.74999898500003,
              18.4583335955
            ],
            [
              73.74999898500003,
              18.4500002622
            ],
            [
              73.75833231830003,
              18.4500002622
            ]
          ]
        ]
      }
    },
    {
      "type": "Feature",
      "id": "cell-24-3",
      "properties": {
        "population": 2996.532,
        "density": 3502.156,
        "cell_area_sqkm": 0.855625,
        "row": 24,
        "col": 3,
        "source": "WorldPop"
      },
      "geometry": {
        "type": "Polygon",
        "coordinates": [
          [
            [
              73.76666565160004,
              18.4500002622
            ],
            [
              73.76666565160004,
              18.4583335955
            ],
            [
              73.75833231830003,
              18.4583335955
            ],
            [
              73.75833231830003,
              18.4500002622
            ],
            [
              73.76666565160004,
              18.4500002622
            ]
          ]
        ]
      }
    },
    {
      "type": "Feature",
      "id": "cell-24-4",
      "properties": {
        "population": 3713.605,
        "density": 4340.225,
        "cell_area_sqkm": 0.855625,
        "row": 24,
        "col": 4,
        "source": "WorldPop"
      },
      "geometry": {
        "type": "Polygon",
        "coordinates": [
          [
            [
              73.77499898490004,
              18.4500002622
            ],
            [
              73.77499898490004,
              18.4583335955
            ],
            [
              73.76666565160004,
              18.4583335955
            ],
            [
              73.76666565160004,
              18.4500002622
            ],
            [
              73.77499898490004,
              18.4500002622
            ]
          ]
        ]
      }
    },
    {
      "type": "Feature",
      "id": "cell-24-5",
      "properties": {
        "population": 1748.996,
        "density": 2044.115,
        "cell_area_sqkm": 0.855625,
        "row": 24,
        "col": 5,
        "source": "WorldPop"
      },
      "geometry": {
        "type": "Polygon",
        "coordinates": [
          [
            [
              73.78333231820002,
              18.4500002622
            ],
            [
              73.78333231820002,
              18.4583335955
            ],
            [
              73.77499898490004,
              18.4583335955
            ],
            [
              73.77499898490004,
              18.4500002622
            ],
            [
              73.78333231820002,
              18.4500002622
            ]
          ]
        ]
      }
    },
    {
      "type": "Feature",
      "id": "cell-24-6",
      "properties": {
        "population": 7093.362,
        "density": 8290.27,
        "cell_area_sqkm": 0.855625,
        "row": 24,
        "col": 6,
        "source": "WorldPop"
      },
      "geometry": {
        "type": "Polygon",
        "coordinates": [
          [
            [
              73.79166565150003,
              18.4500002622
            ],
            [
              73.79166565150003,
              18.4583335955
            ],
            [
              73.78333231820002,
              18.4583335955
            ],
            [
              73.78333231820002,
              18.4500002622
            ],
            [
              73.79166565150003,
              18.4500002622
            ]
          ]
        ]
      }
    },
    {
      "type": "Feature",
      "id": "cell-24-7",
      "properties": {
        "population": 8912.611,
        "density": 10416.493,
        "cell_area_sqkm": 0.855625,
        "row": 24,
        "col": 7,
        "source": "WorldPop"
      },
      "geometry": {
        "type": "Polygon",
        "coordinates": [
          [
            [
              73.79999898480003,
              18.4500002622
            ],
            [
              73.79999898480003,
              18.4583335955
            ],
            [
              73.79166565150003,
              18.4583335955
            ],
            [
              73.79166565150003,
              18.4500002622
            ],
            [
              73.79999898480003,
              18.4500002622
            ]
          ]
        ]
      }
    },
    {
      "type": "Feature",
      "id": "cell-24-8",
      "properties": {
        "population": 6302.19,
        "density": 7365.598,
        "cell_area_sqkm": 0.855625,
        "row": 24,
        "col": 8,
        "source": "WorldPop"
      },
      "geometry": {
        "type": "Polygon",
        "coordinates": [
          [
            [
              73.80833231810003,
              18.4500002622
            ],
            [
              73.80833231810003,
              18.4583335955
            ],
            [
              73.79999898480003,
              18.4583335955
            ],
            [
              73.79999898480003,
              18.4500002622
            ],
            [
              73.80833231810003,
              18.4500002622
            ]
          ]
        ]
      }
    },
    {
      "type": "Feature",
      "id": "cell-24-9",
      "properties": {
        "population": 10463.27,
        "density": 12228.803,
        "cell_area_sqkm": 0.855625,
        "row": 24,
        "col": 9,
        "source": "WorldPop"
      },
      "geometry": {
        "type": "Polygon",
        "coordinates": [
          [
            [
              73.81666565140003,
              18.4500002622
            ],
            [
              73.81666565140003,
              18.4583335955
            ],
            [
              73.80833231810003,
              18.4583335955
            ],
            [
              73.80833231810003,
              18.4500002622
            ],
            [
              73.81666565140003,
              18.4500002622
            ]
          ]
        ]
      }
    },
    {
      "type": "Feature",
      "id": "cell-24-10",
      "properties": {
        "population": 9414.466,
        "density": 11003.028,
        "cell_area_sqkm": 0.855625,
        "row": 24,
        "col": 10,
        "source": "WorldPop"
      },
      "geometry": {
        "type": "Polygon",
        "coordinates": [
          [
            [
              73.82499898470003,
              18.4500002622
            ],
            [
              73.82499898470003,
              18.4583335955
            ],
            [
              73.81666565140003,
              18.4583335955
            ],
            [
              73.81666565140003,
              18.4500002622
            ],
            [
              73.82499898470003,
              18.4500002622
            ]
          ]
        ]
      }
    },
    {
      "type": "Feature",
      "id": "cell-24-11",
      "properties": {
        "population": 10128.353,
        "density": 11837.373,
        "cell_area_sqkm": 0.855625,
        "row": 24,
        "col": 11,
        "source": "WorldPop"
      },
      "geometry": {
        "type": "Polygon",
        "coordinates": [
          [
            [
              73.83333231800003,
              18.4500002622
            ],
            [
              73.83333231800003,
              18.4583335955
            ],
            [
              73.82499898470003,
              18.4583335955
            ],
            [
              73.82499898470003,
              18.4500002622
            ],
            [
              73.83333231800003,
              18.4500002622
            ]
          ]
        ]
      }
    },
    {
      "type": "Feature",
      "id": "cell-24-12",
      "properties": {
        "population": 9380.771,
        "density": 10963.647,
        "cell_area_sqkm": 0.855625,
        "row": 24,
        "col": 12,
        "source": "WorldPop"
      },
      "geometry": {
        "type": "Polygon",
        "coordinates": [
          [
            [
              73.84166565130003,
              18.4500002622
            ],
            [
              73.84166565130003,
              18.4583335955
            ],
            [
              73.83333231800003,
              18.4583335955
            ],
            [
              73.83333231800003,
              18.4500002622
            ],
            [
              73.84166565130003,
              18.4500002622
            ]
          ]
        ]
      }
    },
    {
      "type": "Feature",
      "id": "cell-24-13",
      "properties": {
        "population": 9675.097,
        "density": 11307.637,
        "cell_area_sqkm": 0.855625,
        "row": 24,
        "col": 13,
        "source": "WorldPop"
      },
      "geometry": {
        "type": "Polygon",
        "coordinates": [
          [
            [
              73.84999898460003,
              18.4500002622
            ],
            [
              73.84999898460003,
              18.4583335955
            ],
            [
              73.84166565130003,
              18.4583335955
            ],
            [
              73.84166565130003,
              18.4500002622
            ],
            [
              73.84999898460003,
              18.4500002622
            ]
          ]
        ]
      }
    },
    {
      "type": "Feature",
      "id": "cell-24-14",
      "properties": {
        "population": 9761.565,
        "density": 11408.696,
        "cell_area_sqkm": 0.855625,
        "row": 24,
        "col": 14,
        "source": "WorldPop"
      },
      "geometry": {
        "type": "Polygon",
        "coordinates": [
          [
            [
              73.85833231790004,
              18.4500002622
            ],
            [
              73.85833231790004,
              18.4583335955
            ],
            [
              73.84999898460003,
              18.4583335955
            ],
            [
              73.84999898460003,
              18.4500002622
            ],
            [
              73.85833231790004,
              18.4500002622
            ]
          ]
        ]
      }
    },
    {
      "type": "Feature",
      "id": "cell-24-15",
      "properties": {
        "population": 5289.369,
        "density": 6181.878,
        "cell_area_sqkm": 0.855625,
        "row": 24,
        "col": 15,
        "source": "WorldPop"
      },
      "geometry": {
        "type": "Polygon",
        "coordinates": [
          [
            [
              73.86666565120004,
              18.4500002622
            ],
            [
              73.86666565120004,
              18.4583335955
            ],
            [
              73.85833231790004,
              18.4583335955
            ],
            [
              73.85833231790004,
              18.4500002622
            ],
            [
              73.86666565120004,
              18.4500002622
            ]
          ]
        ]
      }
    },
    {
      "type": "Feature",
      "id": "cell-24-16",
      "properties": {
        "population": 9744.607,
        "density": 11388.877,
        "cell_area_sqkm": 0.855625,
        "row": 24,
        "col": 16,
        "source": "WorldPop"
      },
      "geometry": {
        "type": "Polygon",
        "coordinates": [
          [
            [
              73.87499898450002,
              18.4500002622
            ],
            [
              73.87499898450002,
              18.4583335955
            ],
            [
              73.86666565120004,
              18.4583335955
            ],
            [
              73.86666565120004,
              18.4500002622
            ],
            [
              73.87499898450002,
              18.4500002622
            ]
          ]
        ]
      }
    },
    {
      "type": "Feature",
      "id": "cell-24-17",
      "properties": {
        "population": 9088.327,
        "density": 10621.858,
        "cell_area_sqkm": 0.855625,
        "row": 24,
        "col": 17,
        "source": "WorldPop"
      },
      "geometry": {
        "type": "Polygon",
        "coordinates": [
          [
            [
              73.88333231780003,
              18.4500002622
            ],
            [
              73.88333231780003,
              18.4583335955
            ],
            [
              73.87499898450002,
              18.4583335955
            ],
            [
              73.87499898450002,
              18.4500002622
            ],
            [
              73.88333231780003,
              18.4500002622
            ]
          ]
        ]
      }
    },
    {
      "type": "Feature",
      "id": "cell-24-18",
      "properties": {
        "population": 8294.757,
        "density": 9694.384,
        "cell_area_sqkm": 0.855625,
        "row": 24,
        "col": 18,
        "source": "WorldPop"
      },
      "geometry": {
        "type": "Polygon",
        "coordinates": [
          [
            [
              73.89166565110003,
              18.4500002622
            ],
            [
              73.89166565110003,
              18.4583335955
            ],
            [
              73.88333231780003,
              18.4583335955
            ],
            [
              73.88333231780003,
              18.4500002622
            ],
            [
              73.89166565110003,
              18.4500002622
            ]
          ]
        ]
      }
    },
    {
      "type": "Feature",
      "id": "cell-24-19",
      "properties": {
        "population": 7096.818,
        "density": 8294.309,
        "cell_area_sqkm": 0.855625,
        "row": 24,
        "col": 19,
        "source": "WorldPop"
      },
      "geometry": {
        "type": "Polygon",
        "coordinates": [
          [
            [
              73.89999898440003,
              18.4500002622
            ],
            [
              73.89999898440003,
              18.4583335955
            ],
            [
              73.89166565110003,
              18.4583335955
            ],
            [
              73.89166565110003,
              18.4500002622
            ],
            [
              73.89999898440003,
              18.4500002622
            ]
          ]
        ]
      }
    },
    {
      "type": "Feature",
      "id": "cell-24-20",
      "properties": {
        "population": 5062.99,
        "density": 5917.301,
        "cell_area_sqkm": 0.855625,
        "row": 24,
        "col": 20,
        "source": "WorldPop"
      },
      "geometry": {
        "type": "Polygon",
        "coordinates": [
          [
            [
              73.90833231770003,
              18.4500002622
            ],
            [
              73.90833231770003,
              18.4583335955
            ],
            [
              73.89999898440003,
              18.4583335955
            ],
            [
              73.89999898440003,
              18.4500002622
            ],
            [
              73.90833231770003,
              18.4500002622
            ]
          ]
        ]
      }
    },
    {
      "type": "Feature",
      "id": "cell-24-21",
      "properties": {
        "population": 7706.945,
        "density": 9007.387,
        "cell_area_sqkm": 0.855625,
        "row": 24,
        "col": 21,
        "source": "WorldPop"
      },
      "geometry": {
        "type": "Polygon",
        "coordinates": [
          [
            [
              73.91666565100003,
              18.4500002622
            ],
            [
              73.91666565100003,
              18.4583335955
            ],
            [
              73.90833231770003,
              18.4583335955
            ],
            [
              73.90833231770003,
              18.4500002622
            ],
            [
              73.91666565100003,
              18.4500002622
            ]
          ]
        ]
      }
    },
    {
      "type": "Feature",
      "id": "cell-24-22",
      "properties": {
        "population": 7157.265,
        "density": 8364.955,
        "cell_area_sqkm": 0.855625,
        "row": 24,
        "col": 22,
        "source": "WorldPop"
      },
      "geometry": {
        "type": "Polygon",
        "coordinates": [
          [
            [
              73.92499898430003,
              18.4500002622
            ],
            [
              73.92499898430003,
              18.4583335955
            ],
            [
              73.91666565100003,
              18.4583335955
            ],
            [
              73.91666565100003,
              18.4500002622
            ],
            [
              73.92499898430003,
              18.4500002622
            ]
          ]
        ]
      }
    },
    {
      "type": "Feature",
      "id": "cell-24-23",
      "properties": {
        "population": 6122.253,
        "density": 7155.3,
        "cell_area_sqkm": 0.855625,
        "row": 24,
        "col": 23,
        "source": "WorldPop"
      },
      "geometry": {
        "type": "Polygon",
        "coordinates": [
          [
            [
              73.93333231760003,
              18.4500002622
            ],
            [
              73.93333231760003,
              18.4583335955
            ],
            [
              73.92499898430003,
              18.4583335955
            ],
            [
              73.92499898430003,
              18.4500002622
            ],
            [
              73.93333231760003,
              18.4500002622
            ]
          ]
        ]
      }
    },
    {
      "type": "Feature",
      "id": "cell-24-24",
      "properties": {
        "population": 4969.317,
        "density": 5807.821,
        "cell_area_sqkm": 0.855625,
        "row": 24,
        "col": 24,
        "source": "WorldPop"
      },
      "geometry": {
        "type": "Polygon",
        "coordinates": [
          [
            [
              73.94166565090003,
              18.4500002622
            ],
            [
              73.94166565090003,
              18.4583335955
            ],
            [
              73.93333231760003,
              18.4583335955
            ],
            [
              73.93333231760003,
              18.4500002622
            ],
            [
              73.94166565090003,
              18.4500002622
            ]
          ]
        ]
      }
    },
    {
      "type": "Feature",
      "id": "cell-24-25",
      "properties": {
        "population": 3453.693,
        "density": 4036.456,
        "cell_area_sqkm": 0.855625,
        "row": 24,
        "col": 25,
        "source": "WorldPop"
      },
      "geometry": {
        "type": "Polygon",
        "coordinates": [
          [
            [
              73.94999898420004,
              18.4500002622
            ],
            [
              73.94999898420004,
              18.4583335955
            ],
            [
              73.94166565090003,
              18.4583335955
            ],
            [
              73.94166565090003,
              18.4500002622
            ],
            [
              73.94999898420004,
              18.4500002622
            ]
          ]
        ]
      }
    },
    {
      "type": "Feature",
      "id": "cell-24-26",
      "properties": {
        "population": 4760.69,
        "density": 5563.992,
        "cell_area_sqkm": 0.855625,
        "row": 24,
        "col": 26,
        "source": "WorldPop"
      },
      "geometry": {
        "type": "Polygon",
        "coordinates": [
          [
            [
              73.95833231750004,
              18.4500002622
            ],
            [
              73.95833231750004,
              18.4583335955
            ],
            [
              73.94999898420004,
              18.4583335955
            ],
            [
              73.94999898420004,
              18.4500002622
            ],
            [
              73.95833231750004,
              18.4500002622
            ]
          ]
        ]
      }
    },
    {
      "type": "Feature",
      "id": "cell-24-27",
      "properties": {
        "population": 4977.897,
        "density": 5817.85,
        "cell_area_sqkm": 0.855625,
        "row": 24,
        "col": 27,
        "source": "WorldPop"
      },
      "geometry": {
        "type": "Polygon",
        "coordinates": [
          [
            [
              73.96666565080002,
              18.4500002622
            ],
            [
              73.96666565080002,
              18.4583335955
            ],
            [
              73.95833231750004,
              18.4583335955
            ],
            [
              73.95833231750004,
              18.4500002622
            ],
            [
              73.96666565080002,
              18.4500002622
            ]
          ]
        ]
      }
    },
    {
      "type": "Feature",
      "id": "cell-24-28",
      "properties": {
        "population": 4453.058,
        "density": 5204.451,
        "cell_area_sqkm": 0.855625,
        "row": 24,
        "col": 28,
        "source": "WorldPop"
      },
      "geometry": {
        "type": "Polygon",
        "coordinates": [
          [
            [
              73.97499898410003,
              18.4500002622
            ],
            [
              73.97499898410003,
              18.4583335955
            ],
            [
              73.96666565080002,
              18.4583335955
            ],
            [
              73.96666565080002,
              18.4500002622
            ],
            [
              73.97499898410003,
              18.4500002622
            ]
          ]
        ]
      }
    },
    {
      "type": "Feature",
      "id": "cell-24-29",
      "properties": {
        "population": 855.64,
        "density": 1000.018,
        "cell_area_sqkm": 0.855625,
        "row": 24,
        "col": 29,
        "source": "WorldPop"
      },
      "geometry": {
        "type": "Polygon",
        "coordinates": [
          [
            [
              73.98333231740003,
              18.4500002622
            ],
            [
              73.98333231740003,
              18.4583335955
            ],
            [
              73.97499898410003,
              18.4583335955
            ],
            [
              73.97499898410003,
              18.4500002622
            ],
            [
              73.98333231740003,
              18.4500002622
            ]
          ]
        ]
      }
    },
    {
      "type": "Feature",
      "id": "cell-24-30",
      "properties": {
        "population": 1142.009,
        "density": 1334.707,
        "cell_area_sqkm": 0.855625,
        "row": 24,
        "col": 30,
        "source": "WorldPop"
      },
      "geometry": {
        "type": "Polygon",
        "coordinates": [
          [
            [
              73.99166565070003,
              18.4500002622
            ],
            [
              73.99166565070003,
              18.4583335955
            ],
            [
              73.98333231740003,
              18.4583335955
            ],
            [
              73.98333231740003,
              18.4500002622
            ],
            [
              73.99166565070003,
              18.4500002622
            ]
          ]
        ]
      }
    },
    {
      "type": "Feature",
      "id": "cell-25-1",
      "properties": {
        "population": 33.181,
        "density": 38.78,
        "cell_area_sqkm": 0.855625,
        "row": 25,
        "col": 1,
        "source": "WorldPop"
      },
      "geometry": {
        "type": "Polygon",
        "coordinates": [
          [
            [
              73.74999898500003,
              18.441666928900002
            ],
            [
              73.74999898500003,
              18.4500002622
            ],
            [
              73.74166565170003,
              18.4500002622
            ],
            [
              73.74166565170003,
              18.441666928900002
            ],
            [
              73.74999898500003,
              18.441666928900002
            ]
          ]
        ]
      }
    },
    {
      "type": "Feature",
      "id": "cell-25-2",
      "properties": {
        "population": 704.691,
        "density": 823.598,
        "cell_area_sqkm": 0.855625,
        "row": 25,
        "col": 2,
        "source": "WorldPop"
      },
      "geometry": {
        "type": "Polygon",
        "coordinates": [
          [
            [
              73.75833231830003,
              18.441666928900002
            ],
            [
              73.75833231830003,
              18.4500002622
            ],
            [
              73.74999898500003,
              18.4500002622
            ],
            [
              73.74999898500003,
              18.441666928900002
            ],
            [
              73.75833231830003,
              18.441666928900002
            ]
          ]
        ]
      }
    },
    {
      "type": "Feature",
      "id": "cell-25-3",
      "properties": {
        "population": 1064.43,
        "density": 1244.038,
        "cell_area_sqkm": 0.855625,
        "row": 25,
        "col": 3,
        "source": "WorldPop"
      },
      "geometry": {
        "type": "Polygon",
        "coordinates": [
          [
            [
              73.76666565160004,
              18.441666928900002
            ],
            [
              73.76666565160004,
              18.4500002622
            ],
            [
              73.75833231830003,
              18.4500002622
            ],
            [
              73.75833231830003,
              18.441666928900002
            ],
            [
              73.76666565160004,
              18.441666928900002
            ]
          ]
        ]
      }
    },
    {
      "type": "Feature",
      "id": "cell-25-4",
      "properties": {
        "population": 1228.23,
        "density": 1435.477,
        "cell_area_sqkm": 0.855625,
        "row": 25,
        "col": 4,
        "source": "WorldPop"
      },
      "geometry": {
        "type": "Polygon",
        "coordinates": [
          [
            [
              73.77499898490004,
              18.441666928900002
            ],
            [
              73.77499898490004,
              18.4500002622
            ],
            [
              73.76666565160004,
              18.4500002622
            ],
            [
              73.76666565160004,
              18.441666928900002
            ],
            [
              73.77499898490004,
              18.441666928900002
            ]
          ]
        ]
      }
    },
    {
      "type": "Feature",
      "id": "cell-25-5",
      "properties": {
        "population": 3787.059,
        "density": 4426.073,
        "cell_area_sqkm": 0.855625,
        "row": 25,
        "col": 5,
        "source": "WorldPop"
      },
      "geometry": {
        "type": "Polygon",
        "coordinates": [
          [
            [
              73.78333231820002,
              18.441666928900002
            ],
            [
              73.78333231820002,
              18.4500002622
            ],
            [
              73.77499898490004,
              18.4500002622
            ],
            [
              73.77499898490004,
              18.441666928900002
            ],
            [
              73.78333231820002,
              18.441666928900002
            ]
          ]
        ]
      }
    },
    {
      "type": "Feature",
      "id": "cell-25-6",
      "properties": {
        "population": 5600.215,
        "density": 6545.175,
        "cell_area_sqkm": 0.855625,
        "row": 25,
        "col": 6,
        "source": "WorldPop"
      },
      "geometry": {
        "type": "Polygon",
        "coordinates": [
          [
            [
              73.79166565150003,
              18.441666928900002
            ],
            [
              73.79166565150003,
              18.4500002622
            ],
            [
              73.78333231820002,
              18.4500002622
            ],
            [
              73.78333231820002,
              18.441666928900002
            ],
            [
              73.79166565150003,
              18.441666928900002
            ]
          ]
        ]
      }
    },
    {
      "type": "Feature",
      "id": "cell-25-7",
      "properties": {
        "population": 5194.865,
        "density": 6071.427,
        "cell_area_sqkm": 0.855625,
        "row": 25,
        "col": 7,
        "source": "WorldPop"
      },
      "geometry": {
        "type": "Polygon",
        "coordinates": [
          [
            [
              73.79999898480003,
              18.441666928900002
            ],
            [
              73.79999898480003,
              18.4500002622
            ],
            [
              73.79166565150003,
              18.4500002622
            ],
            [
              73.79166565150003,
              18.441666928900002
            ],
            [
              73.79999898480003,
              18.441666928900002
            ]
          ]
        ]
      }
    },
    {
      "type": "Feature",
      "id": "cell-25-8",
      "properties": {
        "population": 5897.074,
        "density": 6892.124,
        "cell_area_sqkm": 0.855625,
        "row": 25,
        "col": 8,
        "source": "WorldPop"
      },
      "geometry": {
        "type": "Polygon",
        "coordinates": [
          [
            [
              73.80833231810003,
              18.441666928900002
            ],
            [
              73.80833231810003,
              18.4500002622
            ],
            [
              73.79999898480003,
              18.4500002622
            ],
            [
              73.79999898480003,
              18.441666928900002
            ],
            [
              73.80833231810003,
              18.441666928900002
            ]
          ]
        ]
      }
    },
    {
      "type": "Feature",
      "id": "cell-25-9",
      "properties": {
        "population": 9556.521,
        "density": 11169.053,
        "cell_area_sqkm": 0.855625,
        "row": 25,
        "col": 9,
        "source": "WorldPop"
      },
      "geometry": {
        "type": "Polygon",
        "coordinates": [
          [
            [
              73.81666565140003,
              18.441666928900002
            ],
            [
              73.81666565140003,
              18.4500002622
            ],
            [
              73.80833231810003,
              18.4500002622
            ],
            [
              73.80833231810003,
              18.441666928900002
            ],
            [
              73.81666565140003,
              18.441666928900002
            ]
          ]
        ]
      }
    },
    {
      "type": "Feature",
      "id": "cell-25-10",
      "properties": {
        "population": 8787.289,
        "density": 10270.024,
        "cell_area_sqkm": 0.855625,
        "row": 25,
        "col": 10,
        "source": "WorldPop"
      },
      "geometry": {
        "type": "Polygon",
        "coordinates": [
          [
            [
              73.82499898470003,
              18.441666928900002
            ],
            [
              73.82499898470003,
              18.4500002622
            ],
            [
              73.81666565140003,
              18.4500002622
            ],
            [
              73.81666565140003,
              18.441666928900002
            ],
            [
              73.82499898470003,
              18.441666928900002
            ]
          ]
        ]
      }
    },
    {
      "type": "Feature",
      "id": "cell-25-11",
      "properties": {
        "population": 8371.61,
        "density": 9784.205,
        "cell_area_sqkm": 0.855625,
        "row": 25,
        "col": 11,
        "source": "WorldPop"
      },
      "geometry": {
        "type": "Polygon",
        "coordinates": [
          [
            [
              73.83333231800003,
              18.441666928900002
            ],
            [
              73.83333231800003,
              18.4500002622
            ],
            [
              73.82499898470003,
              18.4500002622
            ],
            [
              73.82499898470003,
              18.441666928900002
            ],
            [
              73.83333231800003,
              18.441666928900002
            ]
          ]
        ]
      }
    },
    {
      "type": "Feature",
      "id": "cell-25-12",
      "properties": {
        "population": 7895.894,
        "density": 9228.218,
        "cell_area_sqkm": 0.855625,
        "row": 25,
        "col": 12,
        "source": "WorldPop"
      },
      "geometry": {
        "type": "Polygon",
        "coordinates": [
          [
            [
              73.84166565130003,
              18.441666928900002
            ],
            [
              73.84166565130003,
              18.4500002622
            ],
            [
              73.83333231800003,
              18.4500002622
            ],
            [
              73.83333231800003,
              18.441666928900002
            ],
            [
              73.84166565130003,
              18.441666928900002
            ]
          ]
        ]
      }
    },
    {
      "type": "Feature",
      "id": "cell-25-13",
      "properties": {
        "population": 8676.098,
        "density": 10140.07,
        "cell_area_sqkm": 0.855625,
        "row": 25,
        "col": 13,
        "source": "WorldPop"
      },
      "geometry": {
        "type": "Polygon",
        "coordinates": [
          [
            [
              73.84999898460003,
              18.441666928900002
            ],
            [
              73.84999898460003,
              18.4500002622
            ],
            [
              73.84166565130003,
              18.4500002622
            ],
            [
              73.84166565130003,
              18.441666928900002
            ],
            [
              73.84999898460003,
              18.441666928900002
            ]
          ]
        ]
      }
    },
    {
      "type": "Feature",
      "id": "cell-25-14",
      "properties": {
        "population": 10194.31,
        "density": 11914.46,
        "cell_area_sqkm": 0.855625,
        "row": 25,
        "col": 14,
        "source": "WorldPop"
      },
      "geometry": {
        "type": "Polygon",
        "coordinates": [
          [
            [
              73.85833231790004,
              18.441666928900002
            ],
            [
              73.85833231790004,
              18.4500002622
            ],
            [
              73.84999898460003,
              18.4500002622
            ],
            [
              73.84999898460003,
              18.441666928900002
            ],
            [
              73.85833231790004,
              18.441666928900002
            ]
          ]
        ]
      }
    },
    {
      "type": "Feature",
      "id": "cell-25-15",
      "properties": {
        "population": 7843.553,
        "density": 9167.045,
        "cell_area_sqkm": 0.855625,
        "row": 25,
        "col": 15,
        "source": "WorldPop"
      },
      "geometry": {
        "type": "Polygon",
        "coordinates": [
          [
            [
              73.86666565120004,
              18.441666928900002
            ],
            [
              73.86666565120004,
              18.4500002622
            ],
            [
              73.85833231790004,
              18.4500002622
            ],
            [
              73.85833231790004,
              18.441666928900002
            ],
            [
              73.86666565120004,
              18.441666928900002
            ]
          ]
        ]
      }
    },
    {
      "type": "Feature",
      "id": "cell-25-16",
      "properties": {
        "population": 9043.368,
        "density": 10569.313,
        "cell_area_sqkm": 0.855625,
        "row": 25,
        "col": 16,
        "source": "WorldPop"
      },
      "geometry": {
        "type": "Polygon",
        "coordinates": [
          [
            [
              73.87499898450002,
              18.441666928900002
            ],
            [
              73.87499898450002,
              18.4500002622
            ],
            [
              73.86666565120004,
              18.4500002622
            ],
            [
              73.86666565120004,
              18.441666928900002
            ],
            [
              73.87499898450002,
              18.441666928900002
            ]
          ]
        ]
      }
    },
    {
      "type": "Feature",
      "id": "cell-25-17",
      "properties": {
        "population": 7656.13,
        "density": 8947.997,
        "cell_area_sqkm": 0.855625,
        "row": 25,
        "col": 17,
        "source": "WorldPop"
      },
      "geometry": {
        "type": "Polygon",
        "coordinates": [
          [
            [
              73.88333231780003,
              18.441666928900002
            ],
            [
              73.88333231780003,
              18.4500002622
            ],
            [
              73.87499898450002,
              18.4500002622
            ],
            [
              73.87499898450002,
              18.441666928900002
            ],
            [
              73.88333231780003,
              18.441666928900002
            ]
          ]
        ]
      }
    },
    {
      "type": "Feature",
      "id": "cell-25-18",
      "properties": {
        "population": 5713.883,
        "density": 6678.023,
        "cell_area_sqkm": 0.855625,
        "row": 25,
        "col": 18,
        "source": "WorldPop"
      },
      "geometry": {
        "type": "Polygon",
        "coordinates": [
          [
            [
              73.89166565110003,
              18.441666928900002
            ],
            [
              73.89166565110003,
              18.4500002622
            ],
            [
              73.88333231780003,
              18.4500002622
            ],
            [
              73.88333231780003,
              18.441666928900002
            ],
            [
              73.89166565110003,
              18.441666928900002
            ]
          ]
        ]
      }
    },
    {
      "type": "Feature",
      "id": "cell-25-19",
      "properties": {
        "population": 7700.119,
        "density": 8999.409,
        "cell_area_sqkm": 0.855625,
        "row": 25,
        "col": 19,
        "source": "WorldPop"
      },
      "geometry": {
        "type": "Polygon",
        "coordinates": [
          [
            [
              73.89999898440003,
              18.441666928900002
            ],
            [
              73.89999898440003,
              18.4500002622
            ],
            [
              73.89166565110003,
              18.4500002622
            ],
            [
              73.89166565110003,
              18.441666928900002
            ],
            [
              73.89999898440003,
              18.441666928900002
            ]
          ]
        ]
      }
    },
    {
      "type": "Feature",
      "id": "cell-25-20",
      "properties": {
        "population": 6028.79,
        "density": 7046.065,
        "cell_area_sqkm": 0.855625,
        "row": 25,
        "col": 20,
        "source": "WorldPop"
      },
      "geometry": {
        "type": "Polygon",
        "coordinates": [
          [
            [
              73.90833231770003,
              18.441666928900002
            ],
            [
              73.90833231770003,
              18.4500002622
            ],
            [
              73.89999898440003,
              18.4500002622
            ],
            [
              73.89999898440003,
              18.441666928900002
            ],
            [
              73.90833231770003,
              18.441666928900002
            ]
          ]
        ]
      }
    },
    {
      "type": "Feature",
      "id": "cell-25-21",
      "properties": {
        "population": 5455.806,
        "density": 6376.398,
        "cell_area_sqkm": 0.855625,
        "row": 25,
        "col": 21,
        "source": "WorldPop"
      },
      "geometry": {
        "type": "Polygon",
        "coordinates": [
          [
            [
              73.91666565100003,
              18.441666928900002
            ],
            [
              73.91666565100003,
              18.4500002622
            ],
            [
              73.90833231770003,
              18.4500002622
            ],
            [
              73.90833231770003,
              18.441666928900002
            ],
            [
              73.91666565100003,
              18.441666928900002
            ]
          ]
        ]
      }
    },
    {
      "type": "Feature",
      "id": "cell-25-22",
      "properties": {
        "population": 4819.445,
        "density": 5632.66,
        "cell_area_sqkm": 0.855625,
        "row": 25,
        "col": 22,
        "source": "WorldPop"
      },
      "geometry": {
        "type": "Polygon",
        "coordinates": [
          [
            [
              73.92499898430003,
              18.441666928900002
            ],
            [
              73.92499898430003,
              18.4500002622
            ],
            [
              73.91666565100003,
              18.4500002622
            ],
            [
              73.91666565100003,
              18.441666928900002
            ],
            [
              73.92499898430003,
              18.441666928900002
            ]
          ]
        ]
      }
    },
    {
      "type": "Feature",
      "id": "cell-25-23",
      "properties": {
        "population": 984.253,
        "density": 1150.333,
        "cell_area_sqkm": 0.855625,
        "row": 25,
        "col": 23,
        "source": "WorldPop"
      },
      "geometry": {
        "type": "Polygon",
        "coordinates": [
          [
            [
              73.93333231760003,
              18.441666928900002
            ],
            [
              73.93333231760003,
              18.4500002622
            ],
            [
              73.92499898430003,
              18.4500002622
            ],
            [
              73.92499898430003,
              18.441666928900002
            ],
            [
              73.93333231760003,
              18.441666928900002
            ]
          ]
        ]
      }
    },
    {
      "type": "Feature",
      "id": "cell-25-24",
      "properties": {
        "population": 3008.484,
        "density": 3516.125,
        "cell_area_sqkm": 0.855625,
        "row": 25,
        "col": 24,
        "source": "WorldPop"
      },
      "geometry": {
        "type": "Polygon",
        "coordinates": [
          [
            [
              73.94166565090003,
              18.441666928900002
            ],
            [
              73.94166565090003,
              18.4500002622
            ],
            [
              73.93333231760003,
              18.4500002622
            ],
            [
              73.93333231760003,
              18.441666928900002
            ],
            [
              73.94166565090003,
              18.441666928900002
            ]
          ]
        ]
      }
    },
    {
      "type": "Feature",
      "id": "cell-25-25",
      "properties": {
        "population": 1546.762,
        "density": 1807.757,
        "cell_area_sqkm": 0.855625,
        "row": 25,
        "col": 25,
        "source": "WorldPop"
      },
      "geometry": {
        "type": "Polygon",
        "coordinates": [
          [
            [
              73.94999898420004,
              18.441666928900002
            ],
            [
              73.94999898420004,
              18.4500002622
            ],
            [
              73.94166565090003,
              18.4500002622
            ],
            [
              73.94166565090003,
              18.441666928900002
            ],
            [
              73.94999898420004,
              18.441666928900002
            ]
          ]
        ]
      }
    },
    {
      "type": "Feature",
      "id": "cell-25-26",
      "properties": {
        "population": 1743.346,
        "density": 2037.511,
        "cell_area_sqkm": 0.855625,
        "row": 25,
        "col": 26,
        "source": "WorldPop"
      },
      "geometry": {
        "type": "Polygon",
        "coordinates": [
          [
            [
              73.95833231750004,
              18.441666928900002
            ],
            [
              73.95833231750004,
              18.4500002622
            ],
            [
              73.94999898420004,
              18.4500002622
            ],
            [
              73.94999898420004,
              18.441666928900002
            ],
            [
              73.95833231750004,
              18.441666928900002
            ]
          ]
        ]
      }
    },
    {
      "type": "Feature",
      "id": "cell-25-27",
      "properties": {
        "population": 1582.22,
        "density": 1849.198,
        "cell_area_sqkm": 0.855625,
        "row": 25,
        "col": 27,
        "source": "WorldPop"
      },
      "geometry": {
        "type": "Polygon",
        "coordinates": [
          [
            [
              73.96666565080002,
              18.441666928900002
            ],
            [
              73.96666565080002,
              18.4500002622
            ],
            [
              73.95833231750004,
              18.4500002622
            ],
            [
              73.95833231750004,
              18.441666928900002
            ],
            [
              73.96666565080002,
              18.441666928900002
            ]
          ]
        ]
      }
    },
    {
      "type": "Feature",
      "id": "cell-25-28",
      "properties": {
        "population": 3932.284,
        "density": 4595.803,
        "cell_area_sqkm": 0.855625,
        "row": 25,
        "col": 28,
        "source": "WorldPop"
      },
      "geometry": {
        "type": "Polygon",
        "coordinates": [
          [
            [
              73.97499898410003,
              18.441666928900002
            ],
            [
              73.97499898410003,
              18.4500002622
            ],
            [
              73.96666565080002,
              18.4500002622
            ],
            [
              73.96666565080002,
              18.441666928900002
            ],
            [
              73.97499898410003,
              18.441666928900002
            ]
          ]
        ]
      }
    },
    {
      "type": "Feature",
      "id": "cell-25-29",
      "properties": {
        "population": 2911.887,
        "density": 3403.228,
        "cell_area_sqkm": 0.855625,
        "row": 25,
        "col": 29,
        "source": "WorldPop"
      },
      "geometry": {
        "type": "Polygon",
        "coordinates": [
          [
            [
              73.98333231740003,
              18.441666928900002
            ],
            [
              73.98333231740003,
              18.4500002622
            ],
            [
              73.97499898410003,
              18.4500002622
            ],
            [
              73.97499898410003,
              18.441666928900002
            ],
            [
              73.98333231740003,
              18.441666928900002
            ]
          ]
        ]
      }
    },
    {
      "type": "Feature",
      "id": "cell-25-30",
      "properties": {
        "population": 1867.842,
        "density": 2183.014,
        "cell_area_sqkm": 0.855625,
        "row": 25,
        "col": 30,
        "source": "WorldPop"
      },
      "geometry": {
        "type": "Polygon",
        "coordinates": [
          [
            [
              73.99166565070003,
              18.441666928900002
            ],
            [
              73.99166565070003,
              18.4500002622
            ],
            [
              73.98333231740003,
              18.4500002622
            ],
            [
              73.98333231740003,
              18.441666928900002
            ],
            [
              73.99166565070003,
              18.441666928900002
            ]
          ]
        ]
      }
    },
    {
      "type": "Feature",
      "id": "cell-26-0",
      "properties": {
        "population": 511.42,
        "density": 597.715,
        "cell_area_sqkm": 0.855625,
        "row": 26,
        "col": 0,
        "source": "WorldPop"
      },
      "geometry": {
        "type": "Polygon",
        "coordinates": [
          [
            [
              73.74166565170003,
              18.4333335956
            ],
            [
              73.74166565170003,
              18.441666928900002
            ],
            [
              73.73333231840003,
              18.441666928900002
            ],
            [
              73.73333231840003,
              18.4333335956
            ],
            [
              73.74166565170003,
              18.4333335956
            ]
          ]
        ]
      }
    },
    {
      "type": "Feature",
      "id": "cell-26-1",
      "properties": {
        "population": 532.572,
        "density": 622.436,
        "cell_area_sqkm": 0.855625,
        "row": 26,
        "col": 1,
        "source": "WorldPop"
      },
      "geometry": {
        "type": "Polygon",
        "coordinates": [
          [
            [
              73.74999898500003,
              18.4333335956
            ],
            [
              73.74999898500003,
              18.441666928900002
            ],
            [
              73.74166565170003,
              18.441666928900002
            ],
            [
              73.74166565170003,
              18.4333335956
            ],
            [
              73.74999898500003,
              18.4333335956
            ]
          ]
        ]
      }
    },
    {
      "type": "Feature",
      "id": "cell-26-2",
      "properties": {
        "population": 516.611,
        "density": 603.781,
        "cell_area_sqkm": 0.855625,
        "row": 26,
        "col": 2,
        "source": "WorldPop"
      },
      "geometry": {
        "type": "Polygon",
        "coordinates": [
          [
            [
              73.75833231830003,
              18.4333335956
            ],
            [
              73.75833231830003,
              18.441666928900002
            ],
            [
              73.74999898500003,
              18.441666928900002
            ],
            [
              73.74999898500003,
              18.4333335956
            ],
            [
              73.75833231830003,
              18.4333335956
            ]
          ]
        ]
      }
    },
    {
      "type": "Feature",
      "id": "cell-26-3",
      "properties": {
        "population": 141.426,
        "density": 165.289,
        "cell_area_sqkm": 0.855625,
        "row": 26,
        "col": 3,
        "source": "WorldPop"
      },
      "geometry": {
        "type": "Polygon",
        "coordinates": [
          [
            [
              73.76666565160004,
              18.4333335956
            ],
            [
              73.76666565160004,
              18.441666928900002
            ],
            [
              73.75833231830003,
              18.441666928900002
            ],
            [
              73.75833231830003,
              18.4333335956
            ],
            [
              73.76666565160004,
              18.4333335956
            ]
          ]
        ]
      }
    },
    {
      "type": "Feature",
      "id": "cell-26-4",
      "properties": {
        "population": 858.128,
        "density": 1002.926,
        "cell_area_sqkm": 0.855625,
        "row": 26,
        "col": 4,
        "source": "WorldPop"
      },
      "geometry": {
        "type": "Polygon",
        "coordinates": [
          [
            [
              73.77499898490004,
              18.4333335956
            ],
            [
              73.77499898490004,
              18.441666928900002
            ],
            [
              73.76666565160004,
              18.441666928900002
            ],
            [
              73.76666565160004,
              18.4333335956
            ],
            [
              73.77499898490004,
              18.4333335956
            ]
          ]
        ]
      }
    },
    {
      "type": "Feature",
      "id": "cell-26-5",
      "properties": {
        "population": 2008.047,
        "density": 2346.877,
        "cell_area_sqkm": 0.855625,
        "row": 26,
        "col": 5,
        "source": "WorldPop"
      },
      "geometry": {
        "type": "Polygon",
        "coordinates": [
          [
            [
              73.78333231820002,
              18.4333335956
            ],
            [
              73.78333231820002,
              18.441666928900002
            ],
            [
              73.77499898490004,
              18.441666928900002
            ],
            [
              73.77499898490004,
              18.4333335956
            ],
            [
              73.78333231820002,
              18.4333335956
            ]
          ]
        ]
      }
    },
    {
      "type": "Feature",
      "id": "cell-26-6",
      "properties": {
        "population": 2170.939,
        "density": 2537.255,
        "cell_area_sqkm": 0.855625,
        "row": 26,
        "col": 6,
        "source": "WorldPop"
      },
      "geometry": {
        "type": "Polygon",
        "coordinates": [
          [
            [
              73.79166565150003,
              18.4333335956
            ],
            [
              73.79166565150003,
              18.441666928900002
            ],
            [
              73.78333231820002,
              18.441666928900002
            ],
            [
              73.78333231820002,
              18.4333335956
            ],
            [
              73.79166565150003,
              18.4333335956
            ]
          ]
        ]
      }
    },
    {
      "type": "Feature",
      "id": "cell-26-7",
      "properties": {
        "population": 2988.176,
        "density": 3492.39,
        "cell_area_sqkm": 0.855625,
        "row": 26,
        "col": 7,
        "source": "WorldPop"
      },
      "geometry": {
        "type": "Polygon",
        "coordinates": [
          [
            [
              73.79999898480003,
              18.4333335956
            ],
            [
              73.79999898480003,
              18.441666928900002
            ],
            [
              73.79166565150003,
              18.441666928900002
            ],
            [
              73.79166565150003,
              18.4333335956
            ],
            [
              73.79999898480003,
              18.4333335956
            ]
          ]
        ]
      }
    },
    {
      "type": "Feature",
      "id": "cell-26-8",
      "properties": {
        "population": 1398.887,
        "density": 1634.93,
        "cell_area_sqkm": 0.855625,
        "row": 26,
        "col": 8,
        "source": "WorldPop"
      },
      "geometry": {
        "type": "Polygon",
        "coordinates": [
          [
            [
              73.80833231810003,
              18.4333335956
            ],
            [
              73.80833231810003,
              18.441666928900002
            ],
            [
              73.79999898480003,
              18.441666928900002
            ],
            [
              73.79999898480003,
              18.4333335956
            ],
            [
              73.80833231810003,
              18.4333335956
            ]
          ]
        ]
      }
    },
    {
      "type": "Feature",
      "id": "cell-26-9",
      "properties": {
        "population": 5219.448,
        "density": 6100.159,
        "cell_area_sqkm": 0.855625,
        "row": 26,
        "col": 9,
        "source": "WorldPop"
      },
      "geometry": {
        "type": "Polygon",
        "coordinates": [
          [
            [
              73.81666565140003,
              18.4333335956
            ],
            [
              73.81666565140003,
              18.441666928900002
            ],
            [
              73.80833231810003,
              18.441666928900002
            ],
            [
              73.80833231810003,
              18.4333335956
            ],
            [
              73.81666565140003,
              18.4333335956
            ]
          ]
        ]
      }
    },
    {
      "type": "Feature",
      "id": "cell-26-10",
      "properties": {
        "population": 3700.415,
        "density": 4324.81,
        "cell_area_sqkm": 0.855625,
        "row": 26,
        "col": 10,
        "source": "WorldPop"
      },
      "geometry": {
        "type": "Polygon",
        "coordinates": [
          [
            [
              73.82499898470003,
              18.4333335956
            ],
            [
              73.82499898470003,
              18.441666928900002
            ],
            [
              73.81666565140003,
              18.441666928900002
            ],
            [
              73.81666565140003,
              18.4333335956
            ],
            [
              73.82499898470003,
              18.4333335956
            ]
          ]
        ]
      }
    },
    {
      "type": "Feature",
      "id": "cell-26-11",
      "properties": {
        "population": 2910.164,
        "density": 3401.214,
        "cell_area_sqkm": 0.855625,
        "row": 26,
        "col": 11,
        "source": "WorldPop"
      },
      "geometry": {
        "type": "Polygon",
        "coordinates": [
          [
            [
              73.83333231800003,
              18.4333335956
            ],
            [
              73.83333231800003,
              18.441666928900002
            ],
            [
              73.82499898470003,
              18.441666928900002
            ],
            [
              73.82499898470003,
              18.4333335956
            ],
            [
              73.83333231800003,
              18.4333335956
            ]
          ]
        ]
      }
    },
    {
      "type": "Feature",
      "id": "cell-26-12",
      "properties": {
        "population": 2028.348,
        "density": 2370.604,
        "cell_area_sqkm": 0.855625,
        "row": 26,
        "col": 12,
        "source": "WorldPop"
      },
      "geometry": {
        "type": "Polygon",
        "coordinates": [
          [
            [
              73.84166565130003,
              18.4333335956
            ],
            [
              73.84166565130003,
              18.441666928900002
            ],
            [
              73.83333231800003,
              18.441666928900002
            ],
            [
              73.83333231800003,
              18.4333335956
            ],
            [
              73.84166565130003,
              18.4333335956
            ]
          ]
        ]
      }
    },
    {
      "type": "Feature",
      "id": "cell-26-13",
      "properties": {
        "population": 5359.824,
        "density": 6264.221,
        "cell_area_sqkm": 0.855625,
        "row": 26,
        "col": 13,
        "source": "WorldPop"
      },
      "geometry": {
        "type": "Polygon",
        "coordinates": [
          [
            [
              73.84999898460003,
              18.4333335956
            ],
            [
              73.84999898460003,
              18.441666928900002
            ],
            [
              73.84166565130003,
              18.441666928900002
            ],
            [
              73.84166565130003,
              18.4333335956
            ],
            [
              73.84999898460003,
              18.4333335956
            ]
          ]
        ]
      }
    },
    {
      "type": "Feature",
      "id": "cell-26-14",
      "properties": {
        "population": 7345.451,
        "density": 8584.895,
        "cell_area_sqkm": 0.855625,
        "row": 26,
        "col": 14,
        "source": "WorldPop"
      },
      "geometry": {
        "type": "Polygon",
        "coordinates": [
          [
            [
              73.85833231790004,
              18.4333335956
            ],
            [
              73.85833231790004,
              18.441666928900002
            ],
            [
              73.84999898460003,
              18.441666928900002
            ],
            [
              73.84999898460003,
              18.4333335956
            ],
            [
              73.85833231790004,
              18.4333335956
            ]
          ]
        ]
      }
    },
    {
      "type": "Feature",
      "id": "cell-26-15",
      "properties": {
        "population": 8884.988,
        "density": 10384.208,
        "cell_area_sqkm": 0.855625,
        "row": 26,
        "col": 15,
        "source": "WorldPop"
      },
      "geometry": {
        "type": "Polygon",
        "coordinates": [
          [
            [
              73.86666565120004,
              18.4333335956
            ],
            [
              73.86666565120004,
              18.441666928900002
            ],
            [
              73.85833231790004,
              18.441666928900002
            ],
            [
              73.85833231790004,
              18.4333335956
            ],
            [
              73.86666565120004,
              18.4333335956
            ]
          ]
        ]
      }
    },
    {
      "type": "Feature",
      "id": "cell-26-16",
      "properties": {
        "population": 4631.701,
        "density": 5413.237,
        "cell_area_sqkm": 0.855625,
        "row": 26,
        "col": 16,
        "source": "WorldPop"
      },
      "geometry": {
        "type": "Polygon",
        "coordinates": [
          [
            [
              73.87499898450002,
              18.4333335956
            ],
            [
              73.87499898450002,
              18.441666928900002
            ],
            [
              73.86666565120004,
              18.441666928900002
            ],
            [
              73.86666565120004,
              18.4333335956
            ],
            [
              73.87499898450002,
              18.4333335956
            ]
          ]
        ]
      }
    },
    {
      "type": "Feature",
      "id": "cell-26-17",
      "properties": {
        "population": 1476.909,
        "density": 1726.117,
        "cell_area_sqkm": 0.855625,
        "row": 26,
        "col": 17,
        "source": "WorldPop"
      },
      "geometry": {
        "type": "Polygon",
        "coordinates": [
          [
            [
              73.88333231780003,
              18.4333335956
            ],
            [
              73.88333231780003,
              18.441666928900002
            ],
            [
              73.87499898450002,
              18.441666928900002
            ],
            [
              73.87499898450002,
              18.4333335956
            ],
            [
              73.88333231780003,
              18.4333335956
            ]
          ]
        ]
      }
    },
    {
      "type": "Feature",
      "id": "cell-26-18",
      "properties": {
        "population": 4293.332,
        "density": 5017.773,
        "cell_area_sqkm": 0.855625,
        "row": 26,
        "col": 18,
        "source": "WorldPop"
      },
      "geometry": {
        "type": "Polygon",
        "coordinates": [
          [
            [
              73.89166565110003,
              18.4333335956
            ],
            [
              73.89166565110003,
              18.441666928900002
            ],
            [
              73.88333231780003,
              18.441666928900002
            ],
            [
              73.88333231780003,
              18.4333335956
            ],
            [
              73.89166565110003,
              18.4333335956
            ]
          ]
        ]
      }
    },
    {
      "type": "Feature",
      "id": "cell-26-19",
      "properties": {
        "population": 6858.497,
        "density": 8015.775,
        "cell_area_sqkm": 0.855625,
        "row": 26,
        "col": 19,
        "source": "WorldPop"
      },
      "geometry": {
        "type": "Polygon",
        "coordinates": [
          [
            [
              73.89999898440003,
              18.4333335956
            ],
            [
              73.89999898440003,
              18.441666928900002
            ],
            [
              73.89166565110003,
              18.441666928900002
            ],
            [
              73.89166565110003,
              18.4333335956
            ],
            [
              73.89999898440003,
              18.4333335956
            ]
          ]
        ]
      }
    },
    {
      "type": "Feature",
      "id": "cell-26-20",
      "properties": {
        "population": 3030.227,
        "density": 3541.536,
        "cell_area_sqkm": 0.855625,
        "row": 26,
        "col": 20,
        "source": "WorldPop"
      },
      "geometry": {
        "type": "Polygon",
        "coordinates": [
          [
            [
              73.90833231770003,
              18.4333335956
            ],
            [
              73.90833231770003,
              18.441666928900002
            ],
            [
              73.89999898440003,
              18.441666928900002
            ],
            [
              73.89999898440003,
              18.4333335956
            ],
            [
              73.90833231770003,
              18.4333335956
            ]
          ]
        ]
      }
    },
    {
      "type": "Feature",
      "id": "cell-26-21",
      "properties": {
        "population": 2953.216,
        "density": 3451.531,
        "cell_area_sqkm": 0.855625,
        "row": 26,
        "col": 21,
        "source": "WorldPop"
      },
      "geometry": {
        "type": "Polygon",
        "coordinates": [
          [
            [
              73.91666565100003,
              18.4333335956
            ],
            [
              73.91666565100003,
              18.441666928900002
            ],
            [
              73.90833231770003,
              18.441666928900002
            ],
            [
              73.90833231770003,
              18.4333335956
            ],
            [
              73.91666565100003,
              18.4333335956
            ]
          ]
        ]
      }
    },
    {
      "type": "Feature",
      "id": "cell-26-22",
      "properties": {
        "population": 2618.165,
        "density": 3059.944,
        "cell_area_sqkm": 0.855625,
        "row": 26,
        "col": 22,
        "source": "WorldPop"
      },
      "geometry": {
        "type": "Polygon",
        "coordinates": [
          [
            [
              73.92499898430003,
              18.4333335956
            ],
            [
              73.92499898430003,
              18.441666928900002
            ],
            [
              73.91666565100003,
              18.441666928900002
            ],
            [
              73.91666565100003,
              18.4333335956
            ],
            [
              73.92499898430003,
              18.4333335956
            ]
          ]
        ]
      }
    },
    {
      "type": "Feature",
      "id": "cell-26-23",
      "properties": {
        "population": 1298.494,
        "density": 1517.597,
        "cell_area_sqkm": 0.855625,
        "row": 26,
        "col": 23,
        "source": "WorldPop"
      },
      "geometry": {
        "type": "Polygon",
        "coordinates": [
          [
            [
              73.93333231760003,
              18.4333335956
            ],
            [
              73.93333231760003,
              18.441666928900002
            ],
            [
              73.92499898430003,
              18.441666928900002
            ],
            [
              73.92499898430003,
              18.4333335956
            ],
            [
              73.93333231760003,
              18.4333335956
            ]
          ]
        ]
      }
    },
    {
      "type": "Feature",
      "id": "cell-26-24",
      "properties": {
        "population": 2495.736,
        "density": 2916.857,
        "cell_area_sqkm": 0.855625,
        "row": 26,
        "col": 24,
        "source": "WorldPop"
      },
      "geometry": {
        "type": "Polygon",
        "coordinates": [
          [
            [
              73.94166565090003,
              18.4333335956
            ],
            [
              73.94166565090003,
              18.441666928900002
            ],
            [
              73.93333231760003,
              18.441666928900002
            ],
            [
              73.93333231760003,
              18.4333335956
            ],
            [
              73.94166565090003,
              18.4333335956
            ]
          ]
        ]
      }
    },
    {
      "type": "Feature",
      "id": "cell-26-25",
      "properties": {
        "population": 1602.927,
        "density": 1873.399,
        "cell_area_sqkm": 0.855625,
        "row": 26,
        "col": 25,
        "source": "WorldPop"
      },
      "geometry": {
        "type": "Polygon",
        "coordinates": [
          [
            [
              73.94999898420004,
              18.4333335956
            ],
            [
              73.94999898420004,
              18.441666928900002
            ],
            [
              73.94166565090003,
              18.441666928900002
            ],
            [
              73.94166565090003,
              18.4333335956
            ],
            [
              73.94999898420004,
              18.4333335956
            ]
          ]
        ]
      }
    },
    {
      "type": "Feature",
      "id": "cell-26-26",
      "properties": {
        "population": 554.975,
        "density": 648.62,
        "cell_area_sqkm": 0.855625,
        "row": 26,
        "col": 26,
        "source": "WorldPop"
      },
      "geometry": {
        "type": "Polygon",
        "coordinates": [
          [
            [
              73.95833231750004,
              18.4333335956
            ],
            [
              73.95833231750004,
              18.441666928900002
            ],
            [
              73.94999898420004,
              18.441666928900002
            ],
            [
              73.94999898420004,
              18.4333335956
            ],
            [
              73.95833231750004,
              18.4333335956
            ]
          ]
        ]
      }
    },
    {
      "type": "Feature",
      "id": "cell-26-27",
      "properties": {
        "population": 432.578,
        "density": 505.57,
        "cell_area_sqkm": 0.855625,
        "row": 26,
        "col": 27,
        "source": "WorldPop"
      },
      "geometry": {
        "type": "Polygon",
        "coordinates": [
          [
            [
              73.96666565080002,
              18.4333335956
            ],
            [
              73.96666565080002,
              18.441666928900002
            ],
            [
              73.95833231750004,
              18.441666928900002
            ],
            [
              73.95833231750004,
              18.4333335956
            ],
            [
              73.96666565080002,
              18.4333335956
            ]
          ]
        ]
      }
    },
    {
      "type": "Feature",
      "id": "cell-26-28",
      "properties": {
        "population": 2561.793,
        "density": 2994.06,
        "cell_area_sqkm": 0.855625,
        "row": 26,
        "col": 28,
        "source": "WorldPop"
      },
      "geometry": {
        "type": "Polygon",
        "coordinates": [
          [
            [
              73.97499898410003,
              18.4333335956
            ],
            [
              73.97499898410003,
              18.441666928900002
            ],
            [
              73.96666565080002,
              18.441666928900002
            ],
            [
              73.96666565080002,
              18.4333335956
            ],
            [
              73.97499898410003,
              18.4333335956
            ]
          ]
        ]
      }
    },
    {
      "type": "Feature",
      "id": "cell-26-29",
      "properties": {
        "population": 5323.331,
        "density": 6221.57,
        "cell_area_sqkm": 0.855625,
        "row": 26,
        "col": 29,
        "source": "WorldPop"
      },
      "geometry": {
        "type": "Polygon",
        "coordinates": [
          [
            [
              73.98333231740003,
              18.4333335956
            ],
            [
              73.98333231740003,
              18.441666928900002
            ],
            [
              73.97499898410003,
              18.441666928900002
            ],
            [
              73.97499898410003,
              18.4333335956
            ],
            [
              73.98333231740003,
              18.4333335956
            ]
          ]
        ]
      }
    },
    {
      "type": "Feature",
      "id": "cell-26-30",
      "properties": {
        "population": 2773.629,
        "density": 3241.641,
        "cell_area_sqkm": 0.855625,
        "row": 26,
        "col": 30,
        "source": "WorldPop"
      },
      "geometry": {
        "type": "Polygon",
        "coordinates": [
          [
            [
              73.99166565070003,
              18.4333335956
            ],
            [
              73.99166565070003,
              18.441666928900002
            ],
            [
              73.98333231740003,
              18.441666928900002
            ],
            [
              73.98333231740003,
              18.4333335956
            ],
            [
              73.99166565070003,
              18.4333335956
            ]
          ]
        ]
      }
    },
    {
      "type": "Feature",
      "id": "cell-27-0",
      "properties": {
        "population": 1241.363,
        "density": 1450.826,
        "cell_area_sqkm": 0.855625,
        "row": 27,
        "col": 0,
        "source": "WorldPop"
      },
      "geometry": {
        "type": "Polygon",
        "coordinates": [
          [
            [
              73.74166565170003,
              18.4250002623
            ],
            [
              73.74166565170003,
              18.4333335956
            ],
            [
              73.73333231840003,
              18.4333335956
            ],
            [
              73.73333231840003,
              18.4250002623
            ],
            [
              73.74166565170003,
              18.4250002623
            ]
          ]
        ]
      }
    },
    {
      "type": "Feature",
      "id": "cell-27-1",
      "properties": {
        "population": 381.88,
        "density": 446.317,
        "cell_area_sqkm": 0.855625,
        "row": 27,
        "col": 1,
        "source": "WorldPop"
      },
      "geometry": {
        "type": "Polygon",
        "coordinates": [
          [
            [
              73.74999898500003,
              18.4250002623
            ],
            [
              73.74999898500003,
              18.4333335956
            ],
            [
              73.74166565170003,
              18.4333335956
            ],
            [
              73.74166565170003,
              18.4250002623
            ],
            [
              73.74999898500003,
              18.4250002623
            ]
          ]
        ]
      }
    },
    {
      "type": "Feature",
      "id": "cell-27-2",
      "properties": {
        "population": 539.295,
        "density": 630.294,
        "cell_area_sqkm": 0.855625,
        "row": 27,
        "col": 2,
        "source": "WorldPop"
      },
      "geometry": {
        "type": "Polygon",
        "coordinates": [
          [
            [
              73.75833231830003,
              18.4250002623
            ],
            [
              73.75833231830003,
              18.4333335956
            ],
            [
              73.74999898500003,
              18.4333335956
            ],
            [
              73.74999898500003,
              18.4250002623
            ],
            [
              73.75833231830003,
              18.4250002623
            ]
          ]
        ]
      }
    },
    {
      "type": "Feature",
      "id": "cell-27-3",
      "properties": {
        "population": 196.017,
        "density": 229.092,
        "cell_area_sqkm": 0.855625,
        "row": 27,
        "col": 3,
        "source": "WorldPop"
      },
      "geometry": {
        "type": "Polygon",
        "coordinates": [
          [
            [
              73.76666565160004,
              18.4250002623
            ],
            [
              73.76666565160004,
              18.4333335956
            ],
            [
              73.75833231830003,
              18.4333335956
            ],
            [
              73.75833231830003,
              18.4250002623
            ],
            [
              73.76666565160004,
              18.4250002623
            ]
          ]
        ]
      }
    },
    {
      "type": "Feature",
      "id": "cell-27-4",
      "properties": {
        "population": 630.212,
        "density": 736.552,
        "cell_area_sqkm": 0.855625,
        "row": 27,
        "col": 4,
        "source": "WorldPop"
      },
      "geometry": {
        "type": "Polygon",
        "coordinates": [
          [
            [
              73.77499898490004,
              18.4250002623
            ],
            [
              73.77499898490004,
              18.4333335956
            ],
            [
              73.76666565160004,
              18.4333335956
            ],
            [
              73.76666565160004,
              18.4250002623
            ],
            [
              73.77499898490004,
              18.4250002623
            ]
          ]
        ]
      }
    },
    {
      "type": "Feature",
      "id": "cell-27-5",
      "properties": {
        "population": 63.276,
        "density": 73.953,
        "cell_area_sqkm": 0.855625,
        "row": 27,
        "col": 5,
        "source": "WorldPop"
      },
      "geometry": {
        "type": "Polygon",
        "coordinates": [
          [
            [
              73.78333231820002,
              18.4250002623
            ],
            [
              73.78333231820002,
              18.4333335956
            ],
            [
              73.77499898490004,
              18.4333335956
            ],
            [
              73.77499898490004,
              18.4250002623
            ],
            [
              73.78333231820002,
              18.4250002623
            ]
          ]
        ]
      }
    },
    {
      "type": "Feature",
      "id": "cell-27-6",
      "properties": {
        "population": 273.813,
        "density": 320.015,
        "cell_area_sqkm": 0.855625,
        "row": 27,
        "col": 6,
        "source": "WorldPop"
      },
      "geometry": {
        "type": "Polygon",
        "coordinates": [
          [
            [
              73.79166565150003,
              18.4250002623
            ],
            [
              73.79166565150003,
              18.4333335956
            ],
            [
              73.78333231820002,
              18.4333335956
            ],
            [
              73.78333231820002,
              18.4250002623
            ],
            [
              73.79166565150003,
              18.4250002623
            ]
          ]
        ]
      }
    },
    {
      "type": "Feature",
      "id": "cell-27-7",
      "properties": {
        "population": 510.803,
        "density": 596.994,
        "cell_area_sqkm": 0.855625,
        "row": 27,
        "col": 7,
        "source": "WorldPop"
      },
      "geometry": {
        "type": "Polygon",
        "coordinates": [
          [
            [
              73.79999898480003,
              18.4250002623
            ],
            [
              73.79999898480003,
              18.4333335956
            ],
            [
              73.79166565150003,
              18.4333335956
            ],
            [
              73.79166565150003,
              18.4250002623
            ],
            [
              73.79999898480003,
              18.4250002623
            ]
          ]
        ]
      }
    },
    {
      "type": "Feature",
      "id": "cell-27-8",
      "properties": {
        "population": 605.043,
        "density": 707.136,
        "cell_area_sqkm": 0.855625,
        "row": 27,
        "col": 8,
        "source": "WorldPop"
      },
      "geometry": {
        "type": "Polygon",
        "coordinates": [
          [
            [
              73.80833231810003,
              18.4250002623
            ],
            [
              73.80833231810003,
              18.4333335956
            ],
            [
              73.79999898480003,
              18.4333335956
            ],
            [
              73.79999898480003,
              18.4250002623
            ],
            [
              73.80833231810003,
              18.4250002623
            ]
          ]
        ]
      }
    },
    {
      "type": "Feature",
      "id": "cell-27-9",
      "properties": {
        "population": 1002.673,
        "density": 1171.86,
        "cell_area_sqkm": 0.855625,
        "row": 27,
        "col": 9,
        "source": "WorldPop"
      },
      "geometry": {
        "type": "Polygon",
        "coordinates": [
          [
            [
              73.81666565140003,
              18.4250002623
            ],
            [
              73.81666565140003,
              18.4333335956
            ],
            [
              73.80833231810003,
              18.4333335956
            ],
            [
              73.80833231810003,
              18.4250002623
            ],
            [
              73.81666565140003,
              18.4250002623
            ]
          ]
        ]
      }
    },
    {
      "type": "Feature",
      "id": "cell-27-10",
      "properties": {
        "population": 1140.031,
        "density": 1332.396,
        "cell_area_sqkm": 0.855625,
        "row": 27,
        "col": 10,
        "source": "WorldPop"
      },
      "geometry": {
        "type": "Polygon",
        "coordinates": [
          [
            [
              73.82499898470003,
              18.4250002623
            ],
            [
              73.82499898470003,
              18.4333335956
            ],
            [
              73.81666565140003,
              18.4333335956
            ],
            [
              73.81666565140003,
              18.4250002623
            ],
            [
              73.82499898470003,
              18.4250002623
            ]
          ]
        ]
      }
    },
    {
      "type": "Feature",
      "id": "cell-27-11",
      "properties": {
        "population": 1282.434,
        "density": 1498.828,
        "cell_area_sqkm": 0.855625,
        "row": 27,
        "col": 11,
        "source": "WorldPop"
      },
      "geometry": {
        "type": "Polygon",
        "coordinates": [
          [
            [
              73.83333231800003,
              18.4250002623
            ],
            [
              73.83333231800003,
              18.4333335956
            ],
            [
              73.82499898470003,
              18.4333335956
            ],
            [
              73.82499898470003,
              18.4250002623
            ],
            [
              73.83333231800003,
              18.4250002623
            ]
          ]
        ]
      }
    },
    {
      "type": "Feature",
      "id": "cell-27-12",
      "properties": {
        "population": 2485.474,
        "density": 2904.863,
        "cell_area_sqkm": 0.855625,
        "row": 27,
        "col": 12,
        "source": "WorldPop"
      },
      "geometry": {
        "type": "Polygon",
        "coordinates": [
          [
            [
              73.84166565130003,
              18.4250002623
            ],
            [
              73.84166565130003,
              18.4333335956
            ],
            [
              73.83333231800003,
              18.4333335956
            ],
            [
              73.83333231800003,
              18.4250002623
            ],
            [
              73.84166565130003,
              18.4250002623
            ]
          ]
        ]
      }
    },
    {
      "type": "Feature",
      "id": "cell-27-13",
      "properties": {
        "population": 3097.689,
        "density": 3620.381,
        "cell_area_sqkm": 0.855625,
        "row": 27,
        "col": 13,
        "source": "WorldPop"
      },
      "geometry": {
        "type": "Polygon",
        "coordinates": [
          [
            [
              73.84999898460003,
              18.4250002623
            ],
            [
              73.84999898460003,
              18.4333335956
            ],
            [
              73.84166565130003,
              18.4333335956
            ],
            [
              73.84166565130003,
              18.4250002623
            ],
            [
              73.84999898460003,
              18.4250002623
            ]
          ]
        ]
      }
    },
    {
      "type": "Feature",
      "id": "cell-27-14",
      "properties": {
        "population": 2712.508,
        "density": 3170.206,
        "cell_area_sqkm": 0.855625,
        "row": 27,
        "col": 14,
        "source": "WorldPop"
      },
      "geometry": {
        "type": "Polygon",
        "coordinates": [
          [
            [
              73.85833231790004,
              18.4250002623
            ],
            [
              73.85833231790004,
              18.4333335956
            ],
            [
              73.84999898460003,
              18.4333335956
            ],
            [
              73.84999898460003,
              18.4250002623
            ],
            [
              73.85833231790004,
              18.4250002623
            ]
          ]
        ]
      }
    },
    {
      "type": "Feature",
      "id": "cell-27-15",
      "properties": {
        "population": 4676.115,
        "density": 5465.146,
        "cell_area_sqkm": 0.855625,
        "row": 27,
        "col": 15,
        "source": "WorldPop"
      },
      "geometry": {
        "type": "Polygon",
        "coordinates": [
          [
            [
              73.86666565120004,
              18.4250002623
            ],
            [
              73.86666565120004,
              18.4333335956
            ],
            [
              73.85833231790004,
              18.4333335956
            ],
            [
              73.85833231790004,
              18.4250002623
            ],
            [
              73.86666565120004,
              18.4250002623
            ]
          ]
        ]
      }
    },
    {
      "type": "Feature",
      "id": "cell-27-16",
      "properties": {
        "population": 2645.691,
        "density": 3092.115,
        "cell_area_sqkm": 0.855625,
        "row": 27,
        "col": 16,
        "source": "WorldPop"
      },
      "geometry": {
        "type": "Polygon",
        "coordinates": [
          [
            [
              73.87499898450002,
              18.4250002623
            ],
            [
              73.87499898450002,
              18.4333335956
            ],
            [
              73.86666565120004,
              18.4333335956
            ],
            [
              73.86666565120004,
              18.4250002623
            ],
            [
              73.87499898450002,
              18.4250002623
            ]
          ]
        ]
      }
    },
    {
      "type": "Feature",
      "id": "cell-27-17",
      "properties": {
        "population": 1379.632,
        "density": 1612.427,
        "cell_area_sqkm": 0.855625,
        "row": 27,
        "col": 17,
        "source": "WorldPop"
      },
      "geometry": {
        "type": "Polygon",
        "coordinates": [
          [
            [
              73.88333231780003,
              18.4250002623
            ],
            [
              73.88333231780003,
              18.4333335956
            ],
            [
              73.87499898450002,
              18.4333335956
            ],
            [
              73.87499898450002,
              18.4250002623
            ],
            [
              73.88333231780003,
              18.4250002623
            ]
          ]
        ]
      }
    },
    {
      "type": "Feature",
      "id": "cell-27-18",
      "properties": {
        "population": 697.465,
        "density": 815.153,
        "cell_area_sqkm": 0.855625,
        "row": 27,
        "col": 18,
        "source": "WorldPop"
      },
      "geometry": {
        "type": "Polygon",
        "coordinates": [
          [
            [
              73.89166565110003,
              18.4250002623
            ],
            [
              73.89166565110003,
              18.4333335956
            ],
            [
              73.88333231780003,
              18.4333335956
            ],
            [
              73.88333231780003,
              18.4250002623
            ],
            [
              73.89166565110003,
              18.4250002623
            ]
          ]
        ]
      }
    },
    {
      "type": "Feature",
      "id": "cell-27-19",
      "properties": {
        "population": 2757.832,
        "density": 3223.178,
        "cell_area_sqkm": 0.855625,
        "row": 27,
        "col": 19,
        "source": "WorldPop"
      },
      "geometry": {
        "type": "Polygon",
        "coordinates": [
          [
            [
              73.89999898440003,
              18.4250002623
            ],
            [
              73.89999898440003,
              18.4333335956
            ],
            [
              73.89166565110003,
              18.4333335956
            ],
            [
              73.89166565110003,
              18.4250002623
            ],
            [
              73.89999898440003,
              18.4250002623
            ]
          ]
        ]
      }
    },
    {
      "type": "Feature",
      "id": "cell-27-20",
      "properties": {
        "population": 1481.969,
        "density": 1732.031,
        "cell_area_sqkm": 0.855625,
        "row": 27,
        "col": 20,
        "source": "WorldPop"
      },
      "geometry": {
        "type": "Polygon",
        "coordinates": [
          [
            [
              73.90833231770003,
              18.4250002623
            ],
            [
              73.90833231770003,
              18.4333335956
            ],
            [
              73.89999898440003,
              18.4333335956
            ],
            [
              73.89999898440003,
              18.4250002623
            ],
            [
              73.90833231770003,
              18.4250002623
            ]
          ]
        ]
      }
    },
    {
      "type": "Feature",
      "id": "cell-27-21",
      "properties": {
        "population": 581.553,
        "density": 679.682,
        "cell_area_sqkm": 0.855625,
        "row": 27,
        "col": 21,
        "source": "WorldPop"
      },
      "geometry": {
        "type": "Polygon",
        "coordinates": [
          [
            [
              73.91666565100003,
              18.4250002623
            ],
            [
              73.91666565100003,
              18.4333335956
            ],
            [
              73.90833231770003,
              18.4333335956
            ],
            [
              73.90833231770003,
              18.4250002623
            ],
            [
              73.91666565100003,
              18.4250002623
            ]
          ]
        ]
      }
    },
    {
      "type": "Feature",
      "id": "cell-27-22",
      "properties": {
        "population": 675.599,
        "density": 789.597,
        "cell_area_sqkm": 0.855625,
        "row": 27,
        "col": 22,
        "source": "WorldPop"
      },
      "geometry": {
        "type": "Polygon",
        "coordinates": [
          [
            [
              73.92499898430003,
              18.4250002623
            ],
            [
              73.92499898430003,
              18.4333335956
            ],
            [
              73.91666565100003,
              18.4333335956
            ],
            [
              73.91666565100003,
              18.4250002623
            ],
            [
              73.92499898430003,
              18.4250002623
            ]
          ]
        ]
      }
    },
    {
      "type": "Feature",
      "id": "cell-27-23",
      "properties": {
        "population": 531.734,
        "density": 621.456,
        "cell_area_sqkm": 0.855625,
        "row": 27,
        "col": 23,
        "source": "WorldPop"
      },
      "geometry": {
        "type": "Polygon",
        "coordinates": [
          [
            [
              73.93333231760003,
              18.4250002623
            ],
            [
              73.93333231760003,
              18.4333335956
            ],
            [
              73.92499898430003,
              18.4333335956
            ],
            [
              73.92499898430003,
              18.4250002623
            ],
            [
              73.93333231760003,
              18.4250002623
            ]
          ]
        ]
      }
    },
    {
      "type": "Feature",
      "id": "cell-27-24",
      "properties": {
        "population": 884.803,
        "density": 1034.101,
        "cell_area_sqkm": 0.855625,
        "row": 27,
        "col": 24,
        "source": "WorldPop"
      },
      "geometry": {
        "type": "Polygon",
        "coordinates": [
          [
            [
              73.94166565090003,
              18.4250002623
            ],
            [
              73.94166565090003,
              18.4333335956
            ],
            [
              73.93333231760003,
              18.4333335956
            ],
            [
              73.93333231760003,
              18.4250002623
            ],
            [
              73.94166565090003,
              18.4250002623
            ]
          ]
        ]
      }
    },
    {
      "type": "Feature",
      "id": "cell-27-25",
      "properties": {
        "population": 559.178,
        "density": 653.532,
        "cell_area_sqkm": 0.855625,
        "row": 27,
        "col": 25,
        "source": "WorldPop"
      },
      "geometry": {
        "type": "Polygon",
        "coordinates": [
          [
            [
              73.94999898420004,
              18.4250002623
            ],
            [
              73.94999898420004,
              18.4333335956
            ],
            [
              73.94166565090003,
              18.4333335956
            ],
            [
              73.94166565090003,
              18.4250002623
            ],
            [
              73.94999898420004,
              18.4250002623
            ]
          ]
        ]
      }
    },
    {
      "type": "Feature",
      "id": "cell-27-26",
      "properties": {
        "population": 350.215,
        "density": 409.309,
        "cell_area_sqkm": 0.855625,
        "row": 27,
        "col": 26,
        "source": "WorldPop"
      },
      "geometry": {
        "type": "Polygon",
        "coordinates": [
          [
            [
              73.95833231750004,
              18.4250002623
            ],
            [
              73.95833231750004,
              18.4333335956
            ],
            [
              73.94999898420004,
              18.4333335956
            ],
            [
              73.94999898420004,
              18.4250002623
            ],
            [
              73.95833231750004,
              18.4250002623
            ]
          ]
        ]
      }
    },
    {
      "type": "Feature",
      "id": "cell-27-27",
      "properties": {
        "population": 261.167,
        "density": 305.235,
        "cell_area_sqkm": 0.855625,
        "row": 27,
        "col": 27,
        "source": "WorldPop"
      },
      "geometry": {
        "type": "Polygon",
        "coordinates": [
          [
            [
              73.96666565080002,
              18.4250002623
            ],
            [
              73.96666565080002,
              18.4333335956
            ],
            [
              73.95833231750004,
              18.4333335956
            ],
            [
              73.95833231750004,
              18.4250002623
            ],
            [
              73.96666565080002,
              18.4250002623
            ]
          ]
        ]
      }
    },
    {
      "type": "Feature",
      "id": "cell-27-28",
      "properties": {
        "population": 1373.755,
        "density": 1605.558,
        "cell_area_sqkm": 0.855625,
        "row": 27,
        "col": 28,
        "source": "WorldPop"
      },
      "geometry": {
        "type": "Polygon",
        "coordinates": [
          [
            [
              73.97499898410003,
              18.4250002623
            ],
            [
              73.97499898410003,
              18.4333335956
            ],
            [
              73.96666565080002,
              18.4333335956
            ],
            [
              73.96666565080002,
              18.4250002623
            ],
            [
              73.97499898410003,
              18.4250002623
            ]
          ]
        ]
      }
    },
    {
      "type": "Feature",
      "id": "cell-27-29",
      "properties": {
        "population": 3382.581,
        "density": 3953.345,
        "cell_area_sqkm": 0.855625,
        "row": 27,
        "col": 29,
        "source": "WorldPop"
      },
      "geometry": {
        "type": "Polygon",
        "coordinates": [
          [
            [
              73.98333231740003,
              18.4250002623
            ],
            [
              73.98333231740003,
              18.4333335956
            ],
            [
              73.97499898410003,
              18.4333335956
            ],
            [
              73.97499898410003,
              18.4250002623
            ],
            [
              73.98333231740003,
              18.4250002623
            ]
          ]
        ]
      }
    },
    {
      "type": "Feature",
      "id": "cell-27-30",
      "properties": {
        "population": 1708.749,
        "density": 1997.077,
        "cell_area_sqkm": 0.855625,
        "row": 27,
        "col": 30,
        "source": "WorldPop"
      },
      "geometry": {
        "type": "Polygon",
        "coordinates": [
          [
            [
              73.99166565070003,
              18.4250002623
            ],
            [
              73.99166565070003,
              18.4333335956
            ],
            [
              73.98333231740003,
              18.4333335956
            ],
            [
              73.98333231740003,
              18.4250002623
            ],
            [
              73.99166565070003,
              18.4250002623
            ]
          ]
        ]
      }
    },
    {
      "type": "Feature",
      "id": "cell-28-0",
      "properties": {
        "population": 1178.013,
        "density": 1376.787,
        "cell_area_sqkm": 0.855625,
        "row": 28,
        "col": 0,
        "source": "WorldPop"
      },
      "geometry": {
        "type": "Polygon",
        "coordinates": [
          [
            [
              73.74166565170003,
              18.416666929
            ],
            [
              73.74166565170003,
              18.4250002623
            ],
            [
              73.73333231840003,
              18.4250002623
            ],
            [
              73.73333231840003,
              18.416666929
            ],
            [
              73.74166565170003,
              18.416666929
            ]
          ]
        ]
      }
    },
    {
      "type": "Feature",
      "id": "cell-28-1",
      "properties": {
        "population": 93.441,
        "density": 109.208,
        "cell_area_sqkm": 0.855625,
        "row": 28,
        "col": 1,
        "source": "WorldPop"
      },
      "geometry": {
        "type": "Polygon",
        "coordinates": [
          [
            [
              73.74999898500003,
              18.416666929
            ],
            [
              73.74999898500003,
              18.4250002623
            ],
            [
              73.74166565170003,
              18.4250002623
            ],
            [
              73.74166565170003,
              18.416666929
            ],
            [
              73.74999898500003,
              18.416666929
            ]
          ]
        ]
      }
    },
    {
      "type": "Feature",
      "id": "cell-28-2",
      "properties": {
        "population": 1877.666,
        "density": 2194.496,
        "cell_area_sqkm": 0.855625,
        "row": 28,
        "col": 2,
        "source": "WorldPop"
      },
      "geometry": {
        "type": "Polygon",
        "coordinates": [
          [
            [
              73.75833231830003,
              18.416666929
            ],
            [
              73.75833231830003,
              18.4250002623
            ],
            [
              73.74999898500003,
              18.4250002623
            ],
            [
              73.74999898500003,
              18.416666929
            ],
            [
              73.75833231830003,
              18.416666929
            ]
          ]
        ]
      }
    },
    {
      "type": "Feature",
      "id": "cell-28-3",
      "properties": {
        "population": 1900.238,
        "density": 2220.877,
        "cell_area_sqkm": 0.855625,
        "row": 28,
        "col": 3,
        "source": "WorldPop"
      },
      "geometry": {
        "type": "Polygon",
        "coordinates": [
          [
            [
              73.76666565160004,
              18.416666929
            ],
            [
              73.76666565160004,
              18.4250002623
            ],
            [
              73.75833231830003,
              18.4250002623
            ],
            [
              73.75833231830003,
              18.416666929
            ],
            [
              73.76666565160004,
              18.416666929
            ]
          ]
        ]
      }
    },
    {
      "type": "Feature",
      "id": "cell-28-4",
      "properties": {
        "population": 1667.797,
        "density": 1949.214,
        "cell_area_sqkm": 0.855625,
        "row": 28,
        "col": 4,
        "source": "WorldPop"
      },
      "geometry": {
        "type": "Polygon",
        "coordinates": [
          [
            [
              73.77499898490004,
              18.416666929
            ],
            [
              73.77499898490004,
              18.4250002623
            ],
            [
              73.76666565160004,
              18.4250002623
            ],
            [
              73.76666565160004,
              18.416666929
            ],
            [
              73.77499898490004,
              18.416666929
            ]
          ]
        ]
      }
    },
    {
      "type": "Feature",
      "id": "cell-28-5",
      "properties": {
        "population": 273.695,
        "density": 319.877,
        "cell_area_sqkm": 0.855625,
        "row": 28,
        "col": 5,
        "source": "WorldPop"
      },
      "geometry": {
        "type": "Polygon",
        "coordinates": [
          [
            [
              73.78333231820002,
              18.416666929
            ],
            [
              73.78333231820002,
              18.4250002623
            ],
            [
              73.77499898490004,
              18.4250002623
            ],
            [
              73.77499898490004,
              18.416666929
            ],
            [
              73.78333231820002,
              18.416666929
            ]
          ]
        ]
      }
    },
    {
      "type": "Feature",
      "id": "cell-28-6",
      "properties": {
        "population": 140.935,
        "density": 164.716,
        "cell_area_sqkm": 0.855625,
        "row": 28,
        "col": 6,
        "source": "WorldPop"
      },
      "geometry": {
        "type": "Polygon",
        "coordinates": [
          [
            [
              73.79166565150003,
              18.416666929
            ],
            [
              73.79166565150003,
              18.4250002623
            ],
            [
              73.78333231820002,
              18.4250002623
            ],
            [
              73.78333231820002,
              18.416666929
            ],
            [
              73.79166565150003,
              18.416666929
            ]
          ]
        ]
      }
    },
    {
      "type": "Feature",
      "id": "cell-28-7",
      "properties": {
        "population": 251.152,
        "density": 293.53,
        "cell_area_sqkm": 0.855625,
        "row": 28,
        "col": 7,
        "source": "WorldPop"
      },
      "geometry": {
        "type": "Polygon",
        "coordinates": [
          [
            [
              73.79999898480003,
              18.416666929
            ],
            [
              73.79999898480003,
              18.4250002623
            ],
            [
              73.79166565150003,
              18.4250002623
            ],
            [
              73.79166565150003,
              18.416666929
            ],
            [
              73.79999898480003,
              18.416666929
            ]
          ]
        ]
      }
    },
    {
      "type": "Feature",
      "id": "cell-28-8",
      "properties": {
        "population": 875.095,
        "density": 1022.756,
        "cell_area_sqkm": 0.855625,
        "row": 28,
        "col": 8,
        "source": "WorldPop"
      },
      "geometry": {
        "type": "Polygon",
        "coordinates": [
          [
            [
              73.80833231810003,
              18.416666929
            ],
            [
              73.80833231810003,
              18.4250002623
            ],
            [
              73.79999898480003,
              18.4250002623
            ],
            [
              73.79999898480003,
              18.416666929
            ],
            [
              73.80833231810003,
              18.416666929
            ]
          ]
        ]
      }
    },
    {
      "type": "Feature",
      "id": "cell-28-9",
      "properties": {
        "population": 243.11,
        "density": 284.131,
        "cell_area_sqkm": 0.855625,
        "row": 28,
        "col": 9,
        "source": "WorldPop"
      },
      "geometry": {
        "type": "Polygon",
        "coordinates": [
          [
            [
              73.81666565140003,
              18.416666929
            ],
            [
              73.81666565140003,
              18.4250002623
            ],
            [
              73.80833231810003,
              18.4250002623
            ],
            [
              73.80833231810003,
              18.416666929
            ],
            [
              73.81666565140003,
              18.416666929
            ]
          ]
        ]
      }
    },
    {
      "type": "Feature",
      "id": "cell-28-10",
      "properties": {
        "population": 285.244,
        "density": 333.375,
        "cell_area_sqkm": 0.855625,
        "row": 28,
        "col": 10,
        "source": "WorldPop"
      },
      "geometry": {
        "type": "Polygon",
        "coordinates": [
          [
            [
              73.82499898470003,
              18.416666929
            ],
            [
              73.82499898470003,
              18.4250002623
            ],
            [
              73.81666565140003,
              18.4250002623
            ],
            [
              73.81666565140003,
              18.416666929
            ],
            [
              73.82499898470003,
              18.416666929
            ]
          ]
        ]
      }
    },
    {
      "type": "Feature",
      "id": "cell-28-11",
      "properties": {
        "population": 496.347,
        "density": 580.099,
        "cell_area_sqkm": 0.855625,
        "row": 28,
        "col": 11,
        "source": "WorldPop"
      },
      "geometry": {
        "type": "Polygon",
        "coordinates": [
          [
            [
              73.83333231800003,
              18.416666929
            ],
            [
              73.83333231800003,
              18.4250002623
            ],
            [
              73.82499898470003,
              18.4250002623
            ],
            [
              73.82499898470003,
              18.416666929
            ],
            [
              73.83333231800003,
              18.416666929
            ]
          ]
        ]
      }
    },
    {
      "type": "Feature",
      "id": "cell-28-12",
      "properties": {
        "population": 875.664,
        "density": 1023.42,
        "cell_area_sqkm": 0.855625,
        "row": 28,
        "col": 12,
        "source": "WorldPop"
      },
      "geometry": {
        "type": "Polygon",
        "coordinates": [
          [
            [
              73.84166565130003,
              18.416666929
            ],
            [
              73.84166565130003,
              18.4250002623
            ],
            [
              73.83333231800003,
              18.4250002623
            ],
            [
              73.83333231800003,
              18.416666929
            ],
            [
              73.84166565130003,
              18.416666929
            ]
          ]
        ]
      }
    },
    {
      "type": "Feature",
      "id": "cell-28-13",
      "properties": {
        "population": 512.887,
        "density": 599.43,
        "cell_area_sqkm": 0.855625,
        "row": 28,
        "col": 13,
        "source": "WorldPop"
      },
      "geometry": {
        "type": "Polygon",
        "coordinates": [
          [
            [
              73.84999898460003,
              18.416666929
            ],
            [
              73.84999898460003,
              18.4250002623
            ],
            [
              73.84166565130003,
              18.4250002623
            ],
            [
              73.84166565130003,
              18.416666929
            ],
            [
              73.84999898460003,
              18.416666929
            ]
          ]
        ]
      }
    },
    {
      "type": "Feature",
      "id": "cell-28-14",
      "properties": {
        "population": 1543.926,
        "density": 1804.442,
        "cell_area_sqkm": 0.855625,
        "row": 28,
        "col": 14,
        "source": "WorldPop"
      },
      "geometry": {
        "type": "Polygon",
        "coordinates": [
          [
            [
              73.85833231790004,
              18.416666929
            ],
            [
              73.85833231790004,
              18.4250002623
            ],
            [
              73.84999898460003,
              18.4250002623
            ],
            [
              73.84999898460003,
              18.416666929
            ],
            [
              73.85833231790004,
              18.416666929
            ]
          ]
        ]
      }
    },
    {
      "type": "Feature",
      "id": "cell-28-15",
      "properties": {
        "population": 2418.958,
        "density": 2827.125,
        "cell_area_sqkm": 0.855625,
        "row": 28,
        "col": 15,
        "source": "WorldPop"
      },
      "geometry": {
        "type": "Polygon",
        "coordinates": [
          [
            [
              73.86666565120004,
              18.416666929
            ],
            [
              73.86666565120004,
              18.4250002623
            ],
            [
              73.85833231790004,
              18.4250002623
            ],
            [
              73.85833231790004,
              18.416666929
            ],
            [
              73.86666565120004,
              18.416666929
            ]
          ]
        ]
      }
    },
    {
      "type": "Feature",
      "id": "cell-28-16",
      "properties": {
        "population": 386.229,
        "density": 451.4,
        "cell_area_sqkm": 0.855625,
        "row": 28,
        "col": 16,
        "source": "WorldPop"
      },
      "geometry": {
        "type": "Polygon",
        "coordinates": [
          [
            [
              73.87499898450002,
              18.416666929
            ],
            [
              73.87499898450002,
              18.4250002623
            ],
            [
              73.86666565120004,
              18.4250002623
            ],
            [
              73.86666565120004,
              18.416666929
            ],
            [
              73.87499898450002,
              18.416666929
            ]
          ]
        ]
      }
    },
    {
      "type": "Feature",
      "id": "cell-28-17",
      "properties": {
        "population": 1071.806,
        "density": 1252.658,
        "cell_area_sqkm": 0.855625,
        "row": 28,
        "col": 17,
        "source": "WorldPop"
      },
      "geometry": {
        "type": "Polygon",
        "coordinates": [
          [
            [
              73.88333231780003,
              18.416666929
            ],
            [
              73.88333231780003,
              18.4250002623
            ],
            [
              73.87499898450002,
              18.4250002623
            ],
            [
              73.87499898450002,
              18.416666929
            ],
            [
              73.88333231780003,
              18.416666929
            ]
          ]
        ]
      }
    },
    {
      "type": "Feature",
      "id": "cell-28-18",
      "properties": {
        "population": 50.063,
        "density": 58.511,
        "cell_area_sqkm": 0.855625,
        "row": 28,
        "col": 18,
        "source": "WorldPop"
      },
      "geometry": {
        "type": "Polygon",
        "coordinates": [
          [
            [
              73.89166565110003,
              18.416666929
            ],
            [
              73.89166565110003,
              18.4250002623
            ],
            [
              73.88333231780003,
              18.4250002623
            ],
            [
              73.88333231780003,
              18.416666929
            ],
            [
              73.89166565110003,
              18.416666929
            ]
          ]
        ]
      }
    },
    {
      "type": "Feature",
      "id": "cell-28-19",
      "properties": {
        "population": 626.531,
        "density": 732.25,
        "cell_area_sqkm": 0.855625,
        "row": 28,
        "col": 19,
        "source": "WorldPop"
      },
      "geometry": {
        "type": "Polygon",
        "coordinates": [
          [
            [
              73.89999898440003,
              18.416666929
            ],
            [
              73.89999898440003,
              18.4250002623
            ],
            [
              73.89166565110003,
              18.4250002623
            ],
            [
              73.89166565110003,
              18.416666929
            ],
            [
              73.89999898440003,
              18.416666929
            ]
          ]
        ]
      }
    },
    {
      "type": "Feature",
      "id": "cell-28-20",
      "properties": {
        "population": 1363.15,
        "density": 1593.163,
        "cell_area_sqkm": 0.855625,
        "row": 28,
        "col": 20,
        "source": "WorldPop"
      },
      "geometry": {
        "type": "Polygon",
        "coordinates": [
          [
            [
              73.90833231770003,
              18.416666929
            ],
            [
              73.90833231770003,
              18.4250002623
            ],
            [
              73.89999898440003,
              18.4250002623
            ],
            [
              73.89999898440003,
              18.416666929
            ],
            [
              73.90833231770003,
              18.416666929
            ]
          ]
        ]
      }
    },
    {
      "type": "Feature",
      "id": "cell-28-21",
      "properties": {
        "population": 140.695,
        "density": 164.436,
        "cell_area_sqkm": 0.855625,
        "row": 28,
        "col": 21,
        "source": "WorldPop"
      },
      "geometry": {
        "type": "Polygon",
        "coordinates": [
          [
            [
              73.91666565100003,
              18.416666929
            ],
            [
              73.91666565100003,
              18.4250002623
            ],
            [
              73.90833231770003,
              18.4250002623
            ],
            [
              73.90833231770003,
              18.416666929
            ],
            [
              73.91666565100003,
              18.416666929
            ]
          ]
        ]
      }
    },
    {
      "type": "Feature",
      "id": "cell-28-22",
      "properties": {
        "population": 195.279,
        "density": 228.229,
        "cell_area_sqkm": 0.855625,
        "row": 28,
        "col": 22,
        "source": "WorldPop"
      },
      "geometry": {
        "type": "Polygon",
        "coordinates": [
          [
            [
              73.92499898430003,
              18.416666929
            ],
            [
              73.92499898430003,
              18.4250002623
            ],
            [
              73.91666565100003,
              18.4250002623
            ],
            [
              73.91666565100003,
              18.416666929
            ],
            [
              73.92499898430003,
              18.416666929
            ]
          ]
        ]
      }
    },
    {
      "type": "Feature",
      "id": "cell-28-23",
      "properties": {
        "population": 355.489,
        "density": 415.473,
        "cell_area_sqkm": 0.855625,
        "row": 28,
        "col": 23,
        "source": "WorldPop"
      },
      "geometry": {
        "type": "Polygon",
        "coordinates": [
          [
            [
              73.93333231760003,
              18.416666929
            ],
            [
              73.93333231760003,
              18.4250002623
            ],
            [
              73.92499898430003,
              18.4250002623
            ],
            [
              73.92499898430003,
              18.416666929
            ],
            [
              73.93333231760003,
              18.416666929
            ]
          ]
        ]
      }
    },
    {
      "type": "Feature",
      "id": "cell-28-24",
      "properties": {
        "population": 166.703,
        "density": 194.831,
        "cell_area_sqkm": 0.855625,
        "row": 28,
        "col": 24,
        "source": "WorldPop"
      },
      "geometry": {
        "type": "Polygon",
        "coordinates": [
          [
            [
              73.94166565090003,
              18.416666929
            ],
            [
              73.94166565090003,
              18.4250002623
            ],
            [
              73.93333231760003,
              18.4250002623
            ],
            [
              73.93333231760003,
              18.416666929
            ],
            [
              73.94166565090003,
              18.416666929
            ]
          ]
        ]
      }
    },
    {
      "type": "Feature",
      "id": "cell-28-25",
      "properties": {
        "population": 93.566,
        "density": 109.354,
        "cell_area_sqkm": 0.855625,
        "row": 28,
        "col": 25,
        "source": "WorldPop"
      },
      "geometry": {
        "type": "Polygon",
        "coordinates": [
          [
            [
              73.94999898420004,
              18.416666929
            ],
            [
              73.94999898420004,
              18.4250002623
            ],
            [
              73.94166565090003,
              18.4250002623
            ],
            [
              73.94166565090003,
              18.416666929
            ],
            [
              73.94999898420004,
              18.416666929
            ]
          ]
        ]
      }
    },
    {
      "type": "Feature",
      "id": "cell-28-27",
      "properties": {
        "population": 390.993,
        "density": 456.968,
        "cell_area_sqkm": 0.855625,
        "row": 28,
        "col": 27,
        "source": "WorldPop"
      },
      "geometry": {
        "type": "Polygon",
        "coordinates": [
          [
            [
              73.96666565080002,
              18.416666929
            ],
            [
              73.96666565080002,
              18.4250002623
            ],
            [
              73.95833231750004,
              18.4250002623
            ],
            [
              73.95833231750004,
              18.416666929
            ],
            [
              73.96666565080002,
              18.416666929
            ]
          ]
        ]
      }
    },
    {
      "type": "Feature",
      "id": "cell-28-28",
      "properties": {
        "population": 785.244,
        "density": 917.743,
        "cell_area_sqkm": 0.855625,
        "row": 28,
        "col": 28,
        "source": "WorldPop"
      },
      "geometry": {
        "type": "Polygon",
        "coordinates": [
          [
            [
              73.97499898410003,
              18.416666929
            ],
            [
              73.97499898410003,
              18.4250002623
            ],
            [
              73.96666565080002,
              18.4250002623
            ],
            [
              73.96666565080002,
              18.416666929
            ],
            [
              73.97499898410003,
              18.416666929
            ]
          ]
        ]
      }
    },
    {
      "type": "Feature",
      "id": "cell-28-29",
      "properties": {
        "population": 2080.087,
        "density": 2431.073,
        "cell_area_sqkm": 0.855625,
        "row": 28,
        "col": 29,
        "source": "WorldPop"
      },
      "geometry": {
        "type": "Polygon",
        "coordinates": [
          [
            [
              73.98333231740003,
              18.416666929
            ],
            [
              73.98333231740003,
              18.4250002623
            ],
            [
              73.97499898410003,
              18.4250002623
            ],
            [
              73.97499898410003,
              18.416666929
            ],
            [
              73.98333231740003,
              18.416666929
            ]
          ]
        ]
      }
    },
    {
      "type": "Feature",
      "id": "cell-28-30",
      "properties": {
        "population": 709.239,
        "density": 828.913,
        "cell_area_sqkm": 0.855625,
        "row": 28,
        "col": 30,
        "source": "WorldPop"
      },
      "geometry": {
        "type": "Polygon",
        "coordinates": [
          [
            [
              73.99166565070003,
              18.416666929
            ],
            [
              73.99166565070003,
              18.4250002623
            ],
            [
              73.98333231740003,
              18.4250002623
            ],
            [
              73.98333231740003,
              18.416666929
            ],
            [
              73.99166565070003,
              18.416666929
            ]
          ]
        ]
      }
    }
  ]
}